
Copyright (C) 1994-2023 Synopsys, Inc.
This Synopsys software and all associated documentation are proprietary to Synopsys, Inc.
and may only be used pursuant to the terms and conditions of a written license agreement
with Synopsys, Inc. All other use, reproduction, modification, or distribution of the
Synopsys software or the associated documentation is strictly prohibited.
Tool: Synplify Pro (R)
Build: V-2023.09M-5
Install: /home/ahlemzenache/microchip/Libero_SoC_2025.1/Libero_SoC/Synplify_Pro
OS: Ubuntu 24.04.4 LTS
Hostname: IO-ALG-LT003
max virtual memory: unlimited (bytes)
max user processes: 53559
max stack size: 8388608 (bytes)


Implementation : synthesis
Synopsys HDL compiler and linker, Version comp202309synp1, Build 540R, Built Apr 29 2025 06:34:33, @6004905

Modified Files: 84
FID:  path (prevtimestamp, timestamp)
0        /home/ahlemzenache/Documents/polarfire-soc-video-kit-reference-design_READ_WRITE/VKPFSOC_JPEG_WRITE_READ/component/Actel/DirectCore/CoreAPB3/4.2.100/rtl/vlog/core/coreapb3.v (N/A, 2026-04-28 14:59:16)
1        /home/ahlemzenache/Documents/polarfire-soc-video-kit-reference-design_READ_WRITE/VKPFSOC_JPEG_WRITE_READ/component/Actel/DirectCore/CoreAPB3/4.2.100/rtl/vlog/core/coreapb3_iaddr_reg.v (N/A, 2026-04-28 14:59:16)
2        /home/ahlemzenache/Documents/polarfire-soc-video-kit-reference-design_READ_WRITE/VKPFSOC_JPEG_WRITE_READ/component/Actel/DirectCore/CoreAPB3/4.2.100/rtl/vlog/core/coreapb3_muxptob3.v (N/A, 2026-04-28 14:59:16)
3        /home/ahlemzenache/Documents/polarfire-soc-video-kit-reference-design_READ_WRITE/VKPFSOC_JPEG_WRITE_READ/component/Microchip/SolutionCore/DDR_AXI4_ARBITER_PF/2.2.0/RTL/AXI4_M_M_IF.v (N/A, 2026-04-28 14:59:19)
4        /home/ahlemzenache/Documents/polarfire-soc-video-kit-reference-design_READ_WRITE/VKPFSOC_JPEG_WRITE_READ/component/Microchip/SolutionCore/DDR_AXI4_ARBITER_PF/2.2.0/RTL/AXI4_S_IF.v (N/A, 2026-04-28 14:59:19)
5        /home/ahlemzenache/Documents/polarfire-soc-video-kit-reference-design_READ_WRITE/VKPFSOC_JPEG_WRITE_READ/component/Microchip/SolutionCore/DDR_AXI4_ARBITER_PF/2.2.0/RTL/DDR_AXI4_ARBITER_PF.v (N/A, 2026-04-28 14:59:19)
6        /home/ahlemzenache/Documents/polarfire-soc-video-kit-reference-design_READ_WRITE/VKPFSOC_JPEG_WRITE_READ/component/Microchip/SolutionCore/DDR_AXI4_ARBITER_PF/2.2.0/RTL/DDR_AXI4_ARBITER_PF_Native.v (N/A, 2026-04-28 14:59:19)
7        /home/ahlemzenache/Documents/polarfire-soc-video-kit-reference-design_READ_WRITE/VKPFSOC_JPEG_WRITE_READ/component/Microchip/SolutionCore/DDR_AXI4_ARBITER_PF/2.2.0/RTL/axi_lbus_LSRAM_top.v (N/A, 2026-04-28 14:59:19)
8        /home/ahlemzenache/Documents/polarfire-soc-video-kit-reference-design_READ_WRITE/VKPFSOC_JPEG_WRITE_READ/component/Microchip/SolutionCore/DDR_AXI4_ARBITER_PF/2.2.0/RTL/axi_lbus_corefifo_NstagesSync.v (N/A, 2026-04-28 14:59:19)
9        /home/ahlemzenache/Documents/polarfire-soc-video-kit-reference-design_READ_WRITE/VKPFSOC_JPEG_WRITE_READ/component/Microchip/SolutionCore/DDR_AXI4_ARBITER_PF/2.2.0/RTL/axi_lbus_corefifo_async.v (N/A, 2026-04-28 14:59:19)
10       /home/ahlemzenache/Documents/polarfire-soc-video-kit-reference-design_READ_WRITE/VKPFSOC_JPEG_WRITE_READ/component/Microchip/SolutionCore/DDR_AXI4_ARBITER_PF/2.2.0/RTL/axi_lbus_corefifo_fwft.v (N/A, 2026-04-28 14:59:19)
11       /home/ahlemzenache/Documents/polarfire-soc-video-kit-reference-design_READ_WRITE/VKPFSOC_JPEG_WRITE_READ/component/Microchip/SolutionCore/DDR_AXI4_ARBITER_PF/2.2.0/RTL/axi_lbus_corefifo_grayToBinConv.v (N/A, 2026-04-28 14:59:19)
12       /home/ahlemzenache/Documents/polarfire-soc-video-kit-reference-design_READ_WRITE/VKPFSOC_JPEG_WRITE_READ/component/Microchip/SolutionCore/DDR_AXI4_ARBITER_PF/2.2.0/RTL/axi_lbus_corefifo_resetSync.v (N/A, 2026-04-28 14:59:19)
13       /home/ahlemzenache/Documents/polarfire-soc-video-kit-reference-design_READ_WRITE/VKPFSOC_JPEG_WRITE_READ/component/Microchip/SolutionCore/DDR_AXI4_ARBITER_PF/2.2.0/RTL/axi_lbus_corefifo_sync.v (N/A, 2026-04-28 14:59:19)
14       /home/ahlemzenache/Documents/polarfire-soc-video-kit-reference-design_READ_WRITE/VKPFSOC_JPEG_WRITE_READ/component/Microchip/SolutionCore/DDR_AXI4_ARBITER_PF/2.2.0/RTL/axi_lbus_corefifo_sync_scntr.v (N/A, 2026-04-28 14:59:19)
15       /home/ahlemzenache/Documents/polarfire-soc-video-kit-reference-design_READ_WRITE/VKPFSOC_JPEG_WRITE_READ/component/Microchip/SolutionCore/DDR_AXI4_ARBITER_PF/2.2.0/RTL/axi_lbus_ram_wrapper.v (N/A, 2026-04-28 14:59:19)
16       /home/ahlemzenache/Documents/polarfire-soc-video-kit-reference-design_READ_WRITE/VKPFSOC_JPEG_WRITE_READ/component/Microchip/SolutionCore/DDR_AXI4_ARBITER_PF/2.2.0/RTL/ddr_rw_arbiter.v (N/A, 2026-04-28 14:59:19)
17       /home/ahlemzenache/Documents/polarfire-soc-video-kit-reference-design_READ_WRITE/VKPFSOC_JPEG_WRITE_READ/component/Microchip/SolutionCore/DDR_AXI4_ARBITER_PF/2.2.0/RTL/read_demux.vhd (N/A, 2026-04-28 14:59:19)
18       /home/ahlemzenache/Documents/polarfire-soc-video-kit-reference-design_READ_WRITE/VKPFSOC_JPEG_WRITE_READ/component/Microchip/SolutionCore/DDR_AXI4_ARBITER_PF/2.2.0/RTL/read_mux.vhd (N/A, 2026-04-28 14:59:19)
19       /home/ahlemzenache/Documents/polarfire-soc-video-kit-reference-design_READ_WRITE/VKPFSOC_JPEG_WRITE_READ/component/Microchip/SolutionCore/DDR_AXI4_ARBITER_PF/2.2.0/RTL/read_top.v (N/A, 2026-04-28 14:59:19)
20       /home/ahlemzenache/Documents/polarfire-soc-video-kit-reference-design_READ_WRITE/VKPFSOC_JPEG_WRITE_READ/component/Microchip/SolutionCore/DDR_AXI4_ARBITER_PF/2.2.0/RTL/request_scheduler.vhd (N/A, 2026-04-28 14:59:19)
21       /home/ahlemzenache/Documents/polarfire-soc-video-kit-reference-design_READ_WRITE/VKPFSOC_JPEG_WRITE_READ/component/Microchip/SolutionCore/DDR_AXI4_ARBITER_PF/2.2.0/RTL/video_axi_fifo.v (N/A, 2026-04-28 14:59:19)
22       /home/ahlemzenache/Documents/polarfire-soc-video-kit-reference-design_READ_WRITE/VKPFSOC_JPEG_WRITE_READ/component/Microchip/SolutionCore/DDR_AXI4_ARBITER_PF/2.2.0/RTL/write_demux.vhd (N/A, 2026-04-28 14:59:19)
23       /home/ahlemzenache/Documents/polarfire-soc-video-kit-reference-design_READ_WRITE/VKPFSOC_JPEG_WRITE_READ/component/Microchip/SolutionCore/DDR_AXI4_ARBITER_PF/2.2.0/RTL/write_mux.vhd (N/A, 2026-04-28 14:59:19)
24       /home/ahlemzenache/Documents/polarfire-soc-video-kit-reference-design_READ_WRITE/VKPFSOC_JPEG_WRITE_READ/component/Microchip/SolutionCore/DDR_AXI4_ARBITER_PF/2.2.0/RTL/write_top.v (N/A, 2026-04-28 14:59:19)
25       /home/ahlemzenache/Documents/polarfire-soc-video-kit-reference-design_READ_WRITE/VKPFSOC_JPEG_WRITE_READ/component/Microchip/SolutionCore/DDR_Read/1.2.0/RTL/AXI4S_ddr_read_initiator_IF.v (N/A, 2026-04-28 15:52:07)
26       /home/ahlemzenache/Documents/polarfire-soc-video-kit-reference-design_READ_WRITE/VKPFSOC_JPEG_WRITE_READ/component/Microchip/SolutionCore/DDR_Read/1.2.0/RTL/Arbiter_Initiator_Rd_IF.v (N/A, 2026-04-28 15:52:07)
27       /home/ahlemzenache/Documents/polarfire-soc-video-kit-reference-design_READ_WRITE/VKPFSOC_JPEG_WRITE_READ/component/Microchip/SolutionCore/DDR_Read/1.2.0/RTL/DDR_Read.v (N/A, 2026-04-28 15:52:07)
28       /home/ahlemzenache/Documents/polarfire-soc-video-kit-reference-design_READ_WRITE/VKPFSOC_JPEG_WRITE_READ/component/Microchip/SolutionCore/DDR_Read/1.2.0/RTL/DDR_Read_Native.v (N/A, 2026-04-28 15:52:07)
29       /home/ahlemzenache/Documents/polarfire-soc-video-kit-reference-design_READ_WRITE/VKPFSOC_JPEG_WRITE_READ/component/Microchip/SolutionCore/DDR_Read/1.2.0/RTL/DDR_read_controller.v (N/A, 2026-04-28 15:52:07)
30       /home/ahlemzenache/Documents/polarfire-soc-video-kit-reference-design_READ_WRITE/VKPFSOC_JPEG_WRITE_READ/component/Microchip/SolutionCore/DDR_Read/1.2.0/RTL/data_unpacker.v (N/A, 2026-04-28 15:52:07)
31       /home/ahlemzenache/Documents/polarfire-soc-video-kit-reference-design_READ_WRITE/VKPFSOC_JPEG_WRITE_READ/component/Microchip/SolutionCore/DDR_Read/1.2.0/RTL/ram2port_ddr_read.v (N/A, 2026-04-28 15:52:07)
32       /home/ahlemzenache/Documents/polarfire-soc-video-kit-reference-design_READ_WRITE/VKPFSOC_JPEG_WRITE_READ/component/Microchip/SolutionCore/DDR_Read/1.2.0/RTL/synchronizer_circuit_ddr_read.v (N/A, 2026-04-28 15:52:07)
33       /home/ahlemzenache/Documents/polarfire-soc-video-kit-reference-design_READ_WRITE/VKPFSOC_JPEG_WRITE_READ/component/Microchip/SolutionCore/DDR_Read/1.2.0/RTL/video_fifo_ddr_read.v (N/A, 2026-04-28 15:52:07)
34       /home/ahlemzenache/Documents/polarfire-soc-video-kit-reference-design_READ_WRITE/VKPFSOC_JPEG_WRITE_READ/component/syn_comps.v (N/A, 2026-05-03 09:04:16)
35       /home/ahlemzenache/Documents/polarfire-soc-video-kit-reference-design_READ_WRITE/VKPFSOC_JPEG_WRITE_READ/component/work/CLOCKS_AND_RESETS/CLOCKS_AND_RESETS.v (N/A, 2026-04-28 14:59:15)
36       /home/ahlemzenache/Documents/polarfire-soc-video-kit-reference-design_READ_WRITE/VKPFSOC_JPEG_WRITE_READ/component/work/CORERESET/CORERESET.v (N/A, 2026-04-28 14:59:08)
37       /home/ahlemzenache/Documents/polarfire-soc-video-kit-reference-design_READ_WRITE/VKPFSOC_JPEG_WRITE_READ/component/work/CORERESET/CORERESET_0/core/corereset_pf.v (N/A, 2026-04-28 14:59:08)
38       /home/ahlemzenache/Documents/polarfire-soc-video-kit-reference-design_READ_WRITE/VKPFSOC_JPEG_WRITE_READ/component/work/CORERESET_PF_C5/CORERESET_PF_C5.v (N/A, 2026-04-28 14:59:08)
39       /home/ahlemzenache/Documents/polarfire-soc-video-kit-reference-design_READ_WRITE/VKPFSOC_JPEG_WRITE_READ/component/work/CORERESET_PF_C5/CORERESET_PF_C5_0/core/corereset_pf.v (N/A, 2026-04-28 14:59:08)
40       /home/ahlemzenache/Documents/polarfire-soc-video-kit-reference-design_READ_WRITE/VKPFSOC_JPEG_WRITE_READ/component/work/CoreAPB3_C0/CoreAPB3_C0.v (N/A, 2026-04-28 14:59:16)
41       /home/ahlemzenache/Documents/polarfire-soc-video-kit-reference-design_READ_WRITE/VKPFSOC_JPEG_WRITE_READ/component/work/DDR_AXI4_ARBITER_PF_C0/DDR_AXI4_ARBITER_PF_C0.v (N/A, 2026-04-28 14:59:19)
42       /home/ahlemzenache/Documents/polarfire-soc-video-kit-reference-design_READ_WRITE/VKPFSOC_JPEG_WRITE_READ/component/work/DDR_Read_C0/DDR_Read_C0.v (N/A, 2026-04-28 15:52:07)
43       /home/ahlemzenache/Documents/polarfire-soc-video-kit-reference-design_READ_WRITE/VKPFSOC_JPEG_WRITE_READ/component/work/DDR_WRITE_JPEG/DDR_WRITE_JPEG.v (N/A, 2026-04-28 14:59:25)
44       /home/ahlemzenache/Documents/polarfire-soc-video-kit-reference-design_READ_WRITE/VKPFSOC_JPEG_WRITE_READ/component/work/FIC_CONVERTER/FIC_CONVERTER.v (N/A, 2026-04-28 14:59:18)
45       /home/ahlemzenache/Documents/polarfire-soc-video-kit-reference-design_READ_WRITE/VKPFSOC_JPEG_WRITE_READ/component/work/INIT_MONITOR/INIT_MONITOR.v (N/A, 2026-04-28 14:59:09)
46       /home/ahlemzenache/Documents/polarfire-soc-video-kit-reference-design_READ_WRITE/VKPFSOC_JPEG_WRITE_READ/component/work/INIT_MONITOR/INIT_MONITOR_0/INIT_MONITOR_INIT_MONITOR_0_PFSOC_INIT_MONITOR.v (N/A, 2026-04-28 14:59:09)
47       /home/ahlemzenache/Documents/polarfire-soc-video-kit-reference-design_READ_WRITE/VKPFSOC_JPEG_WRITE_READ/component/work/MSS_VIDEO_KIT_H264/MSS_BYP_NOBYP_BYP_BYP_BYP_syn_comps.v (N/A, 2026-04-28 14:59:05)
48       /home/ahlemzenache/Documents/polarfire-soc-video-kit-reference-design_READ_WRITE/VKPFSOC_JPEG_WRITE_READ/component/work/MSS_VIDEO_KIT_H264/MSS_VIDEO_KIT_H264.v (N/A, 2026-04-28 14:59:05)
49       /home/ahlemzenache/Documents/polarfire-soc-video-kit-reference-design_READ_WRITE/VKPFSOC_JPEG_WRITE_READ/component/work/PF_CCC_C0/PF_CCC_C0.v (N/A, 2026-04-28 14:59:10)
50       /home/ahlemzenache/Documents/polarfire-soc-video-kit-reference-design_READ_WRITE/VKPFSOC_JPEG_WRITE_READ/component/work/PF_CCC_C0/PF_CCC_C0_0/PF_CCC_C0_PF_CCC_C0_0_PF_CCC.v (N/A, 2026-04-28 14:59:10)
51       /home/ahlemzenache/Documents/polarfire-soc-video-kit-reference-design_READ_WRITE/VKPFSOC_JPEG_WRITE_READ/component/work/PF_CLK_DIV_C0/PF_CLK_DIV_C0.v (N/A, 2026-04-28 14:59:11)
52       /home/ahlemzenache/Documents/polarfire-soc-video-kit-reference-design_READ_WRITE/VKPFSOC_JPEG_WRITE_READ/component/work/PF_CLK_DIV_C0/PF_CLK_DIV_C0_0/PF_CLK_DIV_C0_PF_CLK_DIV_C0_0_PF_CLK_DIV.v (N/A, 2026-04-28 14:59:11)
53       /home/ahlemzenache/Documents/polarfire-soc-video-kit-reference-design_READ_WRITE/VKPFSOC_JPEG_WRITE_READ/component/work/PF_OSC_C0/PF_OSC_C0.v (N/A, 2026-04-28 14:59:11)
54       /home/ahlemzenache/Documents/polarfire-soc-video-kit-reference-design_READ_WRITE/VKPFSOC_JPEG_WRITE_READ/component/work/PF_OSC_C0/PF_OSC_C0_0/PF_OSC_C0_PF_OSC_C0_0_PF_OSC.v (N/A, 2026-04-28 14:59:11)
55       /home/ahlemzenache/Documents/polarfire-soc-video-kit-reference-design_READ_WRITE/VKPFSOC_JPEG_WRITE_READ/component/work/PF_XCVR_REF_CLK_C0/PF_XCVR_REF_CLK_C0.v (N/A, 2026-04-28 14:59:12)
56       /home/ahlemzenache/Documents/polarfire-soc-video-kit-reference-design_READ_WRITE/VKPFSOC_JPEG_WRITE_READ/component/work/PF_XCVR_REF_CLK_C0/PF_XCVR_REF_CLK_C0_0/PF_XCVR_REF_CLK_C0_PF_XCVR_REF_CLK_C0_0_PF_XCVR_REF_CLK.v (N/A, 2026-04-28 14:59:12)
57       /home/ahlemzenache/Documents/polarfire-soc-video-kit-reference-design_READ_WRITE/VKPFSOC_JPEG_WRITE_READ/component/work/VKPFSOC_TOP/VKPFSOC_TOP.v (N/A, 2026-04-28 15:17:39)
58       /home/ahlemzenache/Documents/polarfire-soc-video-kit-reference-design_READ_WRITE/VKPFSOC_JPEG_WRITE_READ/component/work/top_ddr_write_read/top_ddr_write_read.v (N/A, 2026-04-28 14:59:32)
59       /home/ahlemzenache/Documents/polarfire-soc-video-kit-reference-design_READ_WRITE/VKPFSOC_JPEG_WRITE_READ/hdl/data_packer.vhd (N/A, 2026-04-28 14:59:05)
60       /home/ahlemzenache/Documents/polarfire-soc-video-kit-reference-design_READ_WRITE/VKPFSOC_JPEG_WRITE_READ/hdl/ddr_write_controller_enc.v (N/A, 2026-04-28 14:59:06)
61       /home/ahlemzenache/Documents/polarfire-soc-video-kit-reference-design_READ_WRITE/VKPFSOC_JPEG_WRITE_READ/hdl/jpeg_top.v (N/A, 2026-04-28 14:59:06)
62       /home/ahlemzenache/Documents/polarfire-soc-video-kit-reference-design_READ_WRITE/VKPFSOC_JPEG_WRITE_READ/hdl/ram2port.vhd (N/A, 2026-04-28 14:59:06)
63       /home/ahlemzenache/Documents/polarfire-soc-video-kit-reference-design_READ_WRITE/VKPFSOC_JPEG_WRITE_READ/hdl/video_fifo.vhd (N/A, 2026-04-28 14:59:06)
64       /home/ahlemzenache/Documents/polarfire-soc-video-kit-reference-design_READ_WRITE/script_support/hdl/JPEG_WRITE_READ/apb_wrapper.v (N/A, 2026-04-26 11:33:56)
65       /home/ahlemzenache/Documents/polarfire-soc-video-kit-reference-design_READ_WRITE/script_support/hdl/JPEG_WRITE_READ/jls_encoder.v (N/A, 2026-02-23 13:35:20)
66       /home/ahlemzenache/Documents/polarfire-soc-video-kit-reference-design_READ_WRITE/script_support/hdl/JPEG_WRITE_READ/jpeg_control_fsm.v (N/A, 2026-04-26 11:55:26)
67       /home/ahlemzenache/Documents/polarfire-soc-video-kit-reference-design_READ_WRITE/script_support/hdl/JPEG_WRITE_READ/ram8bit_input.v (N/A, 2026-03-05 11:39:21)
68       /home/ahlemzenache/microchip/Libero_SoC_2025.1/Libero_SoC/Synplify_Pro/lib/generic/acg5.v (N/A, 2025-04-29 14:08:00)
69       /home/ahlemzenache/microchip/Libero_SoC_2025.1/Libero_SoC/Synplify_Pro/lib/vhd/hyperents.vhd (N/A, 2025-04-29 14:27:56)
70       /home/ahlemzenache/microchip/Libero_SoC_2025.1/Libero_SoC/Synplify_Pro/lib/vhd/math_real.vhd (N/A, 2025-04-29 14:38:21)
71       /home/ahlemzenache/microchip/Libero_SoC_2025.1/Libero_SoC/Synplify_Pro/lib/vhd/snps_haps_pkg.vhd (N/A, 2025-04-29 14:27:56)
72       /home/ahlemzenache/microchip/Libero_SoC_2025.1/Libero_SoC/Synplify_Pro/lib/vhd/umr_capim.vhd (N/A, 2025-04-29 14:27:57)
73       /home/ahlemzenache/microchip/Libero_SoC_2025.1/Libero_SoC/Synplify_Pro/lib/vhd2008/arith.vhd (N/A, 2025-04-29 14:27:56)
74       /home/ahlemzenache/microchip/Libero_SoC_2025.1/Libero_SoC/Synplify_Pro/lib/vhd2008/location.map (N/A, 2025-04-29 14:27:57)
75       /home/ahlemzenache/microchip/Libero_SoC_2025.1/Libero_SoC/Synplify_Pro/lib/vhd2008/numeric.vhd (N/A, 2025-04-29 14:38:21)
76       /home/ahlemzenache/microchip/Libero_SoC_2025.1/Libero_SoC/Synplify_Pro/lib/vhd2008/std.vhd (N/A, 2025-04-29 14:27:57)
77       /home/ahlemzenache/microchip/Libero_SoC_2025.1/Libero_SoC/Synplify_Pro/lib/vhd2008/std1164.vhd (N/A, 2025-04-29 14:27:57)
78       /home/ahlemzenache/microchip/Libero_SoC_2025.1/Libero_SoC/Synplify_Pro/lib/vhd2008/std_textio.vhd (N/A, 2025-04-29 14:27:57)
79       /home/ahlemzenache/microchip/Libero_SoC_2025.1/Libero_SoC/Synplify_Pro/lib/vhd2008/unsigned.vhd (N/A, 2025-04-29 14:27:57)
80       /home/ahlemzenache/microchip/Libero_SoC_2025.1/Libero_SoC/Synplify_Pro/lib/vlog/hypermods.v (N/A, 2025-04-29 14:27:56)
81       /home/ahlemzenache/microchip/Libero_SoC_2025.1/Libero_SoC/Synplify_Pro/lib/vlog/scemi_objects.v (N/A, 2025-04-29 14:27:56)
82       /home/ahlemzenache/microchip/Libero_SoC_2025.1/Libero_SoC/Synplify_Pro/lib/vlog/scemi_pipes.svh (N/A, 2025-04-29 14:27:56)
83       /home/ahlemzenache/microchip/Libero_SoC_2025.1/Libero_SoC/Synplify_Pro/lib/vlog/umr_capim.v (N/A, 2025-04-29 14:08:12)

*******************************************************************
Modules that may have changed as a result of file changes: 139
MID:  lib.cell.view
0        COREAPB3_LIB.COREAPB3_MUXPTOB3.verilog may have changed because the following files changed:
                        /home/ahlemzenache/Documents/polarfire-soc-video-kit-reference-design_READ_WRITE/VKPFSOC_JPEG_WRITE_READ/component/Actel/DirectCore/CoreAPB3/4.2.100/rtl/vlog/core/coreapb3.v (N/A, 2026-04-28 14:59:16) <-- (may instantiate this module)
                        /home/ahlemzenache/Documents/polarfire-soc-video-kit-reference-design_READ_WRITE/VKPFSOC_JPEG_WRITE_READ/component/Actel/DirectCore/CoreAPB3/4.2.100/rtl/vlog/core/coreapb3_muxptob3.v (N/A, 2026-04-28 14:59:16) <-- (module definition)
                        /home/ahlemzenache/Documents/polarfire-soc-video-kit-reference-design_READ_WRITE/VKPFSOC_JPEG_WRITE_READ/component/work/CoreAPB3_C0/CoreAPB3_C0.v (N/A, 2026-04-28 14:59:16) <-- (may instantiate this module)
                        /home/ahlemzenache/Documents/polarfire-soc-video-kit-reference-design_READ_WRITE/VKPFSOC_JPEG_WRITE_READ/component/work/FIC_CONVERTER/FIC_CONVERTER.v (N/A, 2026-04-28 14:59:18) <-- (may instantiate this module)
                        /home/ahlemzenache/Documents/polarfire-soc-video-kit-reference-design_READ_WRITE/VKPFSOC_JPEG_WRITE_READ/component/work/VKPFSOC_TOP/VKPFSOC_TOP.v (N/A, 2026-04-28 15:17:39) <-- (may instantiate this module)
1        COREAPB3_LIB.CoreAPB3.verilog may have changed because the following files changed:
                        /home/ahlemzenache/Documents/polarfire-soc-video-kit-reference-design_READ_WRITE/VKPFSOC_JPEG_WRITE_READ/component/Actel/DirectCore/CoreAPB3/4.2.100/rtl/vlog/core/coreapb3.v (N/A, 2026-04-28 14:59:16) <-- (module definition)
                        /home/ahlemzenache/Documents/polarfire-soc-video-kit-reference-design_READ_WRITE/VKPFSOC_JPEG_WRITE_READ/component/work/CoreAPB3_C0/CoreAPB3_C0.v (N/A, 2026-04-28 14:59:16) <-- (may instantiate this module)
                        /home/ahlemzenache/Documents/polarfire-soc-video-kit-reference-design_READ_WRITE/VKPFSOC_JPEG_WRITE_READ/component/work/FIC_CONVERTER/FIC_CONVERTER.v (N/A, 2026-04-28 14:59:18) <-- (may instantiate this module)
                        /home/ahlemzenache/Documents/polarfire-soc-video-kit-reference-design_READ_WRITE/VKPFSOC_JPEG_WRITE_READ/component/work/VKPFSOC_TOP/VKPFSOC_TOP.v (N/A, 2026-04-28 15:17:39) <-- (may instantiate this module)
2        COREAPB3_LIB.coreapb3_iaddr_reg.verilog may have changed because the following files changed:
                        /home/ahlemzenache/Documents/polarfire-soc-video-kit-reference-design_READ_WRITE/VKPFSOC_JPEG_WRITE_READ/component/Actel/DirectCore/CoreAPB3/4.2.100/rtl/vlog/core/coreapb3.v (N/A, 2026-04-28 14:59:16) <-- (may instantiate this module)
                        /home/ahlemzenache/Documents/polarfire-soc-video-kit-reference-design_READ_WRITE/VKPFSOC_JPEG_WRITE_READ/component/Actel/DirectCore/CoreAPB3/4.2.100/rtl/vlog/core/coreapb3_iaddr_reg.v (N/A, 2026-04-28 14:59:16) <-- (module definition)
                        /home/ahlemzenache/Documents/polarfire-soc-video-kit-reference-design_READ_WRITE/VKPFSOC_JPEG_WRITE_READ/component/work/CoreAPB3_C0/CoreAPB3_C0.v (N/A, 2026-04-28 14:59:16) <-- (may instantiate this module)
                        /home/ahlemzenache/Documents/polarfire-soc-video-kit-reference-design_READ_WRITE/VKPFSOC_JPEG_WRITE_READ/component/work/FIC_CONVERTER/FIC_CONVERTER.v (N/A, 2026-04-28 14:59:18) <-- (may instantiate this module)
                        /home/ahlemzenache/Documents/polarfire-soc-video-kit-reference-design_READ_WRITE/VKPFSOC_JPEG_WRITE_READ/component/work/VKPFSOC_TOP/VKPFSOC_TOP.v (N/A, 2026-04-28 15:17:39) <-- (may instantiate this module)
3        work.APBM.verilog may have changed because the following files changed:
                        /home/ahlemzenache/Documents/polarfire-soc-video-kit-reference-design_READ_WRITE/VKPFSOC_JPEG_WRITE_READ/component/syn_comps.v (N/A, 2026-05-03 09:04:16) <-- (module definition)
                        /home/ahlemzenache/Documents/polarfire-soc-video-kit-reference-design_READ_WRITE/VKPFSOC_JPEG_WRITE_READ/component/work/CLOCKS_AND_RESETS/CLOCKS_AND_RESETS.v (N/A, 2026-04-28 14:59:15) <-- (may instantiate this module)
                        /home/ahlemzenache/Documents/polarfire-soc-video-kit-reference-design_READ_WRITE/VKPFSOC_JPEG_WRITE_READ/component/work/INIT_MONITOR/INIT_MONITOR.v (N/A, 2026-04-28 14:59:09) <-- (may instantiate this module)
                        /home/ahlemzenache/Documents/polarfire-soc-video-kit-reference-design_READ_WRITE/VKPFSOC_JPEG_WRITE_READ/component/work/INIT_MONITOR/INIT_MONITOR_0/INIT_MONITOR_INIT_MONITOR_0_PFSOC_INIT_MONITOR.v (N/A, 2026-04-28 14:59:09) <-- (may instantiate this module)
                        /home/ahlemzenache/Documents/polarfire-soc-video-kit-reference-design_READ_WRITE/VKPFSOC_JPEG_WRITE_READ/component/work/PF_CCC_C0/PF_CCC_C0.v (N/A, 2026-04-28 14:59:10) <-- (may instantiate this module)
                        /home/ahlemzenache/Documents/polarfire-soc-video-kit-reference-design_READ_WRITE/VKPFSOC_JPEG_WRITE_READ/component/work/PF_CCC_C0/PF_CCC_C0_0/PF_CCC_C0_PF_CCC_C0_0_PF_CCC.v (N/A, 2026-04-28 14:59:10) <-- (may instantiate this module)
                        /home/ahlemzenache/Documents/polarfire-soc-video-kit-reference-design_READ_WRITE/VKPFSOC_JPEG_WRITE_READ/component/work/PF_CLK_DIV_C0/PF_CLK_DIV_C0.v (N/A, 2026-04-28 14:59:11) <-- (may instantiate this module)
                        /home/ahlemzenache/Documents/polarfire-soc-video-kit-reference-design_READ_WRITE/VKPFSOC_JPEG_WRITE_READ/component/work/PF_CLK_DIV_C0/PF_CLK_DIV_C0_0/PF_CLK_DIV_C0_PF_CLK_DIV_C0_0_PF_CLK_DIV.v (N/A, 2026-04-28 14:59:11) <-- (may instantiate this module)
                        /home/ahlemzenache/Documents/polarfire-soc-video-kit-reference-design_READ_WRITE/VKPFSOC_JPEG_WRITE_READ/component/work/PF_OSC_C0/PF_OSC_C0.v (N/A, 2026-04-28 14:59:11) <-- (may instantiate this module)
                        /home/ahlemzenache/Documents/polarfire-soc-video-kit-reference-design_READ_WRITE/VKPFSOC_JPEG_WRITE_READ/component/work/PF_OSC_C0/PF_OSC_C0_0/PF_OSC_C0_PF_OSC_C0_0_PF_OSC.v (N/A, 2026-04-28 14:59:11) <-- (may instantiate this module)
                        /home/ahlemzenache/Documents/polarfire-soc-video-kit-reference-design_READ_WRITE/VKPFSOC_JPEG_WRITE_READ/component/work/PF_XCVR_REF_CLK_C0/PF_XCVR_REF_CLK_C0.v (N/A, 2026-04-28 14:59:12) <-- (may instantiate this module)
                        /home/ahlemzenache/Documents/polarfire-soc-video-kit-reference-design_READ_WRITE/VKPFSOC_JPEG_WRITE_READ/component/work/PF_XCVR_REF_CLK_C0/PF_XCVR_REF_CLK_C0_0/PF_XCVR_REF_CLK_C0_PF_XCVR_REF_CLK_C0_0_PF_XCVR_REF_CLK.v (N/A, 2026-04-28 14:59:12) <-- (may instantiate this module)
                        /home/ahlemzenache/Documents/polarfire-soc-video-kit-reference-design_READ_WRITE/VKPFSOC_JPEG_WRITE_READ/component/work/VKPFSOC_TOP/VKPFSOC_TOP.v (N/A, 2026-04-28 15:17:39) <-- (may instantiate this module)
4        work.APBS.verilog may have changed because the following files changed:
                        /home/ahlemzenache/Documents/polarfire-soc-video-kit-reference-design_READ_WRITE/VKPFSOC_JPEG_WRITE_READ/component/syn_comps.v (N/A, 2026-05-03 09:04:16) <-- (module definition)
                        /home/ahlemzenache/Documents/polarfire-soc-video-kit-reference-design_READ_WRITE/VKPFSOC_JPEG_WRITE_READ/component/work/CLOCKS_AND_RESETS/CLOCKS_AND_RESETS.v (N/A, 2026-04-28 14:59:15) <-- (may instantiate this module)
                        /home/ahlemzenache/Documents/polarfire-soc-video-kit-reference-design_READ_WRITE/VKPFSOC_JPEG_WRITE_READ/component/work/INIT_MONITOR/INIT_MONITOR.v (N/A, 2026-04-28 14:59:09) <-- (may instantiate this module)
                        /home/ahlemzenache/Documents/polarfire-soc-video-kit-reference-design_READ_WRITE/VKPFSOC_JPEG_WRITE_READ/component/work/INIT_MONITOR/INIT_MONITOR_0/INIT_MONITOR_INIT_MONITOR_0_PFSOC_INIT_MONITOR.v (N/A, 2026-04-28 14:59:09) <-- (may instantiate this module)
                        /home/ahlemzenache/Documents/polarfire-soc-video-kit-reference-design_READ_WRITE/VKPFSOC_JPEG_WRITE_READ/component/work/PF_CCC_C0/PF_CCC_C0.v (N/A, 2026-04-28 14:59:10) <-- (may instantiate this module)
                        /home/ahlemzenache/Documents/polarfire-soc-video-kit-reference-design_READ_WRITE/VKPFSOC_JPEG_WRITE_READ/component/work/PF_CCC_C0/PF_CCC_C0_0/PF_CCC_C0_PF_CCC_C0_0_PF_CCC.v (N/A, 2026-04-28 14:59:10) <-- (may instantiate this module)
                        /home/ahlemzenache/Documents/polarfire-soc-video-kit-reference-design_READ_WRITE/VKPFSOC_JPEG_WRITE_READ/component/work/PF_CLK_DIV_C0/PF_CLK_DIV_C0.v (N/A, 2026-04-28 14:59:11) <-- (may instantiate this module)
                        /home/ahlemzenache/Documents/polarfire-soc-video-kit-reference-design_READ_WRITE/VKPFSOC_JPEG_WRITE_READ/component/work/PF_CLK_DIV_C0/PF_CLK_DIV_C0_0/PF_CLK_DIV_C0_PF_CLK_DIV_C0_0_PF_CLK_DIV.v (N/A, 2026-04-28 14:59:11) <-- (may instantiate this module)
                        /home/ahlemzenache/Documents/polarfire-soc-video-kit-reference-design_READ_WRITE/VKPFSOC_JPEG_WRITE_READ/component/work/PF_OSC_C0/PF_OSC_C0.v (N/A, 2026-04-28 14:59:11) <-- (may instantiate this module)
                        /home/ahlemzenache/Documents/polarfire-soc-video-kit-reference-design_READ_WRITE/VKPFSOC_JPEG_WRITE_READ/component/work/PF_OSC_C0/PF_OSC_C0_0/PF_OSC_C0_PF_OSC_C0_0_PF_OSC.v (N/A, 2026-04-28 14:59:11) <-- (may instantiate this module)
                        /home/ahlemzenache/Documents/polarfire-soc-video-kit-reference-design_READ_WRITE/VKPFSOC_JPEG_WRITE_READ/component/work/PF_XCVR_REF_CLK_C0/PF_XCVR_REF_CLK_C0.v (N/A, 2026-04-28 14:59:12) <-- (may instantiate this module)
                        /home/ahlemzenache/Documents/polarfire-soc-video-kit-reference-design_READ_WRITE/VKPFSOC_JPEG_WRITE_READ/component/work/PF_XCVR_REF_CLK_C0/PF_XCVR_REF_CLK_C0_0/PF_XCVR_REF_CLK_C0_PF_XCVR_REF_CLK_C0_0_PF_XCVR_REF_CLK.v (N/A, 2026-04-28 14:59:12) <-- (may instantiate this module)
                        /home/ahlemzenache/Documents/polarfire-soc-video-kit-reference-design_READ_WRITE/VKPFSOC_JPEG_WRITE_READ/component/work/VKPFSOC_TOP/VKPFSOC_TOP.v (N/A, 2026-04-28 15:17:39) <-- (may instantiate this module)
5        work.AXI4S_ddr_read_initiator_IF.verilog may have changed because the following files changed:
                        /home/ahlemzenache/Documents/polarfire-soc-video-kit-reference-design_READ_WRITE/VKPFSOC_JPEG_WRITE_READ/component/Microchip/SolutionCore/DDR_Read/1.2.0/RTL/AXI4S_ddr_read_initiator_IF.v (N/A, 2026-04-28 15:52:07) <-- (module definition)
                        /home/ahlemzenache/Documents/polarfire-soc-video-kit-reference-design_READ_WRITE/VKPFSOC_JPEG_WRITE_READ/component/Microchip/SolutionCore/DDR_Read/1.2.0/RTL/DDR_Read.v (N/A, 2026-04-28 15:52:07) <-- (may instantiate this module)
                        /home/ahlemzenache/Documents/polarfire-soc-video-kit-reference-design_READ_WRITE/VKPFSOC_JPEG_WRITE_READ/component/work/DDR_Read_C0/DDR_Read_C0.v (N/A, 2026-04-28 15:52:07) <-- (may instantiate this module)
                        /home/ahlemzenache/Documents/polarfire-soc-video-kit-reference-design_READ_WRITE/VKPFSOC_JPEG_WRITE_READ/component/work/VKPFSOC_TOP/VKPFSOC_TOP.v (N/A, 2026-04-28 15:17:39) <-- (may instantiate this module)
                        /home/ahlemzenache/Documents/polarfire-soc-video-kit-reference-design_READ_WRITE/VKPFSOC_JPEG_WRITE_READ/component/work/top_ddr_write_read/top_ddr_write_read.v (N/A, 2026-04-28 14:59:32) <-- (may instantiate this module)
6        work.AXI4_M_M_IF.verilog may have changed because the following files changed:
                        /home/ahlemzenache/Documents/polarfire-soc-video-kit-reference-design_READ_WRITE/VKPFSOC_JPEG_WRITE_READ/component/Microchip/SolutionCore/DDR_AXI4_ARBITER_PF/2.2.0/RTL/AXI4_M_M_IF.v (N/A, 2026-04-28 14:59:19) <-- (module definition)
                        /home/ahlemzenache/Documents/polarfire-soc-video-kit-reference-design_READ_WRITE/VKPFSOC_JPEG_WRITE_READ/component/Microchip/SolutionCore/DDR_AXI4_ARBITER_PF/2.2.0/RTL/DDR_AXI4_ARBITER_PF.v (N/A, 2026-04-28 14:59:19) <-- (may instantiate this module)
                        /home/ahlemzenache/Documents/polarfire-soc-video-kit-reference-design_READ_WRITE/VKPFSOC_JPEG_WRITE_READ/component/work/DDR_AXI4_ARBITER_PF_C0/DDR_AXI4_ARBITER_PF_C0.v (N/A, 2026-04-28 14:59:19) <-- (may instantiate this module)
                        /home/ahlemzenache/Documents/polarfire-soc-video-kit-reference-design_READ_WRITE/VKPFSOC_JPEG_WRITE_READ/component/work/VKPFSOC_TOP/VKPFSOC_TOP.v (N/A, 2026-04-28 15:17:39) <-- (may instantiate this module)
                        /home/ahlemzenache/Documents/polarfire-soc-video-kit-reference-design_READ_WRITE/VKPFSOC_JPEG_WRITE_READ/component/work/top_ddr_write_read/top_ddr_write_read.v (N/A, 2026-04-28 14:59:32) <-- (may instantiate this module)
7        work.AXI4_S_IF.verilog may have changed because the following files changed:
                        /home/ahlemzenache/Documents/polarfire-soc-video-kit-reference-design_READ_WRITE/VKPFSOC_JPEG_WRITE_READ/component/Microchip/SolutionCore/DDR_AXI4_ARBITER_PF/2.2.0/RTL/AXI4_S_IF.v (N/A, 2026-04-28 14:59:19) <-- (module definition)
                        /home/ahlemzenache/Documents/polarfire-soc-video-kit-reference-design_READ_WRITE/VKPFSOC_JPEG_WRITE_READ/component/Microchip/SolutionCore/DDR_AXI4_ARBITER_PF/2.2.0/RTL/DDR_AXI4_ARBITER_PF.v (N/A, 2026-04-28 14:59:19) <-- (may instantiate this module)
                        /home/ahlemzenache/Documents/polarfire-soc-video-kit-reference-design_READ_WRITE/VKPFSOC_JPEG_WRITE_READ/component/work/DDR_AXI4_ARBITER_PF_C0/DDR_AXI4_ARBITER_PF_C0.v (N/A, 2026-04-28 14:59:19) <-- (may instantiate this module)
                        /home/ahlemzenache/Documents/polarfire-soc-video-kit-reference-design_READ_WRITE/VKPFSOC_JPEG_WRITE_READ/component/work/VKPFSOC_TOP/VKPFSOC_TOP.v (N/A, 2026-04-28 15:17:39) <-- (may instantiate this module)
                        /home/ahlemzenache/Documents/polarfire-soc-video-kit-reference-design_READ_WRITE/VKPFSOC_JPEG_WRITE_READ/component/work/top_ddr_write_read/top_ddr_write_read.v (N/A, 2026-04-28 14:59:32) <-- (may instantiate this module)
8        work.Arbiter_Initiator_Rd_IF.verilog may have changed because the following files changed:
                        /home/ahlemzenache/Documents/polarfire-soc-video-kit-reference-design_READ_WRITE/VKPFSOC_JPEG_WRITE_READ/component/Microchip/SolutionCore/DDR_Read/1.2.0/RTL/Arbiter_Initiator_Rd_IF.v (N/A, 2026-04-28 15:52:07) <-- (module definition)
                        /home/ahlemzenache/Documents/polarfire-soc-video-kit-reference-design_READ_WRITE/VKPFSOC_JPEG_WRITE_READ/component/Microchip/SolutionCore/DDR_Read/1.2.0/RTL/DDR_Read.v (N/A, 2026-04-28 15:52:07) <-- (may instantiate this module)
                        /home/ahlemzenache/Documents/polarfire-soc-video-kit-reference-design_READ_WRITE/VKPFSOC_JPEG_WRITE_READ/component/work/DDR_Read_C0/DDR_Read_C0.v (N/A, 2026-04-28 15:52:07) <-- (may instantiate this module)
                        /home/ahlemzenache/Documents/polarfire-soc-video-kit-reference-design_READ_WRITE/VKPFSOC_JPEG_WRITE_READ/component/work/VKPFSOC_TOP/VKPFSOC_TOP.v (N/A, 2026-04-28 15:17:39) <-- (may instantiate this module)
                        /home/ahlemzenache/Documents/polarfire-soc-video-kit-reference-design_READ_WRITE/VKPFSOC_JPEG_WRITE_READ/component/work/top_ddr_write_read/top_ddr_write_read.v (N/A, 2026-04-28 14:59:32) <-- (may instantiate this module)
9        work.BANKCTRLM.verilog may have changed because the following files changed:
                        /home/ahlemzenache/Documents/polarfire-soc-video-kit-reference-design_READ_WRITE/VKPFSOC_JPEG_WRITE_READ/component/syn_comps.v (N/A, 2026-05-03 09:04:16) <-- (module definition)
                        /home/ahlemzenache/Documents/polarfire-soc-video-kit-reference-design_READ_WRITE/VKPFSOC_JPEG_WRITE_READ/component/work/CLOCKS_AND_RESETS/CLOCKS_AND_RESETS.v (N/A, 2026-04-28 14:59:15) <-- (may instantiate this module)
                        /home/ahlemzenache/Documents/polarfire-soc-video-kit-reference-design_READ_WRITE/VKPFSOC_JPEG_WRITE_READ/component/work/INIT_MONITOR/INIT_MONITOR.v (N/A, 2026-04-28 14:59:09) <-- (may instantiate this module)
                        /home/ahlemzenache/Documents/polarfire-soc-video-kit-reference-design_READ_WRITE/VKPFSOC_JPEG_WRITE_READ/component/work/INIT_MONITOR/INIT_MONITOR_0/INIT_MONITOR_INIT_MONITOR_0_PFSOC_INIT_MONITOR.v (N/A, 2026-04-28 14:59:09) <-- (may instantiate this module)
                        /home/ahlemzenache/Documents/polarfire-soc-video-kit-reference-design_READ_WRITE/VKPFSOC_JPEG_WRITE_READ/component/work/PF_CCC_C0/PF_CCC_C0.v (N/A, 2026-04-28 14:59:10) <-- (may instantiate this module)
                        /home/ahlemzenache/Documents/polarfire-soc-video-kit-reference-design_READ_WRITE/VKPFSOC_JPEG_WRITE_READ/component/work/PF_CCC_C0/PF_CCC_C0_0/PF_CCC_C0_PF_CCC_C0_0_PF_CCC.v (N/A, 2026-04-28 14:59:10) <-- (may instantiate this module)
                        /home/ahlemzenache/Documents/polarfire-soc-video-kit-reference-design_READ_WRITE/VKPFSOC_JPEG_WRITE_READ/component/work/PF_CLK_DIV_C0/PF_CLK_DIV_C0.v (N/A, 2026-04-28 14:59:11) <-- (may instantiate this module)
                        /home/ahlemzenache/Documents/polarfire-soc-video-kit-reference-design_READ_WRITE/VKPFSOC_JPEG_WRITE_READ/component/work/PF_CLK_DIV_C0/PF_CLK_DIV_C0_0/PF_CLK_DIV_C0_PF_CLK_DIV_C0_0_PF_CLK_DIV.v (N/A, 2026-04-28 14:59:11) <-- (may instantiate this module)
                        /home/ahlemzenache/Documents/polarfire-soc-video-kit-reference-design_READ_WRITE/VKPFSOC_JPEG_WRITE_READ/component/work/PF_OSC_C0/PF_OSC_C0.v (N/A, 2026-04-28 14:59:11) <-- (may instantiate this module)
                        /home/ahlemzenache/Documents/polarfire-soc-video-kit-reference-design_READ_WRITE/VKPFSOC_JPEG_WRITE_READ/component/work/PF_OSC_C0/PF_OSC_C0_0/PF_OSC_C0_PF_OSC_C0_0_PF_OSC.v (N/A, 2026-04-28 14:59:11) <-- (may instantiate this module)
                        /home/ahlemzenache/Documents/polarfire-soc-video-kit-reference-design_READ_WRITE/VKPFSOC_JPEG_WRITE_READ/component/work/PF_XCVR_REF_CLK_C0/PF_XCVR_REF_CLK_C0.v (N/A, 2026-04-28 14:59:12) <-- (may instantiate this module)
                        /home/ahlemzenache/Documents/polarfire-soc-video-kit-reference-design_READ_WRITE/VKPFSOC_JPEG_WRITE_READ/component/work/PF_XCVR_REF_CLK_C0/PF_XCVR_REF_CLK_C0_0/PF_XCVR_REF_CLK_C0_PF_XCVR_REF_CLK_C0_0_PF_XCVR_REF_CLK.v (N/A, 2026-04-28 14:59:12) <-- (may instantiate this module)
                        /home/ahlemzenache/Documents/polarfire-soc-video-kit-reference-design_READ_WRITE/VKPFSOC_JPEG_WRITE_READ/component/work/VKPFSOC_TOP/VKPFSOC_TOP.v (N/A, 2026-04-28 15:17:39) <-- (may instantiate this module)
10       work.BANKCTRL_GPIO.verilog may have changed because the following files changed:
                        /home/ahlemzenache/Documents/polarfire-soc-video-kit-reference-design_READ_WRITE/VKPFSOC_JPEG_WRITE_READ/component/syn_comps.v (N/A, 2026-05-03 09:04:16) <-- (module definition)
                        /home/ahlemzenache/Documents/polarfire-soc-video-kit-reference-design_READ_WRITE/VKPFSOC_JPEG_WRITE_READ/component/work/CLOCKS_AND_RESETS/CLOCKS_AND_RESETS.v (N/A, 2026-04-28 14:59:15) <-- (may instantiate this module)
                        /home/ahlemzenache/Documents/polarfire-soc-video-kit-reference-design_READ_WRITE/VKPFSOC_JPEG_WRITE_READ/component/work/INIT_MONITOR/INIT_MONITOR.v (N/A, 2026-04-28 14:59:09) <-- (may instantiate this module)
                        /home/ahlemzenache/Documents/polarfire-soc-video-kit-reference-design_READ_WRITE/VKPFSOC_JPEG_WRITE_READ/component/work/INIT_MONITOR/INIT_MONITOR_0/INIT_MONITOR_INIT_MONITOR_0_PFSOC_INIT_MONITOR.v (N/A, 2026-04-28 14:59:09) <-- (may instantiate this module)
                        /home/ahlemzenache/Documents/polarfire-soc-video-kit-reference-design_READ_WRITE/VKPFSOC_JPEG_WRITE_READ/component/work/PF_CCC_C0/PF_CCC_C0.v (N/A, 2026-04-28 14:59:10) <-- (may instantiate this module)
                        /home/ahlemzenache/Documents/polarfire-soc-video-kit-reference-design_READ_WRITE/VKPFSOC_JPEG_WRITE_READ/component/work/PF_CCC_C0/PF_CCC_C0_0/PF_CCC_C0_PF_CCC_C0_0_PF_CCC.v (N/A, 2026-04-28 14:59:10) <-- (may instantiate this module)
                        /home/ahlemzenache/Documents/polarfire-soc-video-kit-reference-design_READ_WRITE/VKPFSOC_JPEG_WRITE_READ/component/work/PF_CLK_DIV_C0/PF_CLK_DIV_C0.v (N/A, 2026-04-28 14:59:11) <-- (may instantiate this module)
                        /home/ahlemzenache/Documents/polarfire-soc-video-kit-reference-design_READ_WRITE/VKPFSOC_JPEG_WRITE_READ/component/work/PF_CLK_DIV_C0/PF_CLK_DIV_C0_0/PF_CLK_DIV_C0_PF_CLK_DIV_C0_0_PF_CLK_DIV.v (N/A, 2026-04-28 14:59:11) <-- (may instantiate this module)
                        /home/ahlemzenache/Documents/polarfire-soc-video-kit-reference-design_READ_WRITE/VKPFSOC_JPEG_WRITE_READ/component/work/PF_OSC_C0/PF_OSC_C0.v (N/A, 2026-04-28 14:59:11) <-- (may instantiate this module)
                        /home/ahlemzenache/Documents/polarfire-soc-video-kit-reference-design_READ_WRITE/VKPFSOC_JPEG_WRITE_READ/component/work/PF_OSC_C0/PF_OSC_C0_0/PF_OSC_C0_PF_OSC_C0_0_PF_OSC.v (N/A, 2026-04-28 14:59:11) <-- (may instantiate this module)
                        /home/ahlemzenache/Documents/polarfire-soc-video-kit-reference-design_READ_WRITE/VKPFSOC_JPEG_WRITE_READ/component/work/PF_XCVR_REF_CLK_C0/PF_XCVR_REF_CLK_C0.v (N/A, 2026-04-28 14:59:12) <-- (may instantiate this module)
                        /home/ahlemzenache/Documents/polarfire-soc-video-kit-reference-design_READ_WRITE/VKPFSOC_JPEG_WRITE_READ/component/work/PF_XCVR_REF_CLK_C0/PF_XCVR_REF_CLK_C0_0/PF_XCVR_REF_CLK_C0_PF_XCVR_REF_CLK_C0_0_PF_XCVR_REF_CLK.v (N/A, 2026-04-28 14:59:12) <-- (may instantiate this module)
                        /home/ahlemzenache/Documents/polarfire-soc-video-kit-reference-design_READ_WRITE/VKPFSOC_JPEG_WRITE_READ/component/work/VKPFSOC_TOP/VKPFSOC_TOP.v (N/A, 2026-04-28 15:17:39) <-- (may instantiate this module)
11       work.BANKCTRL_HSIO.verilog may have changed because the following files changed:
                        /home/ahlemzenache/Documents/polarfire-soc-video-kit-reference-design_READ_WRITE/VKPFSOC_JPEG_WRITE_READ/component/syn_comps.v (N/A, 2026-05-03 09:04:16) <-- (module definition)
                        /home/ahlemzenache/Documents/polarfire-soc-video-kit-reference-design_READ_WRITE/VKPFSOC_JPEG_WRITE_READ/component/work/CLOCKS_AND_RESETS/CLOCKS_AND_RESETS.v (N/A, 2026-04-28 14:59:15) <-- (may instantiate this module)
                        /home/ahlemzenache/Documents/polarfire-soc-video-kit-reference-design_READ_WRITE/VKPFSOC_JPEG_WRITE_READ/component/work/INIT_MONITOR/INIT_MONITOR.v (N/A, 2026-04-28 14:59:09) <-- (may instantiate this module)
                        /home/ahlemzenache/Documents/polarfire-soc-video-kit-reference-design_READ_WRITE/VKPFSOC_JPEG_WRITE_READ/component/work/INIT_MONITOR/INIT_MONITOR_0/INIT_MONITOR_INIT_MONITOR_0_PFSOC_INIT_MONITOR.v (N/A, 2026-04-28 14:59:09) <-- (may instantiate this module)
                        /home/ahlemzenache/Documents/polarfire-soc-video-kit-reference-design_READ_WRITE/VKPFSOC_JPEG_WRITE_READ/component/work/PF_CCC_C0/PF_CCC_C0.v (N/A, 2026-04-28 14:59:10) <-- (may instantiate this module)
                        /home/ahlemzenache/Documents/polarfire-soc-video-kit-reference-design_READ_WRITE/VKPFSOC_JPEG_WRITE_READ/component/work/PF_CCC_C0/PF_CCC_C0_0/PF_CCC_C0_PF_CCC_C0_0_PF_CCC.v (N/A, 2026-04-28 14:59:10) <-- (may instantiate this module)
                        /home/ahlemzenache/Documents/polarfire-soc-video-kit-reference-design_READ_WRITE/VKPFSOC_JPEG_WRITE_READ/component/work/PF_CLK_DIV_C0/PF_CLK_DIV_C0.v (N/A, 2026-04-28 14:59:11) <-- (may instantiate this module)
                        /home/ahlemzenache/Documents/polarfire-soc-video-kit-reference-design_READ_WRITE/VKPFSOC_JPEG_WRITE_READ/component/work/PF_CLK_DIV_C0/PF_CLK_DIV_C0_0/PF_CLK_DIV_C0_PF_CLK_DIV_C0_0_PF_CLK_DIV.v (N/A, 2026-04-28 14:59:11) <-- (may instantiate this module)
                        /home/ahlemzenache/Documents/polarfire-soc-video-kit-reference-design_READ_WRITE/VKPFSOC_JPEG_WRITE_READ/component/work/PF_OSC_C0/PF_OSC_C0.v (N/A, 2026-04-28 14:59:11) <-- (may instantiate this module)
                        /home/ahlemzenache/Documents/polarfire-soc-video-kit-reference-design_READ_WRITE/VKPFSOC_JPEG_WRITE_READ/component/work/PF_OSC_C0/PF_OSC_C0_0/PF_OSC_C0_PF_OSC_C0_0_PF_OSC.v (N/A, 2026-04-28 14:59:11) <-- (may instantiate this module)
                        /home/ahlemzenache/Documents/polarfire-soc-video-kit-reference-design_READ_WRITE/VKPFSOC_JPEG_WRITE_READ/component/work/PF_XCVR_REF_CLK_C0/PF_XCVR_REF_CLK_C0.v (N/A, 2026-04-28 14:59:12) <-- (may instantiate this module)
                        /home/ahlemzenache/Documents/polarfire-soc-video-kit-reference-design_READ_WRITE/VKPFSOC_JPEG_WRITE_READ/component/work/PF_XCVR_REF_CLK_C0/PF_XCVR_REF_CLK_C0_0/PF_XCVR_REF_CLK_C0_PF_XCVR_REF_CLK_C0_0_PF_XCVR_REF_CLK.v (N/A, 2026-04-28 14:59:12) <-- (may instantiate this module)
                        /home/ahlemzenache/Documents/polarfire-soc-video-kit-reference-design_READ_WRITE/VKPFSOC_JPEG_WRITE_READ/component/work/VKPFSOC_TOP/VKPFSOC_TOP.v (N/A, 2026-04-28 15:17:39) <-- (may instantiate this module)
12       work.BANKEN.verilog may have changed because the following files changed:
                        /home/ahlemzenache/Documents/polarfire-soc-video-kit-reference-design_READ_WRITE/VKPFSOC_JPEG_WRITE_READ/component/syn_comps.v (N/A, 2026-05-03 09:04:16) <-- (module definition)
                        /home/ahlemzenache/Documents/polarfire-soc-video-kit-reference-design_READ_WRITE/VKPFSOC_JPEG_WRITE_READ/component/work/CLOCKS_AND_RESETS/CLOCKS_AND_RESETS.v (N/A, 2026-04-28 14:59:15) <-- (may instantiate this module)
                        /home/ahlemzenache/Documents/polarfire-soc-video-kit-reference-design_READ_WRITE/VKPFSOC_JPEG_WRITE_READ/component/work/INIT_MONITOR/INIT_MONITOR.v (N/A, 2026-04-28 14:59:09) <-- (may instantiate this module)
                        /home/ahlemzenache/Documents/polarfire-soc-video-kit-reference-design_READ_WRITE/VKPFSOC_JPEG_WRITE_READ/component/work/INIT_MONITOR/INIT_MONITOR_0/INIT_MONITOR_INIT_MONITOR_0_PFSOC_INIT_MONITOR.v (N/A, 2026-04-28 14:59:09) <-- (may instantiate this module)
                        /home/ahlemzenache/Documents/polarfire-soc-video-kit-reference-design_READ_WRITE/VKPFSOC_JPEG_WRITE_READ/component/work/PF_CCC_C0/PF_CCC_C0.v (N/A, 2026-04-28 14:59:10) <-- (may instantiate this module)
                        /home/ahlemzenache/Documents/polarfire-soc-video-kit-reference-design_READ_WRITE/VKPFSOC_JPEG_WRITE_READ/component/work/PF_CCC_C0/PF_CCC_C0_0/PF_CCC_C0_PF_CCC_C0_0_PF_CCC.v (N/A, 2026-04-28 14:59:10) <-- (may instantiate this module)
                        /home/ahlemzenache/Documents/polarfire-soc-video-kit-reference-design_READ_WRITE/VKPFSOC_JPEG_WRITE_READ/component/work/PF_CLK_DIV_C0/PF_CLK_DIV_C0.v (N/A, 2026-04-28 14:59:11) <-- (may instantiate this module)
                        /home/ahlemzenache/Documents/polarfire-soc-video-kit-reference-design_READ_WRITE/VKPFSOC_JPEG_WRITE_READ/component/work/PF_CLK_DIV_C0/PF_CLK_DIV_C0_0/PF_CLK_DIV_C0_PF_CLK_DIV_C0_0_PF_CLK_DIV.v (N/A, 2026-04-28 14:59:11) <-- (may instantiate this module)
                        /home/ahlemzenache/Documents/polarfire-soc-video-kit-reference-design_READ_WRITE/VKPFSOC_JPEG_WRITE_READ/component/work/PF_OSC_C0/PF_OSC_C0.v (N/A, 2026-04-28 14:59:11) <-- (may instantiate this module)
                        /home/ahlemzenache/Documents/polarfire-soc-video-kit-reference-design_READ_WRITE/VKPFSOC_JPEG_WRITE_READ/component/work/PF_OSC_C0/PF_OSC_C0_0/PF_OSC_C0_PF_OSC_C0_0_PF_OSC.v (N/A, 2026-04-28 14:59:11) <-- (may instantiate this module)
                        /home/ahlemzenache/Documents/polarfire-soc-video-kit-reference-design_READ_WRITE/VKPFSOC_JPEG_WRITE_READ/component/work/PF_XCVR_REF_CLK_C0/PF_XCVR_REF_CLK_C0.v (N/A, 2026-04-28 14:59:12) <-- (may instantiate this module)
                        /home/ahlemzenache/Documents/polarfire-soc-video-kit-reference-design_READ_WRITE/VKPFSOC_JPEG_WRITE_READ/component/work/PF_XCVR_REF_CLK_C0/PF_XCVR_REF_CLK_C0_0/PF_XCVR_REF_CLK_C0_PF_XCVR_REF_CLK_C0_0_PF_XCVR_REF_CLK.v (N/A, 2026-04-28 14:59:12) <-- (may instantiate this module)
                        /home/ahlemzenache/Documents/polarfire-soc-video-kit-reference-design_READ_WRITE/VKPFSOC_JPEG_WRITE_READ/component/work/VKPFSOC_TOP/VKPFSOC_TOP.v (N/A, 2026-04-28 15:17:39) <-- (may instantiate this module)
13       work.CLKBUF_DIFF.verilog may have changed because the following files changed:
                        /home/ahlemzenache/Documents/polarfire-soc-video-kit-reference-design_READ_WRITE/VKPFSOC_JPEG_WRITE_READ/component/syn_comps.v (N/A, 2026-05-03 09:04:16) <-- (module definition)
                        /home/ahlemzenache/Documents/polarfire-soc-video-kit-reference-design_READ_WRITE/VKPFSOC_JPEG_WRITE_READ/component/work/CLOCKS_AND_RESETS/CLOCKS_AND_RESETS.v (N/A, 2026-04-28 14:59:15) <-- (may instantiate this module)
                        /home/ahlemzenache/Documents/polarfire-soc-video-kit-reference-design_READ_WRITE/VKPFSOC_JPEG_WRITE_READ/component/work/INIT_MONITOR/INIT_MONITOR.v (N/A, 2026-04-28 14:59:09) <-- (may instantiate this module)
                        /home/ahlemzenache/Documents/polarfire-soc-video-kit-reference-design_READ_WRITE/VKPFSOC_JPEG_WRITE_READ/component/work/INIT_MONITOR/INIT_MONITOR_0/INIT_MONITOR_INIT_MONITOR_0_PFSOC_INIT_MONITOR.v (N/A, 2026-04-28 14:59:09) <-- (may instantiate this module)
                        /home/ahlemzenache/Documents/polarfire-soc-video-kit-reference-design_READ_WRITE/VKPFSOC_JPEG_WRITE_READ/component/work/PF_CCC_C0/PF_CCC_C0.v (N/A, 2026-04-28 14:59:10) <-- (may instantiate this module)
                        /home/ahlemzenache/Documents/polarfire-soc-video-kit-reference-design_READ_WRITE/VKPFSOC_JPEG_WRITE_READ/component/work/PF_CCC_C0/PF_CCC_C0_0/PF_CCC_C0_PF_CCC_C0_0_PF_CCC.v (N/A, 2026-04-28 14:59:10) <-- (may instantiate this module)
                        /home/ahlemzenache/Documents/polarfire-soc-video-kit-reference-design_READ_WRITE/VKPFSOC_JPEG_WRITE_READ/component/work/PF_CLK_DIV_C0/PF_CLK_DIV_C0.v (N/A, 2026-04-28 14:59:11) <-- (may instantiate this module)
                        /home/ahlemzenache/Documents/polarfire-soc-video-kit-reference-design_READ_WRITE/VKPFSOC_JPEG_WRITE_READ/component/work/PF_CLK_DIV_C0/PF_CLK_DIV_C0_0/PF_CLK_DIV_C0_PF_CLK_DIV_C0_0_PF_CLK_DIV.v (N/A, 2026-04-28 14:59:11) <-- (may instantiate this module)
                        /home/ahlemzenache/Documents/polarfire-soc-video-kit-reference-design_READ_WRITE/VKPFSOC_JPEG_WRITE_READ/component/work/PF_OSC_C0/PF_OSC_C0.v (N/A, 2026-04-28 14:59:11) <-- (may instantiate this module)
                        /home/ahlemzenache/Documents/polarfire-soc-video-kit-reference-design_READ_WRITE/VKPFSOC_JPEG_WRITE_READ/component/work/PF_OSC_C0/PF_OSC_C0_0/PF_OSC_C0_PF_OSC_C0_0_PF_OSC.v (N/A, 2026-04-28 14:59:11) <-- (may instantiate this module)
                        /home/ahlemzenache/Documents/polarfire-soc-video-kit-reference-design_READ_WRITE/VKPFSOC_JPEG_WRITE_READ/component/work/PF_XCVR_REF_CLK_C0/PF_XCVR_REF_CLK_C0.v (N/A, 2026-04-28 14:59:12) <-- (may instantiate this module)
                        /home/ahlemzenache/Documents/polarfire-soc-video-kit-reference-design_READ_WRITE/VKPFSOC_JPEG_WRITE_READ/component/work/PF_XCVR_REF_CLK_C0/PF_XCVR_REF_CLK_C0_0/PF_XCVR_REF_CLK_C0_PF_XCVR_REF_CLK_C0_0_PF_XCVR_REF_CLK.v (N/A, 2026-04-28 14:59:12) <-- (may instantiate this module)
                        /home/ahlemzenache/Documents/polarfire-soc-video-kit-reference-design_READ_WRITE/VKPFSOC_JPEG_WRITE_READ/component/work/VKPFSOC_TOP/VKPFSOC_TOP.v (N/A, 2026-04-28 15:17:39) <-- (may instantiate this module)
14       work.CLKBUF_DIFF_ODT.verilog may have changed because the following files changed:
                        /home/ahlemzenache/Documents/polarfire-soc-video-kit-reference-design_READ_WRITE/VKPFSOC_JPEG_WRITE_READ/component/syn_comps.v (N/A, 2026-05-03 09:04:16) <-- (module definition)
                        /home/ahlemzenache/Documents/polarfire-soc-video-kit-reference-design_READ_WRITE/VKPFSOC_JPEG_WRITE_READ/component/work/CLOCKS_AND_RESETS/CLOCKS_AND_RESETS.v (N/A, 2026-04-28 14:59:15) <-- (may instantiate this module)
                        /home/ahlemzenache/Documents/polarfire-soc-video-kit-reference-design_READ_WRITE/VKPFSOC_JPEG_WRITE_READ/component/work/INIT_MONITOR/INIT_MONITOR.v (N/A, 2026-04-28 14:59:09) <-- (may instantiate this module)
                        /home/ahlemzenache/Documents/polarfire-soc-video-kit-reference-design_READ_WRITE/VKPFSOC_JPEG_WRITE_READ/component/work/INIT_MONITOR/INIT_MONITOR_0/INIT_MONITOR_INIT_MONITOR_0_PFSOC_INIT_MONITOR.v (N/A, 2026-04-28 14:59:09) <-- (may instantiate this module)
                        /home/ahlemzenache/Documents/polarfire-soc-video-kit-reference-design_READ_WRITE/VKPFSOC_JPEG_WRITE_READ/component/work/PF_CCC_C0/PF_CCC_C0.v (N/A, 2026-04-28 14:59:10) <-- (may instantiate this module)
                        /home/ahlemzenache/Documents/polarfire-soc-video-kit-reference-design_READ_WRITE/VKPFSOC_JPEG_WRITE_READ/component/work/PF_CCC_C0/PF_CCC_C0_0/PF_CCC_C0_PF_CCC_C0_0_PF_CCC.v (N/A, 2026-04-28 14:59:10) <-- (may instantiate this module)
                        /home/ahlemzenache/Documents/polarfire-soc-video-kit-reference-design_READ_WRITE/VKPFSOC_JPEG_WRITE_READ/component/work/PF_CLK_DIV_C0/PF_CLK_DIV_C0.v (N/A, 2026-04-28 14:59:11) <-- (may instantiate this module)
                        /home/ahlemzenache/Documents/polarfire-soc-video-kit-reference-design_READ_WRITE/VKPFSOC_JPEG_WRITE_READ/component/work/PF_CLK_DIV_C0/PF_CLK_DIV_C0_0/PF_CLK_DIV_C0_PF_CLK_DIV_C0_0_PF_CLK_DIV.v (N/A, 2026-04-28 14:59:11) <-- (may instantiate this module)
                        /home/ahlemzenache/Documents/polarfire-soc-video-kit-reference-design_READ_WRITE/VKPFSOC_JPEG_WRITE_READ/component/work/PF_OSC_C0/PF_OSC_C0.v (N/A, 2026-04-28 14:59:11) <-- (may instantiate this module)
                        /home/ahlemzenache/Documents/polarfire-soc-video-kit-reference-design_READ_WRITE/VKPFSOC_JPEG_WRITE_READ/component/work/PF_OSC_C0/PF_OSC_C0_0/PF_OSC_C0_PF_OSC_C0_0_PF_OSC.v (N/A, 2026-04-28 14:59:11) <-- (may instantiate this module)
                        /home/ahlemzenache/Documents/polarfire-soc-video-kit-reference-design_READ_WRITE/VKPFSOC_JPEG_WRITE_READ/component/work/PF_XCVR_REF_CLK_C0/PF_XCVR_REF_CLK_C0.v (N/A, 2026-04-28 14:59:12) <-- (may instantiate this module)
                        /home/ahlemzenache/Documents/polarfire-soc-video-kit-reference-design_READ_WRITE/VKPFSOC_JPEG_WRITE_READ/component/work/PF_XCVR_REF_CLK_C0/PF_XCVR_REF_CLK_C0_0/PF_XCVR_REF_CLK_C0_PF_XCVR_REF_CLK_C0_0_PF_XCVR_REF_CLK.v (N/A, 2026-04-28 14:59:12) <-- (may instantiate this module)
                        /home/ahlemzenache/Documents/polarfire-soc-video-kit-reference-design_READ_WRITE/VKPFSOC_JPEG_WRITE_READ/component/work/VKPFSOC_TOP/VKPFSOC_TOP.v (N/A, 2026-04-28 15:17:39) <-- (may instantiate this module)
15       work.CLOCKS_AND_RESETS.verilog may have changed because the following files changed:
                        /home/ahlemzenache/Documents/polarfire-soc-video-kit-reference-design_READ_WRITE/VKPFSOC_JPEG_WRITE_READ/component/work/CLOCKS_AND_RESETS/CLOCKS_AND_RESETS.v (N/A, 2026-04-28 14:59:15) <-- (module definition)
                        /home/ahlemzenache/Documents/polarfire-soc-video-kit-reference-design_READ_WRITE/VKPFSOC_JPEG_WRITE_READ/component/work/VKPFSOC_TOP/VKPFSOC_TOP.v (N/A, 2026-04-28 15:17:39) <-- (may instantiate this module)
16       work.CORELNKTMR_V.verilog may have changed because the following files changed:
                        /home/ahlemzenache/Documents/polarfire-soc-video-kit-reference-design_READ_WRITE/VKPFSOC_JPEG_WRITE_READ/component/syn_comps.v (N/A, 2026-05-03 09:04:16) <-- (module definition)
                        /home/ahlemzenache/Documents/polarfire-soc-video-kit-reference-design_READ_WRITE/VKPFSOC_JPEG_WRITE_READ/component/work/CLOCKS_AND_RESETS/CLOCKS_AND_RESETS.v (N/A, 2026-04-28 14:59:15) <-- (may instantiate this module)
                        /home/ahlemzenache/Documents/polarfire-soc-video-kit-reference-design_READ_WRITE/VKPFSOC_JPEG_WRITE_READ/component/work/INIT_MONITOR/INIT_MONITOR.v (N/A, 2026-04-28 14:59:09) <-- (may instantiate this module)
                        /home/ahlemzenache/Documents/polarfire-soc-video-kit-reference-design_READ_WRITE/VKPFSOC_JPEG_WRITE_READ/component/work/INIT_MONITOR/INIT_MONITOR_0/INIT_MONITOR_INIT_MONITOR_0_PFSOC_INIT_MONITOR.v (N/A, 2026-04-28 14:59:09) <-- (may instantiate this module)
                        /home/ahlemzenache/Documents/polarfire-soc-video-kit-reference-design_READ_WRITE/VKPFSOC_JPEG_WRITE_READ/component/work/PF_CCC_C0/PF_CCC_C0.v (N/A, 2026-04-28 14:59:10) <-- (may instantiate this module)
                        /home/ahlemzenache/Documents/polarfire-soc-video-kit-reference-design_READ_WRITE/VKPFSOC_JPEG_WRITE_READ/component/work/PF_CCC_C0/PF_CCC_C0_0/PF_CCC_C0_PF_CCC_C0_0_PF_CCC.v (N/A, 2026-04-28 14:59:10) <-- (may instantiate this module)
                        /home/ahlemzenache/Documents/polarfire-soc-video-kit-reference-design_READ_WRITE/VKPFSOC_JPEG_WRITE_READ/component/work/PF_CLK_DIV_C0/PF_CLK_DIV_C0.v (N/A, 2026-04-28 14:59:11) <-- (may instantiate this module)
                        /home/ahlemzenache/Documents/polarfire-soc-video-kit-reference-design_READ_WRITE/VKPFSOC_JPEG_WRITE_READ/component/work/PF_CLK_DIV_C0/PF_CLK_DIV_C0_0/PF_CLK_DIV_C0_PF_CLK_DIV_C0_0_PF_CLK_DIV.v (N/A, 2026-04-28 14:59:11) <-- (may instantiate this module)
                        /home/ahlemzenache/Documents/polarfire-soc-video-kit-reference-design_READ_WRITE/VKPFSOC_JPEG_WRITE_READ/component/work/PF_OSC_C0/PF_OSC_C0.v (N/A, 2026-04-28 14:59:11) <-- (may instantiate this module)
                        /home/ahlemzenache/Documents/polarfire-soc-video-kit-reference-design_READ_WRITE/VKPFSOC_JPEG_WRITE_READ/component/work/PF_OSC_C0/PF_OSC_C0_0/PF_OSC_C0_PF_OSC_C0_0_PF_OSC.v (N/A, 2026-04-28 14:59:11) <-- (may instantiate this module)
                        /home/ahlemzenache/Documents/polarfire-soc-video-kit-reference-design_READ_WRITE/VKPFSOC_JPEG_WRITE_READ/component/work/PF_XCVR_REF_CLK_C0/PF_XCVR_REF_CLK_C0.v (N/A, 2026-04-28 14:59:12) <-- (may instantiate this module)
                        /home/ahlemzenache/Documents/polarfire-soc-video-kit-reference-design_READ_WRITE/VKPFSOC_JPEG_WRITE_READ/component/work/PF_XCVR_REF_CLK_C0/PF_XCVR_REF_CLK_C0_0/PF_XCVR_REF_CLK_C0_PF_XCVR_REF_CLK_C0_0_PF_XCVR_REF_CLK.v (N/A, 2026-04-28 14:59:12) <-- (may instantiate this module)
                        /home/ahlemzenache/Documents/polarfire-soc-video-kit-reference-design_READ_WRITE/VKPFSOC_JPEG_WRITE_READ/component/work/VKPFSOC_TOP/VKPFSOC_TOP.v (N/A, 2026-04-28 15:17:39) <-- (may instantiate this module)
17       work.CORERESET.verilog may have changed because the following files changed:
                        /home/ahlemzenache/Documents/polarfire-soc-video-kit-reference-design_READ_WRITE/VKPFSOC_JPEG_WRITE_READ/component/work/CLOCKS_AND_RESETS/CLOCKS_AND_RESETS.v (N/A, 2026-04-28 14:59:15) <-- (may instantiate this module)
                        /home/ahlemzenache/Documents/polarfire-soc-video-kit-reference-design_READ_WRITE/VKPFSOC_JPEG_WRITE_READ/component/work/CORERESET/CORERESET.v (N/A, 2026-04-28 14:59:08) <-- (module definition)
                        /home/ahlemzenache/Documents/polarfire-soc-video-kit-reference-design_READ_WRITE/VKPFSOC_JPEG_WRITE_READ/component/work/VKPFSOC_TOP/VKPFSOC_TOP.v (N/A, 2026-04-28 15:17:39) <-- (may instantiate this module)
18       work.CORERESET_CORERESET_0_CORERESET_PF.verilog may have changed because the following files changed:
                        /home/ahlemzenache/Documents/polarfire-soc-video-kit-reference-design_READ_WRITE/VKPFSOC_JPEG_WRITE_READ/component/work/CLOCKS_AND_RESETS/CLOCKS_AND_RESETS.v (N/A, 2026-04-28 14:59:15) <-- (may instantiate this module)
                        /home/ahlemzenache/Documents/polarfire-soc-video-kit-reference-design_READ_WRITE/VKPFSOC_JPEG_WRITE_READ/component/work/CORERESET/CORERESET.v (N/A, 2026-04-28 14:59:08) <-- (may instantiate this module)
                        /home/ahlemzenache/Documents/polarfire-soc-video-kit-reference-design_READ_WRITE/VKPFSOC_JPEG_WRITE_READ/component/work/CORERESET/CORERESET_0/core/corereset_pf.v (N/A, 2026-04-28 14:59:08) <-- (module definition)
                        /home/ahlemzenache/Documents/polarfire-soc-video-kit-reference-design_READ_WRITE/VKPFSOC_JPEG_WRITE_READ/component/work/VKPFSOC_TOP/VKPFSOC_TOP.v (N/A, 2026-04-28 15:17:39) <-- (may instantiate this module)
19       work.CORERESET_PF_C5.verilog may have changed because the following files changed:
                        /home/ahlemzenache/Documents/polarfire-soc-video-kit-reference-design_READ_WRITE/VKPFSOC_JPEG_WRITE_READ/component/work/CLOCKS_AND_RESETS/CLOCKS_AND_RESETS.v (N/A, 2026-04-28 14:59:15) <-- (may instantiate this module)
                        /home/ahlemzenache/Documents/polarfire-soc-video-kit-reference-design_READ_WRITE/VKPFSOC_JPEG_WRITE_READ/component/work/CORERESET_PF_C5/CORERESET_PF_C5.v (N/A, 2026-04-28 14:59:08) <-- (module definition)
                        /home/ahlemzenache/Documents/polarfire-soc-video-kit-reference-design_READ_WRITE/VKPFSOC_JPEG_WRITE_READ/component/work/VKPFSOC_TOP/VKPFSOC_TOP.v (N/A, 2026-04-28 15:17:39) <-- (may instantiate this module)
20       work.CORERESET_PF_C5_CORERESET_PF_C5_0_CORERESET_PF.verilog may have changed because the following files changed:
                        /home/ahlemzenache/Documents/polarfire-soc-video-kit-reference-design_READ_WRITE/VKPFSOC_JPEG_WRITE_READ/component/work/CLOCKS_AND_RESETS/CLOCKS_AND_RESETS.v (N/A, 2026-04-28 14:59:15) <-- (may instantiate this module)
                        /home/ahlemzenache/Documents/polarfire-soc-video-kit-reference-design_READ_WRITE/VKPFSOC_JPEG_WRITE_READ/component/work/CORERESET_PF_C5/CORERESET_PF_C5.v (N/A, 2026-04-28 14:59:08) <-- (may instantiate this module)
                        /home/ahlemzenache/Documents/polarfire-soc-video-kit-reference-design_READ_WRITE/VKPFSOC_JPEG_WRITE_READ/component/work/CORERESET_PF_C5/CORERESET_PF_C5_0/core/corereset_pf.v (N/A, 2026-04-28 14:59:08) <-- (module definition)
                        /home/ahlemzenache/Documents/polarfire-soc-video-kit-reference-design_READ_WRITE/VKPFSOC_JPEG_WRITE_READ/component/work/VKPFSOC_TOP/VKPFSOC_TOP.v (N/A, 2026-04-28 15:17:39) <-- (may instantiate this module)
21       work.CRN_COMMON.verilog may have changed because the following files changed:
                        /home/ahlemzenache/Documents/polarfire-soc-video-kit-reference-design_READ_WRITE/VKPFSOC_JPEG_WRITE_READ/component/syn_comps.v (N/A, 2026-05-03 09:04:16) <-- (module definition)
                        /home/ahlemzenache/Documents/polarfire-soc-video-kit-reference-design_READ_WRITE/VKPFSOC_JPEG_WRITE_READ/component/work/CLOCKS_AND_RESETS/CLOCKS_AND_RESETS.v (N/A, 2026-04-28 14:59:15) <-- (may instantiate this module)
                        /home/ahlemzenache/Documents/polarfire-soc-video-kit-reference-design_READ_WRITE/VKPFSOC_JPEG_WRITE_READ/component/work/INIT_MONITOR/INIT_MONITOR.v (N/A, 2026-04-28 14:59:09) <-- (may instantiate this module)
                        /home/ahlemzenache/Documents/polarfire-soc-video-kit-reference-design_READ_WRITE/VKPFSOC_JPEG_WRITE_READ/component/work/INIT_MONITOR/INIT_MONITOR_0/INIT_MONITOR_INIT_MONITOR_0_PFSOC_INIT_MONITOR.v (N/A, 2026-04-28 14:59:09) <-- (may instantiate this module)
                        /home/ahlemzenache/Documents/polarfire-soc-video-kit-reference-design_READ_WRITE/VKPFSOC_JPEG_WRITE_READ/component/work/PF_CCC_C0/PF_CCC_C0.v (N/A, 2026-04-28 14:59:10) <-- (may instantiate this module)
                        /home/ahlemzenache/Documents/polarfire-soc-video-kit-reference-design_READ_WRITE/VKPFSOC_JPEG_WRITE_READ/component/work/PF_CCC_C0/PF_CCC_C0_0/PF_CCC_C0_PF_CCC_C0_0_PF_CCC.v (N/A, 2026-04-28 14:59:10) <-- (may instantiate this module)
                        /home/ahlemzenache/Documents/polarfire-soc-video-kit-reference-design_READ_WRITE/VKPFSOC_JPEG_WRITE_READ/component/work/PF_CLK_DIV_C0/PF_CLK_DIV_C0.v (N/A, 2026-04-28 14:59:11) <-- (may instantiate this module)
                        /home/ahlemzenache/Documents/polarfire-soc-video-kit-reference-design_READ_WRITE/VKPFSOC_JPEG_WRITE_READ/component/work/PF_CLK_DIV_C0/PF_CLK_DIV_C0_0/PF_CLK_DIV_C0_PF_CLK_DIV_C0_0_PF_CLK_DIV.v (N/A, 2026-04-28 14:59:11) <-- (may instantiate this module)
                        /home/ahlemzenache/Documents/polarfire-soc-video-kit-reference-design_READ_WRITE/VKPFSOC_JPEG_WRITE_READ/component/work/PF_OSC_C0/PF_OSC_C0.v (N/A, 2026-04-28 14:59:11) <-- (may instantiate this module)
                        /home/ahlemzenache/Documents/polarfire-soc-video-kit-reference-design_READ_WRITE/VKPFSOC_JPEG_WRITE_READ/component/work/PF_OSC_C0/PF_OSC_C0_0/PF_OSC_C0_PF_OSC_C0_0_PF_OSC.v (N/A, 2026-04-28 14:59:11) <-- (may instantiate this module)
                        /home/ahlemzenache/Documents/polarfire-soc-video-kit-reference-design_READ_WRITE/VKPFSOC_JPEG_WRITE_READ/component/work/PF_XCVR_REF_CLK_C0/PF_XCVR_REF_CLK_C0.v (N/A, 2026-04-28 14:59:12) <-- (may instantiate this module)
                        /home/ahlemzenache/Documents/polarfire-soc-video-kit-reference-design_READ_WRITE/VKPFSOC_JPEG_WRITE_READ/component/work/PF_XCVR_REF_CLK_C0/PF_XCVR_REF_CLK_C0_0/PF_XCVR_REF_CLK_C0_PF_XCVR_REF_CLK_C0_0_PF_XCVR_REF_CLK.v (N/A, 2026-04-28 14:59:12) <-- (may instantiate this module)
                        /home/ahlemzenache/Documents/polarfire-soc-video-kit-reference-design_READ_WRITE/VKPFSOC_JPEG_WRITE_READ/component/work/VKPFSOC_TOP/VKPFSOC_TOP.v (N/A, 2026-04-28 15:17:39) <-- (may instantiate this module)
22       work.CRN_INT.verilog may have changed because the following files changed:
                        /home/ahlemzenache/Documents/polarfire-soc-video-kit-reference-design_READ_WRITE/VKPFSOC_JPEG_WRITE_READ/component/syn_comps.v (N/A, 2026-05-03 09:04:16) <-- (module definition)
                        /home/ahlemzenache/Documents/polarfire-soc-video-kit-reference-design_READ_WRITE/VKPFSOC_JPEG_WRITE_READ/component/work/CLOCKS_AND_RESETS/CLOCKS_AND_RESETS.v (N/A, 2026-04-28 14:59:15) <-- (may instantiate this module)
                        /home/ahlemzenache/Documents/polarfire-soc-video-kit-reference-design_READ_WRITE/VKPFSOC_JPEG_WRITE_READ/component/work/INIT_MONITOR/INIT_MONITOR.v (N/A, 2026-04-28 14:59:09) <-- (may instantiate this module)
                        /home/ahlemzenache/Documents/polarfire-soc-video-kit-reference-design_READ_WRITE/VKPFSOC_JPEG_WRITE_READ/component/work/INIT_MONITOR/INIT_MONITOR_0/INIT_MONITOR_INIT_MONITOR_0_PFSOC_INIT_MONITOR.v (N/A, 2026-04-28 14:59:09) <-- (may instantiate this module)
                        /home/ahlemzenache/Documents/polarfire-soc-video-kit-reference-design_READ_WRITE/VKPFSOC_JPEG_WRITE_READ/component/work/PF_CCC_C0/PF_CCC_C0.v (N/A, 2026-04-28 14:59:10) <-- (may instantiate this module)
                        /home/ahlemzenache/Documents/polarfire-soc-video-kit-reference-design_READ_WRITE/VKPFSOC_JPEG_WRITE_READ/component/work/PF_CCC_C0/PF_CCC_C0_0/PF_CCC_C0_PF_CCC_C0_0_PF_CCC.v (N/A, 2026-04-28 14:59:10) <-- (may instantiate this module)
                        /home/ahlemzenache/Documents/polarfire-soc-video-kit-reference-design_READ_WRITE/VKPFSOC_JPEG_WRITE_READ/component/work/PF_CLK_DIV_C0/PF_CLK_DIV_C0.v (N/A, 2026-04-28 14:59:11) <-- (may instantiate this module)
                        /home/ahlemzenache/Documents/polarfire-soc-video-kit-reference-design_READ_WRITE/VKPFSOC_JPEG_WRITE_READ/component/work/PF_CLK_DIV_C0/PF_CLK_DIV_C0_0/PF_CLK_DIV_C0_PF_CLK_DIV_C0_0_PF_CLK_DIV.v (N/A, 2026-04-28 14:59:11) <-- (may instantiate this module)
                        /home/ahlemzenache/Documents/polarfire-soc-video-kit-reference-design_READ_WRITE/VKPFSOC_JPEG_WRITE_READ/component/work/PF_OSC_C0/PF_OSC_C0.v (N/A, 2026-04-28 14:59:11) <-- (may instantiate this module)
                        /home/ahlemzenache/Documents/polarfire-soc-video-kit-reference-design_READ_WRITE/VKPFSOC_JPEG_WRITE_READ/component/work/PF_OSC_C0/PF_OSC_C0_0/PF_OSC_C0_PF_OSC_C0_0_PF_OSC.v (N/A, 2026-04-28 14:59:11) <-- (may instantiate this module)
                        /home/ahlemzenache/Documents/polarfire-soc-video-kit-reference-design_READ_WRITE/VKPFSOC_JPEG_WRITE_READ/component/work/PF_XCVR_REF_CLK_C0/PF_XCVR_REF_CLK_C0.v (N/A, 2026-04-28 14:59:12) <-- (may instantiate this module)
                        /home/ahlemzenache/Documents/polarfire-soc-video-kit-reference-design_READ_WRITE/VKPFSOC_JPEG_WRITE_READ/component/work/PF_XCVR_REF_CLK_C0/PF_XCVR_REF_CLK_C0_0/PF_XCVR_REF_CLK_C0_PF_XCVR_REF_CLK_C0_0_PF_XCVR_REF_CLK.v (N/A, 2026-04-28 14:59:12) <-- (may instantiate this module)
                        /home/ahlemzenache/Documents/polarfire-soc-video-kit-reference-design_READ_WRITE/VKPFSOC_JPEG_WRITE_READ/component/work/VKPFSOC_TOP/VKPFSOC_TOP.v (N/A, 2026-04-28 15:17:39) <-- (may instantiate this module)
23       work.CRYPTO.verilog may have changed because the following files changed:
                        /home/ahlemzenache/Documents/polarfire-soc-video-kit-reference-design_READ_WRITE/VKPFSOC_JPEG_WRITE_READ/component/syn_comps.v (N/A, 2026-05-03 09:04:16) <-- (module definition)
                        /home/ahlemzenache/Documents/polarfire-soc-video-kit-reference-design_READ_WRITE/VKPFSOC_JPEG_WRITE_READ/component/work/CLOCKS_AND_RESETS/CLOCKS_AND_RESETS.v (N/A, 2026-04-28 14:59:15) <-- (may instantiate this module)
                        /home/ahlemzenache/Documents/polarfire-soc-video-kit-reference-design_READ_WRITE/VKPFSOC_JPEG_WRITE_READ/component/work/INIT_MONITOR/INIT_MONITOR.v (N/A, 2026-04-28 14:59:09) <-- (may instantiate this module)
                        /home/ahlemzenache/Documents/polarfire-soc-video-kit-reference-design_READ_WRITE/VKPFSOC_JPEG_WRITE_READ/component/work/INIT_MONITOR/INIT_MONITOR_0/INIT_MONITOR_INIT_MONITOR_0_PFSOC_INIT_MONITOR.v (N/A, 2026-04-28 14:59:09) <-- (may instantiate this module)
                        /home/ahlemzenache/Documents/polarfire-soc-video-kit-reference-design_READ_WRITE/VKPFSOC_JPEG_WRITE_READ/component/work/PF_CCC_C0/PF_CCC_C0.v (N/A, 2026-04-28 14:59:10) <-- (may instantiate this module)
                        /home/ahlemzenache/Documents/polarfire-soc-video-kit-reference-design_READ_WRITE/VKPFSOC_JPEG_WRITE_READ/component/work/PF_CCC_C0/PF_CCC_C0_0/PF_CCC_C0_PF_CCC_C0_0_PF_CCC.v (N/A, 2026-04-28 14:59:10) <-- (may instantiate this module)
                        /home/ahlemzenache/Documents/polarfire-soc-video-kit-reference-design_READ_WRITE/VKPFSOC_JPEG_WRITE_READ/component/work/PF_CLK_DIV_C0/PF_CLK_DIV_C0.v (N/A, 2026-04-28 14:59:11) <-- (may instantiate this module)
                        /home/ahlemzenache/Documents/polarfire-soc-video-kit-reference-design_READ_WRITE/VKPFSOC_JPEG_WRITE_READ/component/work/PF_CLK_DIV_C0/PF_CLK_DIV_C0_0/PF_CLK_DIV_C0_PF_CLK_DIV_C0_0_PF_CLK_DIV.v (N/A, 2026-04-28 14:59:11) <-- (may instantiate this module)
                        /home/ahlemzenache/Documents/polarfire-soc-video-kit-reference-design_READ_WRITE/VKPFSOC_JPEG_WRITE_READ/component/work/PF_OSC_C0/PF_OSC_C0.v (N/A, 2026-04-28 14:59:11) <-- (may instantiate this module)
                        /home/ahlemzenache/Documents/polarfire-soc-video-kit-reference-design_READ_WRITE/VKPFSOC_JPEG_WRITE_READ/component/work/PF_OSC_C0/PF_OSC_C0_0/PF_OSC_C0_PF_OSC_C0_0_PF_OSC.v (N/A, 2026-04-28 14:59:11) <-- (may instantiate this module)
                        /home/ahlemzenache/Documents/polarfire-soc-video-kit-reference-design_READ_WRITE/VKPFSOC_JPEG_WRITE_READ/component/work/PF_XCVR_REF_CLK_C0/PF_XCVR_REF_CLK_C0.v (N/A, 2026-04-28 14:59:12) <-- (may instantiate this module)
                        /home/ahlemzenache/Documents/polarfire-soc-video-kit-reference-design_READ_WRITE/VKPFSOC_JPEG_WRITE_READ/component/work/PF_XCVR_REF_CLK_C0/PF_XCVR_REF_CLK_C0_0/PF_XCVR_REF_CLK_C0_PF_XCVR_REF_CLK_C0_0_PF_XCVR_REF_CLK.v (N/A, 2026-04-28 14:59:12) <-- (may instantiate this module)
                        /home/ahlemzenache/Documents/polarfire-soc-video-kit-reference-design_READ_WRITE/VKPFSOC_JPEG_WRITE_READ/component/work/VKPFSOC_TOP/VKPFSOC_TOP.v (N/A, 2026-04-28 15:17:39) <-- (may instantiate this module)
24       work.CRYPTO_SOC.verilog may have changed because the following files changed:
                        /home/ahlemzenache/Documents/polarfire-soc-video-kit-reference-design_READ_WRITE/VKPFSOC_JPEG_WRITE_READ/component/syn_comps.v (N/A, 2026-05-03 09:04:16) <-- (module definition)
                        /home/ahlemzenache/Documents/polarfire-soc-video-kit-reference-design_READ_WRITE/VKPFSOC_JPEG_WRITE_READ/component/work/CLOCKS_AND_RESETS/CLOCKS_AND_RESETS.v (N/A, 2026-04-28 14:59:15) <-- (may instantiate this module)
                        /home/ahlemzenache/Documents/polarfire-soc-video-kit-reference-design_READ_WRITE/VKPFSOC_JPEG_WRITE_READ/component/work/INIT_MONITOR/INIT_MONITOR.v (N/A, 2026-04-28 14:59:09) <-- (may instantiate this module)
                        /home/ahlemzenache/Documents/polarfire-soc-video-kit-reference-design_READ_WRITE/VKPFSOC_JPEG_WRITE_READ/component/work/INIT_MONITOR/INIT_MONITOR_0/INIT_MONITOR_INIT_MONITOR_0_PFSOC_INIT_MONITOR.v (N/A, 2026-04-28 14:59:09) <-- (may instantiate this module)
                        /home/ahlemzenache/Documents/polarfire-soc-video-kit-reference-design_READ_WRITE/VKPFSOC_JPEG_WRITE_READ/component/work/PF_CCC_C0/PF_CCC_C0.v (N/A, 2026-04-28 14:59:10) <-- (may instantiate this module)
                        /home/ahlemzenache/Documents/polarfire-soc-video-kit-reference-design_READ_WRITE/VKPFSOC_JPEG_WRITE_READ/component/work/PF_CCC_C0/PF_CCC_C0_0/PF_CCC_C0_PF_CCC_C0_0_PF_CCC.v (N/A, 2026-04-28 14:59:10) <-- (may instantiate this module)
                        /home/ahlemzenache/Documents/polarfire-soc-video-kit-reference-design_READ_WRITE/VKPFSOC_JPEG_WRITE_READ/component/work/PF_CLK_DIV_C0/PF_CLK_DIV_C0.v (N/A, 2026-04-28 14:59:11) <-- (may instantiate this module)
                        /home/ahlemzenache/Documents/polarfire-soc-video-kit-reference-design_READ_WRITE/VKPFSOC_JPEG_WRITE_READ/component/work/PF_CLK_DIV_C0/PF_CLK_DIV_C0_0/PF_CLK_DIV_C0_PF_CLK_DIV_C0_0_PF_CLK_DIV.v (N/A, 2026-04-28 14:59:11) <-- (may instantiate this module)
                        /home/ahlemzenache/Documents/polarfire-soc-video-kit-reference-design_READ_WRITE/VKPFSOC_JPEG_WRITE_READ/component/work/PF_OSC_C0/PF_OSC_C0.v (N/A, 2026-04-28 14:59:11) <-- (may instantiate this module)
                        /home/ahlemzenache/Documents/polarfire-soc-video-kit-reference-design_READ_WRITE/VKPFSOC_JPEG_WRITE_READ/component/work/PF_OSC_C0/PF_OSC_C0_0/PF_OSC_C0_PF_OSC_C0_0_PF_OSC.v (N/A, 2026-04-28 14:59:11) <-- (may instantiate this module)
                        /home/ahlemzenache/Documents/polarfire-soc-video-kit-reference-design_READ_WRITE/VKPFSOC_JPEG_WRITE_READ/component/work/PF_XCVR_REF_CLK_C0/PF_XCVR_REF_CLK_C0.v (N/A, 2026-04-28 14:59:12) <-- (may instantiate this module)
                        /home/ahlemzenache/Documents/polarfire-soc-video-kit-reference-design_READ_WRITE/VKPFSOC_JPEG_WRITE_READ/component/work/PF_XCVR_REF_CLK_C0/PF_XCVR_REF_CLK_C0_0/PF_XCVR_REF_CLK_C0_PF_XCVR_REF_CLK_C0_0_PF_XCVR_REF_CLK.v (N/A, 2026-04-28 14:59:12) <-- (may instantiate this module)
                        /home/ahlemzenache/Documents/polarfire-soc-video-kit-reference-design_READ_WRITE/VKPFSOC_JPEG_WRITE_READ/component/work/VKPFSOC_TOP/VKPFSOC_TOP.v (N/A, 2026-04-28 15:17:39) <-- (may instantiate this module)
25       work.CoreAPB3_C0.verilog may have changed because the following files changed:
                        /home/ahlemzenache/Documents/polarfire-soc-video-kit-reference-design_READ_WRITE/VKPFSOC_JPEG_WRITE_READ/component/work/CoreAPB3_C0/CoreAPB3_C0.v (N/A, 2026-04-28 14:59:16) <-- (module definition)
                        /home/ahlemzenache/Documents/polarfire-soc-video-kit-reference-design_READ_WRITE/VKPFSOC_JPEG_WRITE_READ/component/work/FIC_CONVERTER/FIC_CONVERTER.v (N/A, 2026-04-28 14:59:18) <-- (may instantiate this module)
                        /home/ahlemzenache/Documents/polarfire-soc-video-kit-reference-design_READ_WRITE/VKPFSOC_JPEG_WRITE_READ/component/work/VKPFSOC_TOP/VKPFSOC_TOP.v (N/A, 2026-04-28 15:17:39) <-- (may instantiate this module)
26       work.DDR_AXI4_ARBITER_PF.verilog may have changed because the following files changed:
                        /home/ahlemzenache/Documents/polarfire-soc-video-kit-reference-design_READ_WRITE/VKPFSOC_JPEG_WRITE_READ/component/Microchip/SolutionCore/DDR_AXI4_ARBITER_PF/2.2.0/RTL/DDR_AXI4_ARBITER_PF.v (N/A, 2026-04-28 14:59:19) <-- (module definition)
                        /home/ahlemzenache/Documents/polarfire-soc-video-kit-reference-design_READ_WRITE/VKPFSOC_JPEG_WRITE_READ/component/work/DDR_AXI4_ARBITER_PF_C0/DDR_AXI4_ARBITER_PF_C0.v (N/A, 2026-04-28 14:59:19) <-- (may instantiate this module)
                        /home/ahlemzenache/Documents/polarfire-soc-video-kit-reference-design_READ_WRITE/VKPFSOC_JPEG_WRITE_READ/component/work/VKPFSOC_TOP/VKPFSOC_TOP.v (N/A, 2026-04-28 15:17:39) <-- (may instantiate this module)
                        /home/ahlemzenache/Documents/polarfire-soc-video-kit-reference-design_READ_WRITE/VKPFSOC_JPEG_WRITE_READ/component/work/top_ddr_write_read/top_ddr_write_read.v (N/A, 2026-04-28 14:59:32) <-- (may instantiate this module)
27       work.DDR_AXI4_ARBITER_PF_C0.verilog may have changed because the following files changed:
                        /home/ahlemzenache/Documents/polarfire-soc-video-kit-reference-design_READ_WRITE/VKPFSOC_JPEG_WRITE_READ/component/work/DDR_AXI4_ARBITER_PF_C0/DDR_AXI4_ARBITER_PF_C0.v (N/A, 2026-04-28 14:59:19) <-- (module definition)
                        /home/ahlemzenache/Documents/polarfire-soc-video-kit-reference-design_READ_WRITE/VKPFSOC_JPEG_WRITE_READ/component/work/VKPFSOC_TOP/VKPFSOC_TOP.v (N/A, 2026-04-28 15:17:39) <-- (may instantiate this module)
                        /home/ahlemzenache/Documents/polarfire-soc-video-kit-reference-design_READ_WRITE/VKPFSOC_JPEG_WRITE_READ/component/work/top_ddr_write_read/top_ddr_write_read.v (N/A, 2026-04-28 14:59:32) <-- (may instantiate this module)
28       work.DDR_AXI4_ARBITER_PF_Native.verilog may have changed because the following files changed:
                        /home/ahlemzenache/Documents/polarfire-soc-video-kit-reference-design_READ_WRITE/VKPFSOC_JPEG_WRITE_READ/component/Microchip/SolutionCore/DDR_AXI4_ARBITER_PF/2.2.0/RTL/DDR_AXI4_ARBITER_PF.v (N/A, 2026-04-28 14:59:19) <-- (may instantiate this module)
                        /home/ahlemzenache/Documents/polarfire-soc-video-kit-reference-design_READ_WRITE/VKPFSOC_JPEG_WRITE_READ/component/Microchip/SolutionCore/DDR_AXI4_ARBITER_PF/2.2.0/RTL/DDR_AXI4_ARBITER_PF_Native.v (N/A, 2026-04-28 14:59:19) <-- (module definition)
                        /home/ahlemzenache/Documents/polarfire-soc-video-kit-reference-design_READ_WRITE/VKPFSOC_JPEG_WRITE_READ/component/work/DDR_AXI4_ARBITER_PF_C0/DDR_AXI4_ARBITER_PF_C0.v (N/A, 2026-04-28 14:59:19) <-- (may instantiate this module)
                        /home/ahlemzenache/Documents/polarfire-soc-video-kit-reference-design_READ_WRITE/VKPFSOC_JPEG_WRITE_READ/component/work/VKPFSOC_TOP/VKPFSOC_TOP.v (N/A, 2026-04-28 15:17:39) <-- (may instantiate this module)
                        /home/ahlemzenache/Documents/polarfire-soc-video-kit-reference-design_READ_WRITE/VKPFSOC_JPEG_WRITE_READ/component/work/top_ddr_write_read/top_ddr_write_read.v (N/A, 2026-04-28 14:59:32) <-- (may instantiate this module)
29       work.DDR_Read.verilog may have changed because the following files changed:
                        /home/ahlemzenache/Documents/polarfire-soc-video-kit-reference-design_READ_WRITE/VKPFSOC_JPEG_WRITE_READ/component/Microchip/SolutionCore/DDR_Read/1.2.0/RTL/DDR_Read.v (N/A, 2026-04-28 15:52:07) <-- (module definition)
                        /home/ahlemzenache/Documents/polarfire-soc-video-kit-reference-design_READ_WRITE/VKPFSOC_JPEG_WRITE_READ/component/work/DDR_Read_C0/DDR_Read_C0.v (N/A, 2026-04-28 15:52:07) <-- (may instantiate this module)
                        /home/ahlemzenache/Documents/polarfire-soc-video-kit-reference-design_READ_WRITE/VKPFSOC_JPEG_WRITE_READ/component/work/VKPFSOC_TOP/VKPFSOC_TOP.v (N/A, 2026-04-28 15:17:39) <-- (may instantiate this module)
                        /home/ahlemzenache/Documents/polarfire-soc-video-kit-reference-design_READ_WRITE/VKPFSOC_JPEG_WRITE_READ/component/work/top_ddr_write_read/top_ddr_write_read.v (N/A, 2026-04-28 14:59:32) <-- (may instantiate this module)
30       work.DDR_Read_C0.verilog may have changed because the following files changed:
                        /home/ahlemzenache/Documents/polarfire-soc-video-kit-reference-design_READ_WRITE/VKPFSOC_JPEG_WRITE_READ/component/work/DDR_Read_C0/DDR_Read_C0.v (N/A, 2026-04-28 15:52:07) <-- (module definition)
                        /home/ahlemzenache/Documents/polarfire-soc-video-kit-reference-design_READ_WRITE/VKPFSOC_JPEG_WRITE_READ/component/work/VKPFSOC_TOP/VKPFSOC_TOP.v (N/A, 2026-04-28 15:17:39) <-- (may instantiate this module)
                        /home/ahlemzenache/Documents/polarfire-soc-video-kit-reference-design_READ_WRITE/VKPFSOC_JPEG_WRITE_READ/component/work/top_ddr_write_read/top_ddr_write_read.v (N/A, 2026-04-28 14:59:32) <-- (may instantiate this module)
31       work.DDR_Read_Native.verilog may have changed because the following files changed:
                        /home/ahlemzenache/Documents/polarfire-soc-video-kit-reference-design_READ_WRITE/VKPFSOC_JPEG_WRITE_READ/component/Microchip/SolutionCore/DDR_Read/1.2.0/RTL/DDR_Read.v (N/A, 2026-04-28 15:52:07) <-- (may instantiate this module)
                        /home/ahlemzenache/Documents/polarfire-soc-video-kit-reference-design_READ_WRITE/VKPFSOC_JPEG_WRITE_READ/component/Microchip/SolutionCore/DDR_Read/1.2.0/RTL/DDR_Read_Native.v (N/A, 2026-04-28 15:52:07) <-- (module definition)
                        /home/ahlemzenache/Documents/polarfire-soc-video-kit-reference-design_READ_WRITE/VKPFSOC_JPEG_WRITE_READ/component/work/DDR_Read_C0/DDR_Read_C0.v (N/A, 2026-04-28 15:52:07) <-- (may instantiate this module)
                        /home/ahlemzenache/Documents/polarfire-soc-video-kit-reference-design_READ_WRITE/VKPFSOC_JPEG_WRITE_READ/component/work/VKPFSOC_TOP/VKPFSOC_TOP.v (N/A, 2026-04-28 15:17:39) <-- (may instantiate this module)
                        /home/ahlemzenache/Documents/polarfire-soc-video-kit-reference-design_READ_WRITE/VKPFSOC_JPEG_WRITE_READ/component/work/top_ddr_write_read/top_ddr_write_read.v (N/A, 2026-04-28 14:59:32) <-- (may instantiate this module)
32       work.DDR_WRITE_JPEG.verilog may have changed because the following files changed:
                        /home/ahlemzenache/Documents/polarfire-soc-video-kit-reference-design_READ_WRITE/VKPFSOC_JPEG_WRITE_READ/component/work/DDR_WRITE_JPEG/DDR_WRITE_JPEG.v (N/A, 2026-04-28 14:59:25) <-- (module definition)
                        /home/ahlemzenache/Documents/polarfire-soc-video-kit-reference-design_READ_WRITE/VKPFSOC_JPEG_WRITE_READ/component/work/VKPFSOC_TOP/VKPFSOC_TOP.v (N/A, 2026-04-28 15:17:39) <-- (may instantiate this module)
                        /home/ahlemzenache/Documents/polarfire-soc-video-kit-reference-design_READ_WRITE/VKPFSOC_JPEG_WRITE_READ/component/work/top_ddr_write_read/top_ddr_write_read.v (N/A, 2026-04-28 14:59:32) <-- (may instantiate this module)
33       work.DDR_read_controller.verilog may have changed because the following files changed:
                        /home/ahlemzenache/Documents/polarfire-soc-video-kit-reference-design_READ_WRITE/VKPFSOC_JPEG_WRITE_READ/component/Microchip/SolutionCore/DDR_Read/1.2.0/RTL/DDR_Read.v (N/A, 2026-04-28 15:52:07) <-- (may instantiate this module)
                        /home/ahlemzenache/Documents/polarfire-soc-video-kit-reference-design_READ_WRITE/VKPFSOC_JPEG_WRITE_READ/component/Microchip/SolutionCore/DDR_Read/1.2.0/RTL/DDR_Read_Native.v (N/A, 2026-04-28 15:52:07) <-- (may instantiate this module)
                        /home/ahlemzenache/Documents/polarfire-soc-video-kit-reference-design_READ_WRITE/VKPFSOC_JPEG_WRITE_READ/component/Microchip/SolutionCore/DDR_Read/1.2.0/RTL/DDR_read_controller.v (N/A, 2026-04-28 15:52:07) <-- (module definition)
                        /home/ahlemzenache/Documents/polarfire-soc-video-kit-reference-design_READ_WRITE/VKPFSOC_JPEG_WRITE_READ/component/work/DDR_Read_C0/DDR_Read_C0.v (N/A, 2026-04-28 15:52:07) <-- (may instantiate this module)
                        /home/ahlemzenache/Documents/polarfire-soc-video-kit-reference-design_READ_WRITE/VKPFSOC_JPEG_WRITE_READ/component/work/VKPFSOC_TOP/VKPFSOC_TOP.v (N/A, 2026-04-28 15:17:39) <-- (may instantiate this module)
                        /home/ahlemzenache/Documents/polarfire-soc-video-kit-reference-design_READ_WRITE/VKPFSOC_JPEG_WRITE_READ/component/work/top_ddr_write_read/top_ddr_write_read.v (N/A, 2026-04-28 14:59:32) <-- (may instantiate this module)
34       work.DEBUG.verilog may have changed because the following files changed:
                        /home/ahlemzenache/Documents/polarfire-soc-video-kit-reference-design_READ_WRITE/VKPFSOC_JPEG_WRITE_READ/component/syn_comps.v (N/A, 2026-05-03 09:04:16) <-- (module definition)
                        /home/ahlemzenache/Documents/polarfire-soc-video-kit-reference-design_READ_WRITE/VKPFSOC_JPEG_WRITE_READ/component/work/CLOCKS_AND_RESETS/CLOCKS_AND_RESETS.v (N/A, 2026-04-28 14:59:15) <-- (may instantiate this module)
                        /home/ahlemzenache/Documents/polarfire-soc-video-kit-reference-design_READ_WRITE/VKPFSOC_JPEG_WRITE_READ/component/work/INIT_MONITOR/INIT_MONITOR.v (N/A, 2026-04-28 14:59:09) <-- (may instantiate this module)
                        /home/ahlemzenache/Documents/polarfire-soc-video-kit-reference-design_READ_WRITE/VKPFSOC_JPEG_WRITE_READ/component/work/INIT_MONITOR/INIT_MONITOR_0/INIT_MONITOR_INIT_MONITOR_0_PFSOC_INIT_MONITOR.v (N/A, 2026-04-28 14:59:09) <-- (may instantiate this module)
                        /home/ahlemzenache/Documents/polarfire-soc-video-kit-reference-design_READ_WRITE/VKPFSOC_JPEG_WRITE_READ/component/work/PF_CCC_C0/PF_CCC_C0.v (N/A, 2026-04-28 14:59:10) <-- (may instantiate this module)
                        /home/ahlemzenache/Documents/polarfire-soc-video-kit-reference-design_READ_WRITE/VKPFSOC_JPEG_WRITE_READ/component/work/PF_CCC_C0/PF_CCC_C0_0/PF_CCC_C0_PF_CCC_C0_0_PF_CCC.v (N/A, 2026-04-28 14:59:10) <-- (may instantiate this module)
                        /home/ahlemzenache/Documents/polarfire-soc-video-kit-reference-design_READ_WRITE/VKPFSOC_JPEG_WRITE_READ/component/work/PF_CLK_DIV_C0/PF_CLK_DIV_C0.v (N/A, 2026-04-28 14:59:11) <-- (may instantiate this module)
                        /home/ahlemzenache/Documents/polarfire-soc-video-kit-reference-design_READ_WRITE/VKPFSOC_JPEG_WRITE_READ/component/work/PF_CLK_DIV_C0/PF_CLK_DIV_C0_0/PF_CLK_DIV_C0_PF_CLK_DIV_C0_0_PF_CLK_DIV.v (N/A, 2026-04-28 14:59:11) <-- (may instantiate this module)
                        /home/ahlemzenache/Documents/polarfire-soc-video-kit-reference-design_READ_WRITE/VKPFSOC_JPEG_WRITE_READ/component/work/PF_OSC_C0/PF_OSC_C0.v (N/A, 2026-04-28 14:59:11) <-- (may instantiate this module)
                        /home/ahlemzenache/Documents/polarfire-soc-video-kit-reference-design_READ_WRITE/VKPFSOC_JPEG_WRITE_READ/component/work/PF_OSC_C0/PF_OSC_C0_0/PF_OSC_C0_PF_OSC_C0_0_PF_OSC.v (N/A, 2026-04-28 14:59:11) <-- (may instantiate this module)
                        /home/ahlemzenache/Documents/polarfire-soc-video-kit-reference-design_READ_WRITE/VKPFSOC_JPEG_WRITE_READ/component/work/PF_XCVR_REF_CLK_C0/PF_XCVR_REF_CLK_C0.v (N/A, 2026-04-28 14:59:12) <-- (may instantiate this module)
                        /home/ahlemzenache/Documents/polarfire-soc-video-kit-reference-design_READ_WRITE/VKPFSOC_JPEG_WRITE_READ/component/work/PF_XCVR_REF_CLK_C0/PF_XCVR_REF_CLK_C0_0/PF_XCVR_REF_CLK_C0_PF_XCVR_REF_CLK_C0_0_PF_XCVR_REF_CLK.v (N/A, 2026-04-28 14:59:12) <-- (may instantiate this module)
                        /home/ahlemzenache/Documents/polarfire-soc-video-kit-reference-design_READ_WRITE/VKPFSOC_JPEG_WRITE_READ/component/work/VKPFSOC_TOP/VKPFSOC_TOP.v (N/A, 2026-04-28 15:17:39) <-- (may instantiate this module)
35       work.DLL.verilog may have changed because the following files changed:
                        /home/ahlemzenache/Documents/polarfire-soc-video-kit-reference-design_READ_WRITE/VKPFSOC_JPEG_WRITE_READ/component/syn_comps.v (N/A, 2026-05-03 09:04:16) <-- (module definition)
                        /home/ahlemzenache/Documents/polarfire-soc-video-kit-reference-design_READ_WRITE/VKPFSOC_JPEG_WRITE_READ/component/work/CLOCKS_AND_RESETS/CLOCKS_AND_RESETS.v (N/A, 2026-04-28 14:59:15) <-- (may instantiate this module)
                        /home/ahlemzenache/Documents/polarfire-soc-video-kit-reference-design_READ_WRITE/VKPFSOC_JPEG_WRITE_READ/component/work/INIT_MONITOR/INIT_MONITOR.v (N/A, 2026-04-28 14:59:09) <-- (may instantiate this module)
                        /home/ahlemzenache/Documents/polarfire-soc-video-kit-reference-design_READ_WRITE/VKPFSOC_JPEG_WRITE_READ/component/work/INIT_MONITOR/INIT_MONITOR_0/INIT_MONITOR_INIT_MONITOR_0_PFSOC_INIT_MONITOR.v (N/A, 2026-04-28 14:59:09) <-- (may instantiate this module)
                        /home/ahlemzenache/Documents/polarfire-soc-video-kit-reference-design_READ_WRITE/VKPFSOC_JPEG_WRITE_READ/component/work/PF_CCC_C0/PF_CCC_C0.v (N/A, 2026-04-28 14:59:10) <-- (may instantiate this module)
                        /home/ahlemzenache/Documents/polarfire-soc-video-kit-reference-design_READ_WRITE/VKPFSOC_JPEG_WRITE_READ/component/work/PF_CCC_C0/PF_CCC_C0_0/PF_CCC_C0_PF_CCC_C0_0_PF_CCC.v (N/A, 2026-04-28 14:59:10) <-- (may instantiate this module)
                        /home/ahlemzenache/Documents/polarfire-soc-video-kit-reference-design_READ_WRITE/VKPFSOC_JPEG_WRITE_READ/component/work/PF_CLK_DIV_C0/PF_CLK_DIV_C0.v (N/A, 2026-04-28 14:59:11) <-- (may instantiate this module)
                        /home/ahlemzenache/Documents/polarfire-soc-video-kit-reference-design_READ_WRITE/VKPFSOC_JPEG_WRITE_READ/component/work/PF_CLK_DIV_C0/PF_CLK_DIV_C0_0/PF_CLK_DIV_C0_PF_CLK_DIV_C0_0_PF_CLK_DIV.v (N/A, 2026-04-28 14:59:11) <-- (may instantiate this module)
                        /home/ahlemzenache/Documents/polarfire-soc-video-kit-reference-design_READ_WRITE/VKPFSOC_JPEG_WRITE_READ/component/work/PF_OSC_C0/PF_OSC_C0.v (N/A, 2026-04-28 14:59:11) <-- (may instantiate this module)
                        /home/ahlemzenache/Documents/polarfire-soc-video-kit-reference-design_READ_WRITE/VKPFSOC_JPEG_WRITE_READ/component/work/PF_OSC_C0/PF_OSC_C0_0/PF_OSC_C0_PF_OSC_C0_0_PF_OSC.v (N/A, 2026-04-28 14:59:11) <-- (may instantiate this module)
                        /home/ahlemzenache/Documents/polarfire-soc-video-kit-reference-design_READ_WRITE/VKPFSOC_JPEG_WRITE_READ/component/work/PF_XCVR_REF_CLK_C0/PF_XCVR_REF_CLK_C0.v (N/A, 2026-04-28 14:59:12) <-- (may instantiate this module)
                        /home/ahlemzenache/Documents/polarfire-soc-video-kit-reference-design_READ_WRITE/VKPFSOC_JPEG_WRITE_READ/component/work/PF_XCVR_REF_CLK_C0/PF_XCVR_REF_CLK_C0_0/PF_XCVR_REF_CLK_C0_PF_XCVR_REF_CLK_C0_0_PF_XCVR_REF_CLK.v (N/A, 2026-04-28 14:59:12) <-- (may instantiate this module)
                        /home/ahlemzenache/Documents/polarfire-soc-video-kit-reference-design_READ_WRITE/VKPFSOC_JPEG_WRITE_READ/component/work/VKPFSOC_TOP/VKPFSOC_TOP.v (N/A, 2026-04-28 15:17:39) <-- (may instantiate this module)
36       work.DRI.verilog may have changed because the following files changed:
                        /home/ahlemzenache/Documents/polarfire-soc-video-kit-reference-design_READ_WRITE/VKPFSOC_JPEG_WRITE_READ/component/syn_comps.v (N/A, 2026-05-03 09:04:16) <-- (module definition)
                        /home/ahlemzenache/Documents/polarfire-soc-video-kit-reference-design_READ_WRITE/VKPFSOC_JPEG_WRITE_READ/component/work/CLOCKS_AND_RESETS/CLOCKS_AND_RESETS.v (N/A, 2026-04-28 14:59:15) <-- (may instantiate this module)
                        /home/ahlemzenache/Documents/polarfire-soc-video-kit-reference-design_READ_WRITE/VKPFSOC_JPEG_WRITE_READ/component/work/INIT_MONITOR/INIT_MONITOR.v (N/A, 2026-04-28 14:59:09) <-- (may instantiate this module)
                        /home/ahlemzenache/Documents/polarfire-soc-video-kit-reference-design_READ_WRITE/VKPFSOC_JPEG_WRITE_READ/component/work/INIT_MONITOR/INIT_MONITOR_0/INIT_MONITOR_INIT_MONITOR_0_PFSOC_INIT_MONITOR.v (N/A, 2026-04-28 14:59:09) <-- (may instantiate this module)
                        /home/ahlemzenache/Documents/polarfire-soc-video-kit-reference-design_READ_WRITE/VKPFSOC_JPEG_WRITE_READ/component/work/PF_CCC_C0/PF_CCC_C0.v (N/A, 2026-04-28 14:59:10) <-- (may instantiate this module)
                        /home/ahlemzenache/Documents/polarfire-soc-video-kit-reference-design_READ_WRITE/VKPFSOC_JPEG_WRITE_READ/component/work/PF_CCC_C0/PF_CCC_C0_0/PF_CCC_C0_PF_CCC_C0_0_PF_CCC.v (N/A, 2026-04-28 14:59:10) <-- (may instantiate this module)
                        /home/ahlemzenache/Documents/polarfire-soc-video-kit-reference-design_READ_WRITE/VKPFSOC_JPEG_WRITE_READ/component/work/PF_CLK_DIV_C0/PF_CLK_DIV_C0.v (N/A, 2026-04-28 14:59:11) <-- (may instantiate this module)
                        /home/ahlemzenache/Documents/polarfire-soc-video-kit-reference-design_READ_WRITE/VKPFSOC_JPEG_WRITE_READ/component/work/PF_CLK_DIV_C0/PF_CLK_DIV_C0_0/PF_CLK_DIV_C0_PF_CLK_DIV_C0_0_PF_CLK_DIV.v (N/A, 2026-04-28 14:59:11) <-- (may instantiate this module)
                        /home/ahlemzenache/Documents/polarfire-soc-video-kit-reference-design_READ_WRITE/VKPFSOC_JPEG_WRITE_READ/component/work/PF_OSC_C0/PF_OSC_C0.v (N/A, 2026-04-28 14:59:11) <-- (may instantiate this module)
                        /home/ahlemzenache/Documents/polarfire-soc-video-kit-reference-design_READ_WRITE/VKPFSOC_JPEG_WRITE_READ/component/work/PF_OSC_C0/PF_OSC_C0_0/PF_OSC_C0_PF_OSC_C0_0_PF_OSC.v (N/A, 2026-04-28 14:59:11) <-- (may instantiate this module)
                        /home/ahlemzenache/Documents/polarfire-soc-video-kit-reference-design_READ_WRITE/VKPFSOC_JPEG_WRITE_READ/component/work/PF_XCVR_REF_CLK_C0/PF_XCVR_REF_CLK_C0.v (N/A, 2026-04-28 14:59:12) <-- (may instantiate this module)
                        /home/ahlemzenache/Documents/polarfire-soc-video-kit-reference-design_READ_WRITE/VKPFSOC_JPEG_WRITE_READ/component/work/PF_XCVR_REF_CLK_C0/PF_XCVR_REF_CLK_C0_0/PF_XCVR_REF_CLK_C0_PF_XCVR_REF_CLK_C0_0_PF_XCVR_REF_CLK.v (N/A, 2026-04-28 14:59:12) <-- (may instantiate this module)
                        /home/ahlemzenache/Documents/polarfire-soc-video-kit-reference-design_READ_WRITE/VKPFSOC_JPEG_WRITE_READ/component/work/VKPFSOC_TOP/VKPFSOC_TOP.v (N/A, 2026-04-28 15:17:39) <-- (may instantiate this module)
37       work.ENFORCE.verilog may have changed because the following files changed:
                        /home/ahlemzenache/Documents/polarfire-soc-video-kit-reference-design_READ_WRITE/VKPFSOC_JPEG_WRITE_READ/component/syn_comps.v (N/A, 2026-05-03 09:04:16) <-- (module definition)
                        /home/ahlemzenache/Documents/polarfire-soc-video-kit-reference-design_READ_WRITE/VKPFSOC_JPEG_WRITE_READ/component/work/CLOCKS_AND_RESETS/CLOCKS_AND_RESETS.v (N/A, 2026-04-28 14:59:15) <-- (may instantiate this module)
                        /home/ahlemzenache/Documents/polarfire-soc-video-kit-reference-design_READ_WRITE/VKPFSOC_JPEG_WRITE_READ/component/work/INIT_MONITOR/INIT_MONITOR.v (N/A, 2026-04-28 14:59:09) <-- (may instantiate this module)
                        /home/ahlemzenache/Documents/polarfire-soc-video-kit-reference-design_READ_WRITE/VKPFSOC_JPEG_WRITE_READ/component/work/INIT_MONITOR/INIT_MONITOR_0/INIT_MONITOR_INIT_MONITOR_0_PFSOC_INIT_MONITOR.v (N/A, 2026-04-28 14:59:09) <-- (may instantiate this module)
                        /home/ahlemzenache/Documents/polarfire-soc-video-kit-reference-design_READ_WRITE/VKPFSOC_JPEG_WRITE_READ/component/work/PF_CCC_C0/PF_CCC_C0.v (N/A, 2026-04-28 14:59:10) <-- (may instantiate this module)
                        /home/ahlemzenache/Documents/polarfire-soc-video-kit-reference-design_READ_WRITE/VKPFSOC_JPEG_WRITE_READ/component/work/PF_CCC_C0/PF_CCC_C0_0/PF_CCC_C0_PF_CCC_C0_0_PF_CCC.v (N/A, 2026-04-28 14:59:10) <-- (may instantiate this module)
                        /home/ahlemzenache/Documents/polarfire-soc-video-kit-reference-design_READ_WRITE/VKPFSOC_JPEG_WRITE_READ/component/work/PF_CLK_DIV_C0/PF_CLK_DIV_C0.v (N/A, 2026-04-28 14:59:11) <-- (may instantiate this module)
                        /home/ahlemzenache/Documents/polarfire-soc-video-kit-reference-design_READ_WRITE/VKPFSOC_JPEG_WRITE_READ/component/work/PF_CLK_DIV_C0/PF_CLK_DIV_C0_0/PF_CLK_DIV_C0_PF_CLK_DIV_C0_0_PF_CLK_DIV.v (N/A, 2026-04-28 14:59:11) <-- (may instantiate this module)
                        /home/ahlemzenache/Documents/polarfire-soc-video-kit-reference-design_READ_WRITE/VKPFSOC_JPEG_WRITE_READ/component/work/PF_OSC_C0/PF_OSC_C0.v (N/A, 2026-04-28 14:59:11) <-- (may instantiate this module)
                        /home/ahlemzenache/Documents/polarfire-soc-video-kit-reference-design_READ_WRITE/VKPFSOC_JPEG_WRITE_READ/component/work/PF_OSC_C0/PF_OSC_C0_0/PF_OSC_C0_PF_OSC_C0_0_PF_OSC.v (N/A, 2026-04-28 14:59:11) <-- (may instantiate this module)
                        /home/ahlemzenache/Documents/polarfire-soc-video-kit-reference-design_READ_WRITE/VKPFSOC_JPEG_WRITE_READ/component/work/PF_XCVR_REF_CLK_C0/PF_XCVR_REF_CLK_C0.v (N/A, 2026-04-28 14:59:12) <-- (may instantiate this module)
                        /home/ahlemzenache/Documents/polarfire-soc-video-kit-reference-design_READ_WRITE/VKPFSOC_JPEG_WRITE_READ/component/work/PF_XCVR_REF_CLK_C0/PF_XCVR_REF_CLK_C0_0/PF_XCVR_REF_CLK_C0_PF_XCVR_REF_CLK_C0_0_PF_XCVR_REF_CLK.v (N/A, 2026-04-28 14:59:12) <-- (may instantiate this module)
                        /home/ahlemzenache/Documents/polarfire-soc-video-kit-reference-design_READ_WRITE/VKPFSOC_JPEG_WRITE_READ/component/work/VKPFSOC_TOP/VKPFSOC_TOP.v (N/A, 2026-04-28 15:17:39) <-- (may instantiate this module)
38       work.FIC_CONVERTER.verilog may have changed because the following files changed:
                        /home/ahlemzenache/Documents/polarfire-soc-video-kit-reference-design_READ_WRITE/VKPFSOC_JPEG_WRITE_READ/component/work/FIC_CONVERTER/FIC_CONVERTER.v (N/A, 2026-04-28 14:59:18) <-- (module definition)
                        /home/ahlemzenache/Documents/polarfire-soc-video-kit-reference-design_READ_WRITE/VKPFSOC_JPEG_WRITE_READ/component/work/VKPFSOC_TOP/VKPFSOC_TOP.v (N/A, 2026-04-28 15:17:39) <-- (may instantiate this module)
39       work.GLITCHDETECT.verilog may have changed because the following files changed:
                        /home/ahlemzenache/Documents/polarfire-soc-video-kit-reference-design_READ_WRITE/VKPFSOC_JPEG_WRITE_READ/component/syn_comps.v (N/A, 2026-05-03 09:04:16) <-- (module definition)
                        /home/ahlemzenache/Documents/polarfire-soc-video-kit-reference-design_READ_WRITE/VKPFSOC_JPEG_WRITE_READ/component/work/CLOCKS_AND_RESETS/CLOCKS_AND_RESETS.v (N/A, 2026-04-28 14:59:15) <-- (may instantiate this module)
                        /home/ahlemzenache/Documents/polarfire-soc-video-kit-reference-design_READ_WRITE/VKPFSOC_JPEG_WRITE_READ/component/work/INIT_MONITOR/INIT_MONITOR.v (N/A, 2026-04-28 14:59:09) <-- (may instantiate this module)
                        /home/ahlemzenache/Documents/polarfire-soc-video-kit-reference-design_READ_WRITE/VKPFSOC_JPEG_WRITE_READ/component/work/INIT_MONITOR/INIT_MONITOR_0/INIT_MONITOR_INIT_MONITOR_0_PFSOC_INIT_MONITOR.v (N/A, 2026-04-28 14:59:09) <-- (may instantiate this module)
                        /home/ahlemzenache/Documents/polarfire-soc-video-kit-reference-design_READ_WRITE/VKPFSOC_JPEG_WRITE_READ/component/work/PF_CCC_C0/PF_CCC_C0.v (N/A, 2026-04-28 14:59:10) <-- (may instantiate this module)
                        /home/ahlemzenache/Documents/polarfire-soc-video-kit-reference-design_READ_WRITE/VKPFSOC_JPEG_WRITE_READ/component/work/PF_CCC_C0/PF_CCC_C0_0/PF_CCC_C0_PF_CCC_C0_0_PF_CCC.v (N/A, 2026-04-28 14:59:10) <-- (may instantiate this module)
                        /home/ahlemzenache/Documents/polarfire-soc-video-kit-reference-design_READ_WRITE/VKPFSOC_JPEG_WRITE_READ/component/work/PF_CLK_DIV_C0/PF_CLK_DIV_C0.v (N/A, 2026-04-28 14:59:11) <-- (may instantiate this module)
                        /home/ahlemzenache/Documents/polarfire-soc-video-kit-reference-design_READ_WRITE/VKPFSOC_JPEG_WRITE_READ/component/work/PF_CLK_DIV_C0/PF_CLK_DIV_C0_0/PF_CLK_DIV_C0_PF_CLK_DIV_C0_0_PF_CLK_DIV.v (N/A, 2026-04-28 14:59:11) <-- (may instantiate this module)
                        /home/ahlemzenache/Documents/polarfire-soc-video-kit-reference-design_READ_WRITE/VKPFSOC_JPEG_WRITE_READ/component/work/PF_OSC_C0/PF_OSC_C0.v (N/A, 2026-04-28 14:59:11) <-- (may instantiate this module)
                        /home/ahlemzenache/Documents/polarfire-soc-video-kit-reference-design_READ_WRITE/VKPFSOC_JPEG_WRITE_READ/component/work/PF_OSC_C0/PF_OSC_C0_0/PF_OSC_C0_PF_OSC_C0_0_PF_OSC.v (N/A, 2026-04-28 14:59:11) <-- (may instantiate this module)
                        /home/ahlemzenache/Documents/polarfire-soc-video-kit-reference-design_READ_WRITE/VKPFSOC_JPEG_WRITE_READ/component/work/PF_XCVR_REF_CLK_C0/PF_XCVR_REF_CLK_C0.v (N/A, 2026-04-28 14:59:12) <-- (may instantiate this module)
                        /home/ahlemzenache/Documents/polarfire-soc-video-kit-reference-design_READ_WRITE/VKPFSOC_JPEG_WRITE_READ/component/work/PF_XCVR_REF_CLK_C0/PF_XCVR_REF_CLK_C0_0/PF_XCVR_REF_CLK_C0_PF_XCVR_REF_CLK_C0_0_PF_XCVR_REF_CLK.v (N/A, 2026-04-28 14:59:12) <-- (may instantiate this module)
                        /home/ahlemzenache/Documents/polarfire-soc-video-kit-reference-design_READ_WRITE/VKPFSOC_JPEG_WRITE_READ/component/work/VKPFSOC_TOP/VKPFSOC_TOP.v (N/A, 2026-04-28 15:17:39) <-- (may instantiate this module)
40       work.GPSS_COMMON.verilog may have changed because the following files changed:
                        /home/ahlemzenache/Documents/polarfire-soc-video-kit-reference-design_READ_WRITE/VKPFSOC_JPEG_WRITE_READ/component/syn_comps.v (N/A, 2026-05-03 09:04:16) <-- (module definition)
                        /home/ahlemzenache/Documents/polarfire-soc-video-kit-reference-design_READ_WRITE/VKPFSOC_JPEG_WRITE_READ/component/work/CLOCKS_AND_RESETS/CLOCKS_AND_RESETS.v (N/A, 2026-04-28 14:59:15) <-- (may instantiate this module)
                        /home/ahlemzenache/Documents/polarfire-soc-video-kit-reference-design_READ_WRITE/VKPFSOC_JPEG_WRITE_READ/component/work/INIT_MONITOR/INIT_MONITOR.v (N/A, 2026-04-28 14:59:09) <-- (may instantiate this module)
                        /home/ahlemzenache/Documents/polarfire-soc-video-kit-reference-design_READ_WRITE/VKPFSOC_JPEG_WRITE_READ/component/work/INIT_MONITOR/INIT_MONITOR_0/INIT_MONITOR_INIT_MONITOR_0_PFSOC_INIT_MONITOR.v (N/A, 2026-04-28 14:59:09) <-- (may instantiate this module)
                        /home/ahlemzenache/Documents/polarfire-soc-video-kit-reference-design_READ_WRITE/VKPFSOC_JPEG_WRITE_READ/component/work/PF_CCC_C0/PF_CCC_C0.v (N/A, 2026-04-28 14:59:10) <-- (may instantiate this module)
                        /home/ahlemzenache/Documents/polarfire-soc-video-kit-reference-design_READ_WRITE/VKPFSOC_JPEG_WRITE_READ/component/work/PF_CCC_C0/PF_CCC_C0_0/PF_CCC_C0_PF_CCC_C0_0_PF_CCC.v (N/A, 2026-04-28 14:59:10) <-- (may instantiate this module)
                        /home/ahlemzenache/Documents/polarfire-soc-video-kit-reference-design_READ_WRITE/VKPFSOC_JPEG_WRITE_READ/component/work/PF_CLK_DIV_C0/PF_CLK_DIV_C0.v (N/A, 2026-04-28 14:59:11) <-- (may instantiate this module)
                        /home/ahlemzenache/Documents/polarfire-soc-video-kit-reference-design_READ_WRITE/VKPFSOC_JPEG_WRITE_READ/component/work/PF_CLK_DIV_C0/PF_CLK_DIV_C0_0/PF_CLK_DIV_C0_PF_CLK_DIV_C0_0_PF_CLK_DIV.v (N/A, 2026-04-28 14:59:11) <-- (may instantiate this module)
                        /home/ahlemzenache/Documents/polarfire-soc-video-kit-reference-design_READ_WRITE/VKPFSOC_JPEG_WRITE_READ/component/work/PF_OSC_C0/PF_OSC_C0.v (N/A, 2026-04-28 14:59:11) <-- (may instantiate this module)
                        /home/ahlemzenache/Documents/polarfire-soc-video-kit-reference-design_READ_WRITE/VKPFSOC_JPEG_WRITE_READ/component/work/PF_OSC_C0/PF_OSC_C0_0/PF_OSC_C0_PF_OSC_C0_0_PF_OSC.v (N/A, 2026-04-28 14:59:11) <-- (may instantiate this module)
                        /home/ahlemzenache/Documents/polarfire-soc-video-kit-reference-design_READ_WRITE/VKPFSOC_JPEG_WRITE_READ/component/work/PF_XCVR_REF_CLK_C0/PF_XCVR_REF_CLK_C0.v (N/A, 2026-04-28 14:59:12) <-- (may instantiate this module)
                        /home/ahlemzenache/Documents/polarfire-soc-video-kit-reference-design_READ_WRITE/VKPFSOC_JPEG_WRITE_READ/component/work/PF_XCVR_REF_CLK_C0/PF_XCVR_REF_CLK_C0_0/PF_XCVR_REF_CLK_C0_PF_XCVR_REF_CLK_C0_0_PF_XCVR_REF_CLK.v (N/A, 2026-04-28 14:59:12) <-- (may instantiate this module)
                        /home/ahlemzenache/Documents/polarfire-soc-video-kit-reference-design_READ_WRITE/VKPFSOC_JPEG_WRITE_READ/component/work/VKPFSOC_TOP/VKPFSOC_TOP.v (N/A, 2026-04-28 15:17:39) <-- (may instantiate this module)
41       work.HS_IO_CLK.verilog may have changed because the following files changed:
                        /home/ahlemzenache/Documents/polarfire-soc-video-kit-reference-design_READ_WRITE/VKPFSOC_JPEG_WRITE_READ/component/syn_comps.v (N/A, 2026-05-03 09:04:16) <-- (module definition)
                        /home/ahlemzenache/Documents/polarfire-soc-video-kit-reference-design_READ_WRITE/VKPFSOC_JPEG_WRITE_READ/component/work/CLOCKS_AND_RESETS/CLOCKS_AND_RESETS.v (N/A, 2026-04-28 14:59:15) <-- (may instantiate this module)
                        /home/ahlemzenache/Documents/polarfire-soc-video-kit-reference-design_READ_WRITE/VKPFSOC_JPEG_WRITE_READ/component/work/INIT_MONITOR/INIT_MONITOR.v (N/A, 2026-04-28 14:59:09) <-- (may instantiate this module)
                        /home/ahlemzenache/Documents/polarfire-soc-video-kit-reference-design_READ_WRITE/VKPFSOC_JPEG_WRITE_READ/component/work/INIT_MONITOR/INIT_MONITOR_0/INIT_MONITOR_INIT_MONITOR_0_PFSOC_INIT_MONITOR.v (N/A, 2026-04-28 14:59:09) <-- (may instantiate this module)
                        /home/ahlemzenache/Documents/polarfire-soc-video-kit-reference-design_READ_WRITE/VKPFSOC_JPEG_WRITE_READ/component/work/PF_CCC_C0/PF_CCC_C0.v (N/A, 2026-04-28 14:59:10) <-- (may instantiate this module)
                        /home/ahlemzenache/Documents/polarfire-soc-video-kit-reference-design_READ_WRITE/VKPFSOC_JPEG_WRITE_READ/component/work/PF_CCC_C0/PF_CCC_C0_0/PF_CCC_C0_PF_CCC_C0_0_PF_CCC.v (N/A, 2026-04-28 14:59:10) <-- (may instantiate this module)
                        /home/ahlemzenache/Documents/polarfire-soc-video-kit-reference-design_READ_WRITE/VKPFSOC_JPEG_WRITE_READ/component/work/PF_CLK_DIV_C0/PF_CLK_DIV_C0.v (N/A, 2026-04-28 14:59:11) <-- (may instantiate this module)
                        /home/ahlemzenache/Documents/polarfire-soc-video-kit-reference-design_READ_WRITE/VKPFSOC_JPEG_WRITE_READ/component/work/PF_CLK_DIV_C0/PF_CLK_DIV_C0_0/PF_CLK_DIV_C0_PF_CLK_DIV_C0_0_PF_CLK_DIV.v (N/A, 2026-04-28 14:59:11) <-- (may instantiate this module)
                        /home/ahlemzenache/Documents/polarfire-soc-video-kit-reference-design_READ_WRITE/VKPFSOC_JPEG_WRITE_READ/component/work/PF_OSC_C0/PF_OSC_C0.v (N/A, 2026-04-28 14:59:11) <-- (may instantiate this module)
                        /home/ahlemzenache/Documents/polarfire-soc-video-kit-reference-design_READ_WRITE/VKPFSOC_JPEG_WRITE_READ/component/work/PF_OSC_C0/PF_OSC_C0_0/PF_OSC_C0_PF_OSC_C0_0_PF_OSC.v (N/A, 2026-04-28 14:59:11) <-- (may instantiate this module)
                        /home/ahlemzenache/Documents/polarfire-soc-video-kit-reference-design_READ_WRITE/VKPFSOC_JPEG_WRITE_READ/component/work/PF_XCVR_REF_CLK_C0/PF_XCVR_REF_CLK_C0.v (N/A, 2026-04-28 14:59:12) <-- (may instantiate this module)
                        /home/ahlemzenache/Documents/polarfire-soc-video-kit-reference-design_READ_WRITE/VKPFSOC_JPEG_WRITE_READ/component/work/PF_XCVR_REF_CLK_C0/PF_XCVR_REF_CLK_C0_0/PF_XCVR_REF_CLK_C0_PF_XCVR_REF_CLK_C0_0_PF_XCVR_REF_CLK.v (N/A, 2026-04-28 14:59:12) <-- (may instantiate this module)
                        /home/ahlemzenache/Documents/polarfire-soc-video-kit-reference-design_READ_WRITE/VKPFSOC_JPEG_WRITE_READ/component/work/VKPFSOC_TOP/VKPFSOC_TOP.v (N/A, 2026-04-28 15:17:39) <-- (may instantiate this module)
42       work.ICB_BANKCLK.verilog may have changed because the following files changed:
                        /home/ahlemzenache/Documents/polarfire-soc-video-kit-reference-design_READ_WRITE/VKPFSOC_JPEG_WRITE_READ/component/syn_comps.v (N/A, 2026-05-03 09:04:16) <-- (module definition)
                        /home/ahlemzenache/Documents/polarfire-soc-video-kit-reference-design_READ_WRITE/VKPFSOC_JPEG_WRITE_READ/component/work/CLOCKS_AND_RESETS/CLOCKS_AND_RESETS.v (N/A, 2026-04-28 14:59:15) <-- (may instantiate this module)
                        /home/ahlemzenache/Documents/polarfire-soc-video-kit-reference-design_READ_WRITE/VKPFSOC_JPEG_WRITE_READ/component/work/INIT_MONITOR/INIT_MONITOR.v (N/A, 2026-04-28 14:59:09) <-- (may instantiate this module)
                        /home/ahlemzenache/Documents/polarfire-soc-video-kit-reference-design_READ_WRITE/VKPFSOC_JPEG_WRITE_READ/component/work/INIT_MONITOR/INIT_MONITOR_0/INIT_MONITOR_INIT_MONITOR_0_PFSOC_INIT_MONITOR.v (N/A, 2026-04-28 14:59:09) <-- (may instantiate this module)
                        /home/ahlemzenache/Documents/polarfire-soc-video-kit-reference-design_READ_WRITE/VKPFSOC_JPEG_WRITE_READ/component/work/PF_CCC_C0/PF_CCC_C0.v (N/A, 2026-04-28 14:59:10) <-- (may instantiate this module)
                        /home/ahlemzenache/Documents/polarfire-soc-video-kit-reference-design_READ_WRITE/VKPFSOC_JPEG_WRITE_READ/component/work/PF_CCC_C0/PF_CCC_C0_0/PF_CCC_C0_PF_CCC_C0_0_PF_CCC.v (N/A, 2026-04-28 14:59:10) <-- (may instantiate this module)
                        /home/ahlemzenache/Documents/polarfire-soc-video-kit-reference-design_READ_WRITE/VKPFSOC_JPEG_WRITE_READ/component/work/PF_CLK_DIV_C0/PF_CLK_DIV_C0.v (N/A, 2026-04-28 14:59:11) <-- (may instantiate this module)
                        /home/ahlemzenache/Documents/polarfire-soc-video-kit-reference-design_READ_WRITE/VKPFSOC_JPEG_WRITE_READ/component/work/PF_CLK_DIV_C0/PF_CLK_DIV_C0_0/PF_CLK_DIV_C0_PF_CLK_DIV_C0_0_PF_CLK_DIV.v (N/A, 2026-04-28 14:59:11) <-- (may instantiate this module)
                        /home/ahlemzenache/Documents/polarfire-soc-video-kit-reference-design_READ_WRITE/VKPFSOC_JPEG_WRITE_READ/component/work/PF_OSC_C0/PF_OSC_C0.v (N/A, 2026-04-28 14:59:11) <-- (may instantiate this module)
                        /home/ahlemzenache/Documents/polarfire-soc-video-kit-reference-design_READ_WRITE/VKPFSOC_JPEG_WRITE_READ/component/work/PF_OSC_C0/PF_OSC_C0_0/PF_OSC_C0_PF_OSC_C0_0_PF_OSC.v (N/A, 2026-04-28 14:59:11) <-- (may instantiate this module)
                        /home/ahlemzenache/Documents/polarfire-soc-video-kit-reference-design_READ_WRITE/VKPFSOC_JPEG_WRITE_READ/component/work/PF_XCVR_REF_CLK_C0/PF_XCVR_REF_CLK_C0.v (N/A, 2026-04-28 14:59:12) <-- (may instantiate this module)
                        /home/ahlemzenache/Documents/polarfire-soc-video-kit-reference-design_READ_WRITE/VKPFSOC_JPEG_WRITE_READ/component/work/PF_XCVR_REF_CLK_C0/PF_XCVR_REF_CLK_C0_0/PF_XCVR_REF_CLK_C0_PF_XCVR_REF_CLK_C0_0_PF_XCVR_REF_CLK.v (N/A, 2026-04-28 14:59:12) <-- (may instantiate this module)
                        /home/ahlemzenache/Documents/polarfire-soc-video-kit-reference-design_READ_WRITE/VKPFSOC_JPEG_WRITE_READ/component/work/VKPFSOC_TOP/VKPFSOC_TOP.v (N/A, 2026-04-28 15:17:39) <-- (may instantiate this module)
43       work.ICB_CLKDIV.verilog may have changed because the following files changed:
                        /home/ahlemzenache/Documents/polarfire-soc-video-kit-reference-design_READ_WRITE/VKPFSOC_JPEG_WRITE_READ/component/syn_comps.v (N/A, 2026-05-03 09:04:16) <-- (module definition)
                        /home/ahlemzenache/Documents/polarfire-soc-video-kit-reference-design_READ_WRITE/VKPFSOC_JPEG_WRITE_READ/component/work/CLOCKS_AND_RESETS/CLOCKS_AND_RESETS.v (N/A, 2026-04-28 14:59:15) <-- (may instantiate this module)
                        /home/ahlemzenache/Documents/polarfire-soc-video-kit-reference-design_READ_WRITE/VKPFSOC_JPEG_WRITE_READ/component/work/INIT_MONITOR/INIT_MONITOR.v (N/A, 2026-04-28 14:59:09) <-- (may instantiate this module)
                        /home/ahlemzenache/Documents/polarfire-soc-video-kit-reference-design_READ_WRITE/VKPFSOC_JPEG_WRITE_READ/component/work/INIT_MONITOR/INIT_MONITOR_0/INIT_MONITOR_INIT_MONITOR_0_PFSOC_INIT_MONITOR.v (N/A, 2026-04-28 14:59:09) <-- (may instantiate this module)
                        /home/ahlemzenache/Documents/polarfire-soc-video-kit-reference-design_READ_WRITE/VKPFSOC_JPEG_WRITE_READ/component/work/PF_CCC_C0/PF_CCC_C0.v (N/A, 2026-04-28 14:59:10) <-- (may instantiate this module)
                        /home/ahlemzenache/Documents/polarfire-soc-video-kit-reference-design_READ_WRITE/VKPFSOC_JPEG_WRITE_READ/component/work/PF_CCC_C0/PF_CCC_C0_0/PF_CCC_C0_PF_CCC_C0_0_PF_CCC.v (N/A, 2026-04-28 14:59:10) <-- (may instantiate this module)
                        /home/ahlemzenache/Documents/polarfire-soc-video-kit-reference-design_READ_WRITE/VKPFSOC_JPEG_WRITE_READ/component/work/PF_CLK_DIV_C0/PF_CLK_DIV_C0.v (N/A, 2026-04-28 14:59:11) <-- (may instantiate this module)
                        /home/ahlemzenache/Documents/polarfire-soc-video-kit-reference-design_READ_WRITE/VKPFSOC_JPEG_WRITE_READ/component/work/PF_CLK_DIV_C0/PF_CLK_DIV_C0_0/PF_CLK_DIV_C0_PF_CLK_DIV_C0_0_PF_CLK_DIV.v (N/A, 2026-04-28 14:59:11) <-- (may instantiate this module)
                        /home/ahlemzenache/Documents/polarfire-soc-video-kit-reference-design_READ_WRITE/VKPFSOC_JPEG_WRITE_READ/component/work/PF_OSC_C0/PF_OSC_C0.v (N/A, 2026-04-28 14:59:11) <-- (may instantiate this module)
                        /home/ahlemzenache/Documents/polarfire-soc-video-kit-reference-design_READ_WRITE/VKPFSOC_JPEG_WRITE_READ/component/work/PF_OSC_C0/PF_OSC_C0_0/PF_OSC_C0_PF_OSC_C0_0_PF_OSC.v (N/A, 2026-04-28 14:59:11) <-- (may instantiate this module)
                        /home/ahlemzenache/Documents/polarfire-soc-video-kit-reference-design_READ_WRITE/VKPFSOC_JPEG_WRITE_READ/component/work/PF_XCVR_REF_CLK_C0/PF_XCVR_REF_CLK_C0.v (N/A, 2026-04-28 14:59:12) <-- (may instantiate this module)
                        /home/ahlemzenache/Documents/polarfire-soc-video-kit-reference-design_READ_WRITE/VKPFSOC_JPEG_WRITE_READ/component/work/PF_XCVR_REF_CLK_C0/PF_XCVR_REF_CLK_C0_0/PF_XCVR_REF_CLK_C0_PF_XCVR_REF_CLK_C0_0_PF_XCVR_REF_CLK.v (N/A, 2026-04-28 14:59:12) <-- (may instantiate this module)
                        /home/ahlemzenache/Documents/polarfire-soc-video-kit-reference-design_READ_WRITE/VKPFSOC_JPEG_WRITE_READ/component/work/VKPFSOC_TOP/VKPFSOC_TOP.v (N/A, 2026-04-28 15:17:39) <-- (may instantiate this module)
44       work.ICB_CLKDIVDELAY.verilog may have changed because the following files changed:
                        /home/ahlemzenache/Documents/polarfire-soc-video-kit-reference-design_READ_WRITE/VKPFSOC_JPEG_WRITE_READ/component/syn_comps.v (N/A, 2026-05-03 09:04:16) <-- (module definition)
                        /home/ahlemzenache/Documents/polarfire-soc-video-kit-reference-design_READ_WRITE/VKPFSOC_JPEG_WRITE_READ/component/work/CLOCKS_AND_RESETS/CLOCKS_AND_RESETS.v (N/A, 2026-04-28 14:59:15) <-- (may instantiate this module)
                        /home/ahlemzenache/Documents/polarfire-soc-video-kit-reference-design_READ_WRITE/VKPFSOC_JPEG_WRITE_READ/component/work/INIT_MONITOR/INIT_MONITOR.v (N/A, 2026-04-28 14:59:09) <-- (may instantiate this module)
                        /home/ahlemzenache/Documents/polarfire-soc-video-kit-reference-design_READ_WRITE/VKPFSOC_JPEG_WRITE_READ/component/work/INIT_MONITOR/INIT_MONITOR_0/INIT_MONITOR_INIT_MONITOR_0_PFSOC_INIT_MONITOR.v (N/A, 2026-04-28 14:59:09) <-- (may instantiate this module)
                        /home/ahlemzenache/Documents/polarfire-soc-video-kit-reference-design_READ_WRITE/VKPFSOC_JPEG_WRITE_READ/component/work/PF_CCC_C0/PF_CCC_C0.v (N/A, 2026-04-28 14:59:10) <-- (may instantiate this module)
                        /home/ahlemzenache/Documents/polarfire-soc-video-kit-reference-design_READ_WRITE/VKPFSOC_JPEG_WRITE_READ/component/work/PF_CCC_C0/PF_CCC_C0_0/PF_CCC_C0_PF_CCC_C0_0_PF_CCC.v (N/A, 2026-04-28 14:59:10) <-- (may instantiate this module)
                        /home/ahlemzenache/Documents/polarfire-soc-video-kit-reference-design_READ_WRITE/VKPFSOC_JPEG_WRITE_READ/component/work/PF_CLK_DIV_C0/PF_CLK_DIV_C0.v (N/A, 2026-04-28 14:59:11) <-- (may instantiate this module)
                        /home/ahlemzenache/Documents/polarfire-soc-video-kit-reference-design_READ_WRITE/VKPFSOC_JPEG_WRITE_READ/component/work/PF_CLK_DIV_C0/PF_CLK_DIV_C0_0/PF_CLK_DIV_C0_PF_CLK_DIV_C0_0_PF_CLK_DIV.v (N/A, 2026-04-28 14:59:11) <-- (may instantiate this module)
                        /home/ahlemzenache/Documents/polarfire-soc-video-kit-reference-design_READ_WRITE/VKPFSOC_JPEG_WRITE_READ/component/work/PF_OSC_C0/PF_OSC_C0.v (N/A, 2026-04-28 14:59:11) <-- (may instantiate this module)
                        /home/ahlemzenache/Documents/polarfire-soc-video-kit-reference-design_READ_WRITE/VKPFSOC_JPEG_WRITE_READ/component/work/PF_OSC_C0/PF_OSC_C0_0/PF_OSC_C0_PF_OSC_C0_0_PF_OSC.v (N/A, 2026-04-28 14:59:11) <-- (may instantiate this module)
                        /home/ahlemzenache/Documents/polarfire-soc-video-kit-reference-design_READ_WRITE/VKPFSOC_JPEG_WRITE_READ/component/work/PF_XCVR_REF_CLK_C0/PF_XCVR_REF_CLK_C0.v (N/A, 2026-04-28 14:59:12) <-- (may instantiate this module)
                        /home/ahlemzenache/Documents/polarfire-soc-video-kit-reference-design_READ_WRITE/VKPFSOC_JPEG_WRITE_READ/component/work/PF_XCVR_REF_CLK_C0/PF_XCVR_REF_CLK_C0_0/PF_XCVR_REF_CLK_C0_PF_XCVR_REF_CLK_C0_0_PF_XCVR_REF_CLK.v (N/A, 2026-04-28 14:59:12) <-- (may instantiate this module)
                        /home/ahlemzenache/Documents/polarfire-soc-video-kit-reference-design_READ_WRITE/VKPFSOC_JPEG_WRITE_READ/component/work/VKPFSOC_TOP/VKPFSOC_TOP.v (N/A, 2026-04-28 15:17:39) <-- (may instantiate this module)
45       work.ICB_CLKINT.verilog may have changed because the following files changed:
                        /home/ahlemzenache/Documents/polarfire-soc-video-kit-reference-design_READ_WRITE/VKPFSOC_JPEG_WRITE_READ/component/syn_comps.v (N/A, 2026-05-03 09:04:16) <-- (module definition)
                        /home/ahlemzenache/Documents/polarfire-soc-video-kit-reference-design_READ_WRITE/VKPFSOC_JPEG_WRITE_READ/component/work/CLOCKS_AND_RESETS/CLOCKS_AND_RESETS.v (N/A, 2026-04-28 14:59:15) <-- (may instantiate this module)
                        /home/ahlemzenache/Documents/polarfire-soc-video-kit-reference-design_READ_WRITE/VKPFSOC_JPEG_WRITE_READ/component/work/INIT_MONITOR/INIT_MONITOR.v (N/A, 2026-04-28 14:59:09) <-- (may instantiate this module)
                        /home/ahlemzenache/Documents/polarfire-soc-video-kit-reference-design_READ_WRITE/VKPFSOC_JPEG_WRITE_READ/component/work/INIT_MONITOR/INIT_MONITOR_0/INIT_MONITOR_INIT_MONITOR_0_PFSOC_INIT_MONITOR.v (N/A, 2026-04-28 14:59:09) <-- (may instantiate this module)
                        /home/ahlemzenache/Documents/polarfire-soc-video-kit-reference-design_READ_WRITE/VKPFSOC_JPEG_WRITE_READ/component/work/PF_CCC_C0/PF_CCC_C0.v (N/A, 2026-04-28 14:59:10) <-- (may instantiate this module)
                        /home/ahlemzenache/Documents/polarfire-soc-video-kit-reference-design_READ_WRITE/VKPFSOC_JPEG_WRITE_READ/component/work/PF_CCC_C0/PF_CCC_C0_0/PF_CCC_C0_PF_CCC_C0_0_PF_CCC.v (N/A, 2026-04-28 14:59:10) <-- (may instantiate this module)
                        /home/ahlemzenache/Documents/polarfire-soc-video-kit-reference-design_READ_WRITE/VKPFSOC_JPEG_WRITE_READ/component/work/PF_CLK_DIV_C0/PF_CLK_DIV_C0.v (N/A, 2026-04-28 14:59:11) <-- (may instantiate this module)
                        /home/ahlemzenache/Documents/polarfire-soc-video-kit-reference-design_READ_WRITE/VKPFSOC_JPEG_WRITE_READ/component/work/PF_CLK_DIV_C0/PF_CLK_DIV_C0_0/PF_CLK_DIV_C0_PF_CLK_DIV_C0_0_PF_CLK_DIV.v (N/A, 2026-04-28 14:59:11) <-- (may instantiate this module)
                        /home/ahlemzenache/Documents/polarfire-soc-video-kit-reference-design_READ_WRITE/VKPFSOC_JPEG_WRITE_READ/component/work/PF_OSC_C0/PF_OSC_C0.v (N/A, 2026-04-28 14:59:11) <-- (may instantiate this module)
                        /home/ahlemzenache/Documents/polarfire-soc-video-kit-reference-design_READ_WRITE/VKPFSOC_JPEG_WRITE_READ/component/work/PF_OSC_C0/PF_OSC_C0_0/PF_OSC_C0_PF_OSC_C0_0_PF_OSC.v (N/A, 2026-04-28 14:59:11) <-- (may instantiate this module)
                        /home/ahlemzenache/Documents/polarfire-soc-video-kit-reference-design_READ_WRITE/VKPFSOC_JPEG_WRITE_READ/component/work/PF_XCVR_REF_CLK_C0/PF_XCVR_REF_CLK_C0.v (N/A, 2026-04-28 14:59:12) <-- (may instantiate this module)
                        /home/ahlemzenache/Documents/polarfire-soc-video-kit-reference-design_READ_WRITE/VKPFSOC_JPEG_WRITE_READ/component/work/PF_XCVR_REF_CLK_C0/PF_XCVR_REF_CLK_C0_0/PF_XCVR_REF_CLK_C0_PF_XCVR_REF_CLK_C0_0_PF_XCVR_REF_CLK.v (N/A, 2026-04-28 14:59:12) <-- (may instantiate this module)
                        /home/ahlemzenache/Documents/polarfire-soc-video-kit-reference-design_READ_WRITE/VKPFSOC_JPEG_WRITE_READ/component/work/VKPFSOC_TOP/VKPFSOC_TOP.v (N/A, 2026-04-28 15:17:39) <-- (may instantiate this module)
46       work.ICB_CLKSTOP.verilog may have changed because the following files changed:
                        /home/ahlemzenache/Documents/polarfire-soc-video-kit-reference-design_READ_WRITE/VKPFSOC_JPEG_WRITE_READ/component/syn_comps.v (N/A, 2026-05-03 09:04:16) <-- (module definition)
                        /home/ahlemzenache/Documents/polarfire-soc-video-kit-reference-design_READ_WRITE/VKPFSOC_JPEG_WRITE_READ/component/work/CLOCKS_AND_RESETS/CLOCKS_AND_RESETS.v (N/A, 2026-04-28 14:59:15) <-- (may instantiate this module)
                        /home/ahlemzenache/Documents/polarfire-soc-video-kit-reference-design_READ_WRITE/VKPFSOC_JPEG_WRITE_READ/component/work/INIT_MONITOR/INIT_MONITOR.v (N/A, 2026-04-28 14:59:09) <-- (may instantiate this module)
                        /home/ahlemzenache/Documents/polarfire-soc-video-kit-reference-design_READ_WRITE/VKPFSOC_JPEG_WRITE_READ/component/work/INIT_MONITOR/INIT_MONITOR_0/INIT_MONITOR_INIT_MONITOR_0_PFSOC_INIT_MONITOR.v (N/A, 2026-04-28 14:59:09) <-- (may instantiate this module)
                        /home/ahlemzenache/Documents/polarfire-soc-video-kit-reference-design_READ_WRITE/VKPFSOC_JPEG_WRITE_READ/component/work/PF_CCC_C0/PF_CCC_C0.v (N/A, 2026-04-28 14:59:10) <-- (may instantiate this module)
                        /home/ahlemzenache/Documents/polarfire-soc-video-kit-reference-design_READ_WRITE/VKPFSOC_JPEG_WRITE_READ/component/work/PF_CCC_C0/PF_CCC_C0_0/PF_CCC_C0_PF_CCC_C0_0_PF_CCC.v (N/A, 2026-04-28 14:59:10) <-- (may instantiate this module)
                        /home/ahlemzenache/Documents/polarfire-soc-video-kit-reference-design_READ_WRITE/VKPFSOC_JPEG_WRITE_READ/component/work/PF_CLK_DIV_C0/PF_CLK_DIV_C0.v (N/A, 2026-04-28 14:59:11) <-- (may instantiate this module)
                        /home/ahlemzenache/Documents/polarfire-soc-video-kit-reference-design_READ_WRITE/VKPFSOC_JPEG_WRITE_READ/component/work/PF_CLK_DIV_C0/PF_CLK_DIV_C0_0/PF_CLK_DIV_C0_PF_CLK_DIV_C0_0_PF_CLK_DIV.v (N/A, 2026-04-28 14:59:11) <-- (may instantiate this module)
                        /home/ahlemzenache/Documents/polarfire-soc-video-kit-reference-design_READ_WRITE/VKPFSOC_JPEG_WRITE_READ/component/work/PF_OSC_C0/PF_OSC_C0.v (N/A, 2026-04-28 14:59:11) <-- (may instantiate this module)
                        /home/ahlemzenache/Documents/polarfire-soc-video-kit-reference-design_READ_WRITE/VKPFSOC_JPEG_WRITE_READ/component/work/PF_OSC_C0/PF_OSC_C0_0/PF_OSC_C0_PF_OSC_C0_0_PF_OSC.v (N/A, 2026-04-28 14:59:11) <-- (may instantiate this module)
                        /home/ahlemzenache/Documents/polarfire-soc-video-kit-reference-design_READ_WRITE/VKPFSOC_JPEG_WRITE_READ/component/work/PF_XCVR_REF_CLK_C0/PF_XCVR_REF_CLK_C0.v (N/A, 2026-04-28 14:59:12) <-- (may instantiate this module)
                        /home/ahlemzenache/Documents/polarfire-soc-video-kit-reference-design_READ_WRITE/VKPFSOC_JPEG_WRITE_READ/component/work/PF_XCVR_REF_CLK_C0/PF_XCVR_REF_CLK_C0_0/PF_XCVR_REF_CLK_C0_PF_XCVR_REF_CLK_C0_0_PF_XCVR_REF_CLK.v (N/A, 2026-04-28 14:59:12) <-- (may instantiate this module)
                        /home/ahlemzenache/Documents/polarfire-soc-video-kit-reference-design_READ_WRITE/VKPFSOC_JPEG_WRITE_READ/component/work/VKPFSOC_TOP/VKPFSOC_TOP.v (N/A, 2026-04-28 15:17:39) <-- (may instantiate this module)
47       work.ICB_CLKSTOP_EN.verilog may have changed because the following files changed:
                        /home/ahlemzenache/Documents/polarfire-soc-video-kit-reference-design_READ_WRITE/VKPFSOC_JPEG_WRITE_READ/component/syn_comps.v (N/A, 2026-05-03 09:04:16) <-- (module definition)
                        /home/ahlemzenache/Documents/polarfire-soc-video-kit-reference-design_READ_WRITE/VKPFSOC_JPEG_WRITE_READ/component/work/CLOCKS_AND_RESETS/CLOCKS_AND_RESETS.v (N/A, 2026-04-28 14:59:15) <-- (may instantiate this module)
                        /home/ahlemzenache/Documents/polarfire-soc-video-kit-reference-design_READ_WRITE/VKPFSOC_JPEG_WRITE_READ/component/work/INIT_MONITOR/INIT_MONITOR.v (N/A, 2026-04-28 14:59:09) <-- (may instantiate this module)
                        /home/ahlemzenache/Documents/polarfire-soc-video-kit-reference-design_READ_WRITE/VKPFSOC_JPEG_WRITE_READ/component/work/INIT_MONITOR/INIT_MONITOR_0/INIT_MONITOR_INIT_MONITOR_0_PFSOC_INIT_MONITOR.v (N/A, 2026-04-28 14:59:09) <-- (may instantiate this module)
                        /home/ahlemzenache/Documents/polarfire-soc-video-kit-reference-design_READ_WRITE/VKPFSOC_JPEG_WRITE_READ/component/work/PF_CCC_C0/PF_CCC_C0.v (N/A, 2026-04-28 14:59:10) <-- (may instantiate this module)
                        /home/ahlemzenache/Documents/polarfire-soc-video-kit-reference-design_READ_WRITE/VKPFSOC_JPEG_WRITE_READ/component/work/PF_CCC_C0/PF_CCC_C0_0/PF_CCC_C0_PF_CCC_C0_0_PF_CCC.v (N/A, 2026-04-28 14:59:10) <-- (may instantiate this module)
                        /home/ahlemzenache/Documents/polarfire-soc-video-kit-reference-design_READ_WRITE/VKPFSOC_JPEG_WRITE_READ/component/work/PF_CLK_DIV_C0/PF_CLK_DIV_C0.v (N/A, 2026-04-28 14:59:11) <-- (may instantiate this module)
                        /home/ahlemzenache/Documents/polarfire-soc-video-kit-reference-design_READ_WRITE/VKPFSOC_JPEG_WRITE_READ/component/work/PF_CLK_DIV_C0/PF_CLK_DIV_C0_0/PF_CLK_DIV_C0_PF_CLK_DIV_C0_0_PF_CLK_DIV.v (N/A, 2026-04-28 14:59:11) <-- (may instantiate this module)
                        /home/ahlemzenache/Documents/polarfire-soc-video-kit-reference-design_READ_WRITE/VKPFSOC_JPEG_WRITE_READ/component/work/PF_OSC_C0/PF_OSC_C0.v (N/A, 2026-04-28 14:59:11) <-- (may instantiate this module)
                        /home/ahlemzenache/Documents/polarfire-soc-video-kit-reference-design_READ_WRITE/VKPFSOC_JPEG_WRITE_READ/component/work/PF_OSC_C0/PF_OSC_C0_0/PF_OSC_C0_PF_OSC_C0_0_PF_OSC.v (N/A, 2026-04-28 14:59:11) <-- (may instantiate this module)
                        /home/ahlemzenache/Documents/polarfire-soc-video-kit-reference-design_READ_WRITE/VKPFSOC_JPEG_WRITE_READ/component/work/PF_XCVR_REF_CLK_C0/PF_XCVR_REF_CLK_C0.v (N/A, 2026-04-28 14:59:12) <-- (may instantiate this module)
                        /home/ahlemzenache/Documents/polarfire-soc-video-kit-reference-design_READ_WRITE/VKPFSOC_JPEG_WRITE_READ/component/work/PF_XCVR_REF_CLK_C0/PF_XCVR_REF_CLK_C0_0/PF_XCVR_REF_CLK_C0_PF_XCVR_REF_CLK_C0_0_PF_XCVR_REF_CLK.v (N/A, 2026-04-28 14:59:12) <-- (may instantiate this module)
                        /home/ahlemzenache/Documents/polarfire-soc-video-kit-reference-design_READ_WRITE/VKPFSOC_JPEG_WRITE_READ/component/work/VKPFSOC_TOP/VKPFSOC_TOP.v (N/A, 2026-04-28 15:17:39) <-- (may instantiate this module)
48       work.ICB_INT.verilog may have changed because the following files changed:
                        /home/ahlemzenache/Documents/polarfire-soc-video-kit-reference-design_READ_WRITE/VKPFSOC_JPEG_WRITE_READ/component/syn_comps.v (N/A, 2026-05-03 09:04:16) <-- (module definition)
                        /home/ahlemzenache/Documents/polarfire-soc-video-kit-reference-design_READ_WRITE/VKPFSOC_JPEG_WRITE_READ/component/work/CLOCKS_AND_RESETS/CLOCKS_AND_RESETS.v (N/A, 2026-04-28 14:59:15) <-- (may instantiate this module)
                        /home/ahlemzenache/Documents/polarfire-soc-video-kit-reference-design_READ_WRITE/VKPFSOC_JPEG_WRITE_READ/component/work/INIT_MONITOR/INIT_MONITOR.v (N/A, 2026-04-28 14:59:09) <-- (may instantiate this module)
                        /home/ahlemzenache/Documents/polarfire-soc-video-kit-reference-design_READ_WRITE/VKPFSOC_JPEG_WRITE_READ/component/work/INIT_MONITOR/INIT_MONITOR_0/INIT_MONITOR_INIT_MONITOR_0_PFSOC_INIT_MONITOR.v (N/A, 2026-04-28 14:59:09) <-- (may instantiate this module)
                        /home/ahlemzenache/Documents/polarfire-soc-video-kit-reference-design_READ_WRITE/VKPFSOC_JPEG_WRITE_READ/component/work/PF_CCC_C0/PF_CCC_C0.v (N/A, 2026-04-28 14:59:10) <-- (may instantiate this module)
                        /home/ahlemzenache/Documents/polarfire-soc-video-kit-reference-design_READ_WRITE/VKPFSOC_JPEG_WRITE_READ/component/work/PF_CCC_C0/PF_CCC_C0_0/PF_CCC_C0_PF_CCC_C0_0_PF_CCC.v (N/A, 2026-04-28 14:59:10) <-- (may instantiate this module)
                        /home/ahlemzenache/Documents/polarfire-soc-video-kit-reference-design_READ_WRITE/VKPFSOC_JPEG_WRITE_READ/component/work/PF_CLK_DIV_C0/PF_CLK_DIV_C0.v (N/A, 2026-04-28 14:59:11) <-- (may instantiate this module)
                        /home/ahlemzenache/Documents/polarfire-soc-video-kit-reference-design_READ_WRITE/VKPFSOC_JPEG_WRITE_READ/component/work/PF_CLK_DIV_C0/PF_CLK_DIV_C0_0/PF_CLK_DIV_C0_PF_CLK_DIV_C0_0_PF_CLK_DIV.v (N/A, 2026-04-28 14:59:11) <-- (may instantiate this module)
                        /home/ahlemzenache/Documents/polarfire-soc-video-kit-reference-design_READ_WRITE/VKPFSOC_JPEG_WRITE_READ/component/work/PF_OSC_C0/PF_OSC_C0.v (N/A, 2026-04-28 14:59:11) <-- (may instantiate this module)
                        /home/ahlemzenache/Documents/polarfire-soc-video-kit-reference-design_READ_WRITE/VKPFSOC_JPEG_WRITE_READ/component/work/PF_OSC_C0/PF_OSC_C0_0/PF_OSC_C0_PF_OSC_C0_0_PF_OSC.v (N/A, 2026-04-28 14:59:11) <-- (may instantiate this module)
                        /home/ahlemzenache/Documents/polarfire-soc-video-kit-reference-design_READ_WRITE/VKPFSOC_JPEG_WRITE_READ/component/work/PF_XCVR_REF_CLK_C0/PF_XCVR_REF_CLK_C0.v (N/A, 2026-04-28 14:59:12) <-- (may instantiate this module)
                        /home/ahlemzenache/Documents/polarfire-soc-video-kit-reference-design_READ_WRITE/VKPFSOC_JPEG_WRITE_READ/component/work/PF_XCVR_REF_CLK_C0/PF_XCVR_REF_CLK_C0_0/PF_XCVR_REF_CLK_C0_PF_XCVR_REF_CLK_C0_0_PF_XCVR_REF_CLK.v (N/A, 2026-04-28 14:59:12) <-- (may instantiate this module)
                        /home/ahlemzenache/Documents/polarfire-soc-video-kit-reference-design_READ_WRITE/VKPFSOC_JPEG_WRITE_READ/component/work/VKPFSOC_TOP/VKPFSOC_TOP.v (N/A, 2026-04-28 15:17:39) <-- (may instantiate this module)
49       work.ICB_MUXING.verilog may have changed because the following files changed:
                        /home/ahlemzenache/Documents/polarfire-soc-video-kit-reference-design_READ_WRITE/VKPFSOC_JPEG_WRITE_READ/component/syn_comps.v (N/A, 2026-05-03 09:04:16) <-- (module definition)
                        /home/ahlemzenache/Documents/polarfire-soc-video-kit-reference-design_READ_WRITE/VKPFSOC_JPEG_WRITE_READ/component/work/CLOCKS_AND_RESETS/CLOCKS_AND_RESETS.v (N/A, 2026-04-28 14:59:15) <-- (may instantiate this module)
                        /home/ahlemzenache/Documents/polarfire-soc-video-kit-reference-design_READ_WRITE/VKPFSOC_JPEG_WRITE_READ/component/work/INIT_MONITOR/INIT_MONITOR.v (N/A, 2026-04-28 14:59:09) <-- (may instantiate this module)
                        /home/ahlemzenache/Documents/polarfire-soc-video-kit-reference-design_READ_WRITE/VKPFSOC_JPEG_WRITE_READ/component/work/INIT_MONITOR/INIT_MONITOR_0/INIT_MONITOR_INIT_MONITOR_0_PFSOC_INIT_MONITOR.v (N/A, 2026-04-28 14:59:09) <-- (may instantiate this module)
                        /home/ahlemzenache/Documents/polarfire-soc-video-kit-reference-design_READ_WRITE/VKPFSOC_JPEG_WRITE_READ/component/work/PF_CCC_C0/PF_CCC_C0.v (N/A, 2026-04-28 14:59:10) <-- (may instantiate this module)
                        /home/ahlemzenache/Documents/polarfire-soc-video-kit-reference-design_READ_WRITE/VKPFSOC_JPEG_WRITE_READ/component/work/PF_CCC_C0/PF_CCC_C0_0/PF_CCC_C0_PF_CCC_C0_0_PF_CCC.v (N/A, 2026-04-28 14:59:10) <-- (may instantiate this module)
                        /home/ahlemzenache/Documents/polarfire-soc-video-kit-reference-design_READ_WRITE/VKPFSOC_JPEG_WRITE_READ/component/work/PF_CLK_DIV_C0/PF_CLK_DIV_C0.v (N/A, 2026-04-28 14:59:11) <-- (may instantiate this module)
                        /home/ahlemzenache/Documents/polarfire-soc-video-kit-reference-design_READ_WRITE/VKPFSOC_JPEG_WRITE_READ/component/work/PF_CLK_DIV_C0/PF_CLK_DIV_C0_0/PF_CLK_DIV_C0_PF_CLK_DIV_C0_0_PF_CLK_DIV.v (N/A, 2026-04-28 14:59:11) <-- (may instantiate this module)
                        /home/ahlemzenache/Documents/polarfire-soc-video-kit-reference-design_READ_WRITE/VKPFSOC_JPEG_WRITE_READ/component/work/PF_OSC_C0/PF_OSC_C0.v (N/A, 2026-04-28 14:59:11) <-- (may instantiate this module)
                        /home/ahlemzenache/Documents/polarfire-soc-video-kit-reference-design_READ_WRITE/VKPFSOC_JPEG_WRITE_READ/component/work/PF_OSC_C0/PF_OSC_C0_0/PF_OSC_C0_PF_OSC_C0_0_PF_OSC.v (N/A, 2026-04-28 14:59:11) <-- (may instantiate this module)
                        /home/ahlemzenache/Documents/polarfire-soc-video-kit-reference-design_READ_WRITE/VKPFSOC_JPEG_WRITE_READ/component/work/PF_XCVR_REF_CLK_C0/PF_XCVR_REF_CLK_C0.v (N/A, 2026-04-28 14:59:12) <-- (may instantiate this module)
                        /home/ahlemzenache/Documents/polarfire-soc-video-kit-reference-design_READ_WRITE/VKPFSOC_JPEG_WRITE_READ/component/work/PF_XCVR_REF_CLK_C0/PF_XCVR_REF_CLK_C0_0/PF_XCVR_REF_CLK_C0_PF_XCVR_REF_CLK_C0_0_PF_XCVR_REF_CLK.v (N/A, 2026-04-28 14:59:12) <-- (may instantiate this module)
                        /home/ahlemzenache/Documents/polarfire-soc-video-kit-reference-design_READ_WRITE/VKPFSOC_JPEG_WRITE_READ/component/work/VKPFSOC_TOP/VKPFSOC_TOP.v (N/A, 2026-04-28 15:17:39) <-- (may instantiate this module)
50       work.ICB_NGMUX.verilog may have changed because the following files changed:
                        /home/ahlemzenache/Documents/polarfire-soc-video-kit-reference-design_READ_WRITE/VKPFSOC_JPEG_WRITE_READ/component/syn_comps.v (N/A, 2026-05-03 09:04:16) <-- (module definition)
                        /home/ahlemzenache/Documents/polarfire-soc-video-kit-reference-design_READ_WRITE/VKPFSOC_JPEG_WRITE_READ/component/work/CLOCKS_AND_RESETS/CLOCKS_AND_RESETS.v (N/A, 2026-04-28 14:59:15) <-- (may instantiate this module)
                        /home/ahlemzenache/Documents/polarfire-soc-video-kit-reference-design_READ_WRITE/VKPFSOC_JPEG_WRITE_READ/component/work/INIT_MONITOR/INIT_MONITOR.v (N/A, 2026-04-28 14:59:09) <-- (may instantiate this module)
                        /home/ahlemzenache/Documents/polarfire-soc-video-kit-reference-design_READ_WRITE/VKPFSOC_JPEG_WRITE_READ/component/work/INIT_MONITOR/INIT_MONITOR_0/INIT_MONITOR_INIT_MONITOR_0_PFSOC_INIT_MONITOR.v (N/A, 2026-04-28 14:59:09) <-- (may instantiate this module)
                        /home/ahlemzenache/Documents/polarfire-soc-video-kit-reference-design_READ_WRITE/VKPFSOC_JPEG_WRITE_READ/component/work/PF_CCC_C0/PF_CCC_C0.v (N/A, 2026-04-28 14:59:10) <-- (may instantiate this module)
                        /home/ahlemzenache/Documents/polarfire-soc-video-kit-reference-design_READ_WRITE/VKPFSOC_JPEG_WRITE_READ/component/work/PF_CCC_C0/PF_CCC_C0_0/PF_CCC_C0_PF_CCC_C0_0_PF_CCC.v (N/A, 2026-04-28 14:59:10) <-- (may instantiate this module)
                        /home/ahlemzenache/Documents/polarfire-soc-video-kit-reference-design_READ_WRITE/VKPFSOC_JPEG_WRITE_READ/component/work/PF_CLK_DIV_C0/PF_CLK_DIV_C0.v (N/A, 2026-04-28 14:59:11) <-- (may instantiate this module)
                        /home/ahlemzenache/Documents/polarfire-soc-video-kit-reference-design_READ_WRITE/VKPFSOC_JPEG_WRITE_READ/component/work/PF_CLK_DIV_C0/PF_CLK_DIV_C0_0/PF_CLK_DIV_C0_PF_CLK_DIV_C0_0_PF_CLK_DIV.v (N/A, 2026-04-28 14:59:11) <-- (may instantiate this module)
                        /home/ahlemzenache/Documents/polarfire-soc-video-kit-reference-design_READ_WRITE/VKPFSOC_JPEG_WRITE_READ/component/work/PF_OSC_C0/PF_OSC_C0.v (N/A, 2026-04-28 14:59:11) <-- (may instantiate this module)
                        /home/ahlemzenache/Documents/polarfire-soc-video-kit-reference-design_READ_WRITE/VKPFSOC_JPEG_WRITE_READ/component/work/PF_OSC_C0/PF_OSC_C0_0/PF_OSC_C0_PF_OSC_C0_0_PF_OSC.v (N/A, 2026-04-28 14:59:11) <-- (may instantiate this module)
                        /home/ahlemzenache/Documents/polarfire-soc-video-kit-reference-design_READ_WRITE/VKPFSOC_JPEG_WRITE_READ/component/work/PF_XCVR_REF_CLK_C0/PF_XCVR_REF_CLK_C0.v (N/A, 2026-04-28 14:59:12) <-- (may instantiate this module)
                        /home/ahlemzenache/Documents/polarfire-soc-video-kit-reference-design_READ_WRITE/VKPFSOC_JPEG_WRITE_READ/component/work/PF_XCVR_REF_CLK_C0/PF_XCVR_REF_CLK_C0_0/PF_XCVR_REF_CLK_C0_PF_XCVR_REF_CLK_C0_0_PF_XCVR_REF_CLK.v (N/A, 2026-04-28 14:59:12) <-- (may instantiate this module)
                        /home/ahlemzenache/Documents/polarfire-soc-video-kit-reference-design_READ_WRITE/VKPFSOC_JPEG_WRITE_READ/component/work/VKPFSOC_TOP/VKPFSOC_TOP.v (N/A, 2026-04-28 15:17:39) <-- (may instantiate this module)
51       work.INIT.verilog may have changed because the following files changed:
                        /home/ahlemzenache/Documents/polarfire-soc-video-kit-reference-design_READ_WRITE/VKPFSOC_JPEG_WRITE_READ/component/syn_comps.v (N/A, 2026-05-03 09:04:16) <-- (module definition)
                        /home/ahlemzenache/Documents/polarfire-soc-video-kit-reference-design_READ_WRITE/VKPFSOC_JPEG_WRITE_READ/component/work/CLOCKS_AND_RESETS/CLOCKS_AND_RESETS.v (N/A, 2026-04-28 14:59:15) <-- (may instantiate this module)
                        /home/ahlemzenache/Documents/polarfire-soc-video-kit-reference-design_READ_WRITE/VKPFSOC_JPEG_WRITE_READ/component/work/INIT_MONITOR/INIT_MONITOR.v (N/A, 2026-04-28 14:59:09) <-- (may instantiate this module)
                        /home/ahlemzenache/Documents/polarfire-soc-video-kit-reference-design_READ_WRITE/VKPFSOC_JPEG_WRITE_READ/component/work/INIT_MONITOR/INIT_MONITOR_0/INIT_MONITOR_INIT_MONITOR_0_PFSOC_INIT_MONITOR.v (N/A, 2026-04-28 14:59:09) <-- (may instantiate this module)
                        /home/ahlemzenache/Documents/polarfire-soc-video-kit-reference-design_READ_WRITE/VKPFSOC_JPEG_WRITE_READ/component/work/PF_CCC_C0/PF_CCC_C0.v (N/A, 2026-04-28 14:59:10) <-- (may instantiate this module)
                        /home/ahlemzenache/Documents/polarfire-soc-video-kit-reference-design_READ_WRITE/VKPFSOC_JPEG_WRITE_READ/component/work/PF_CCC_C0/PF_CCC_C0_0/PF_CCC_C0_PF_CCC_C0_0_PF_CCC.v (N/A, 2026-04-28 14:59:10) <-- (may instantiate this module)
                        /home/ahlemzenache/Documents/polarfire-soc-video-kit-reference-design_READ_WRITE/VKPFSOC_JPEG_WRITE_READ/component/work/PF_CLK_DIV_C0/PF_CLK_DIV_C0.v (N/A, 2026-04-28 14:59:11) <-- (may instantiate this module)
                        /home/ahlemzenache/Documents/polarfire-soc-video-kit-reference-design_READ_WRITE/VKPFSOC_JPEG_WRITE_READ/component/work/PF_CLK_DIV_C0/PF_CLK_DIV_C0_0/PF_CLK_DIV_C0_PF_CLK_DIV_C0_0_PF_CLK_DIV.v (N/A, 2026-04-28 14:59:11) <-- (may instantiate this module)
                        /home/ahlemzenache/Documents/polarfire-soc-video-kit-reference-design_READ_WRITE/VKPFSOC_JPEG_WRITE_READ/component/work/PF_OSC_C0/PF_OSC_C0.v (N/A, 2026-04-28 14:59:11) <-- (may instantiate this module)
                        /home/ahlemzenache/Documents/polarfire-soc-video-kit-reference-design_READ_WRITE/VKPFSOC_JPEG_WRITE_READ/component/work/PF_OSC_C0/PF_OSC_C0_0/PF_OSC_C0_PF_OSC_C0_0_PF_OSC.v (N/A, 2026-04-28 14:59:11) <-- (may instantiate this module)
                        /home/ahlemzenache/Documents/polarfire-soc-video-kit-reference-design_READ_WRITE/VKPFSOC_JPEG_WRITE_READ/component/work/PF_XCVR_REF_CLK_C0/PF_XCVR_REF_CLK_C0.v (N/A, 2026-04-28 14:59:12) <-- (may instantiate this module)
                        /home/ahlemzenache/Documents/polarfire-soc-video-kit-reference-design_READ_WRITE/VKPFSOC_JPEG_WRITE_READ/component/work/PF_XCVR_REF_CLK_C0/PF_XCVR_REF_CLK_C0_0/PF_XCVR_REF_CLK_C0_PF_XCVR_REF_CLK_C0_0_PF_XCVR_REF_CLK.v (N/A, 2026-04-28 14:59:12) <-- (may instantiate this module)
                        /home/ahlemzenache/Documents/polarfire-soc-video-kit-reference-design_READ_WRITE/VKPFSOC_JPEG_WRITE_READ/component/work/VKPFSOC_TOP/VKPFSOC_TOP.v (N/A, 2026-04-28 15:17:39) <-- (may instantiate this module)
52       work.INIT_MONITOR.verilog may have changed because the following files changed:
                        /home/ahlemzenache/Documents/polarfire-soc-video-kit-reference-design_READ_WRITE/VKPFSOC_JPEG_WRITE_READ/component/work/CLOCKS_AND_RESETS/CLOCKS_AND_RESETS.v (N/A, 2026-04-28 14:59:15) <-- (may instantiate this module)
                        /home/ahlemzenache/Documents/polarfire-soc-video-kit-reference-design_READ_WRITE/VKPFSOC_JPEG_WRITE_READ/component/work/INIT_MONITOR/INIT_MONITOR.v (N/A, 2026-04-28 14:59:09) <-- (module definition)
                        /home/ahlemzenache/Documents/polarfire-soc-video-kit-reference-design_READ_WRITE/VKPFSOC_JPEG_WRITE_READ/component/work/VKPFSOC_TOP/VKPFSOC_TOP.v (N/A, 2026-04-28 15:17:39) <-- (may instantiate this module)
53       work.INIT_MONITOR_INIT_MONITOR_0_PFSOC_INIT_MONITOR.verilog may have changed because the following files changed:
                        /home/ahlemzenache/Documents/polarfire-soc-video-kit-reference-design_READ_WRITE/VKPFSOC_JPEG_WRITE_READ/component/work/CLOCKS_AND_RESETS/CLOCKS_AND_RESETS.v (N/A, 2026-04-28 14:59:15) <-- (may instantiate this module)
                        /home/ahlemzenache/Documents/polarfire-soc-video-kit-reference-design_READ_WRITE/VKPFSOC_JPEG_WRITE_READ/component/work/INIT_MONITOR/INIT_MONITOR.v (N/A, 2026-04-28 14:59:09) <-- (may instantiate this module)
                        /home/ahlemzenache/Documents/polarfire-soc-video-kit-reference-design_READ_WRITE/VKPFSOC_JPEG_WRITE_READ/component/work/INIT_MONITOR/INIT_MONITOR_0/INIT_MONITOR_INIT_MONITOR_0_PFSOC_INIT_MONITOR.v (N/A, 2026-04-28 14:59:09) <-- (module definition)
                        /home/ahlemzenache/Documents/polarfire-soc-video-kit-reference-design_READ_WRITE/VKPFSOC_JPEG_WRITE_READ/component/work/VKPFSOC_TOP/VKPFSOC_TOP.v (N/A, 2026-04-28 15:17:39) <-- (may instantiate this module)
54       work.IOD.verilog may have changed because the following files changed:
                        /home/ahlemzenache/Documents/polarfire-soc-video-kit-reference-design_READ_WRITE/VKPFSOC_JPEG_WRITE_READ/component/syn_comps.v (N/A, 2026-05-03 09:04:16) <-- (module definition)
                        /home/ahlemzenache/Documents/polarfire-soc-video-kit-reference-design_READ_WRITE/VKPFSOC_JPEG_WRITE_READ/component/work/CLOCKS_AND_RESETS/CLOCKS_AND_RESETS.v (N/A, 2026-04-28 14:59:15) <-- (may instantiate this module)
                        /home/ahlemzenache/Documents/polarfire-soc-video-kit-reference-design_READ_WRITE/VKPFSOC_JPEG_WRITE_READ/component/work/INIT_MONITOR/INIT_MONITOR.v (N/A, 2026-04-28 14:59:09) <-- (may instantiate this module)
                        /home/ahlemzenache/Documents/polarfire-soc-video-kit-reference-design_READ_WRITE/VKPFSOC_JPEG_WRITE_READ/component/work/INIT_MONITOR/INIT_MONITOR_0/INIT_MONITOR_INIT_MONITOR_0_PFSOC_INIT_MONITOR.v (N/A, 2026-04-28 14:59:09) <-- (may instantiate this module)
                        /home/ahlemzenache/Documents/polarfire-soc-video-kit-reference-design_READ_WRITE/VKPFSOC_JPEG_WRITE_READ/component/work/PF_CCC_C0/PF_CCC_C0.v (N/A, 2026-04-28 14:59:10) <-- (may instantiate this module)
                        /home/ahlemzenache/Documents/polarfire-soc-video-kit-reference-design_READ_WRITE/VKPFSOC_JPEG_WRITE_READ/component/work/PF_CCC_C0/PF_CCC_C0_0/PF_CCC_C0_PF_CCC_C0_0_PF_CCC.v (N/A, 2026-04-28 14:59:10) <-- (may instantiate this module)
                        /home/ahlemzenache/Documents/polarfire-soc-video-kit-reference-design_READ_WRITE/VKPFSOC_JPEG_WRITE_READ/component/work/PF_CLK_DIV_C0/PF_CLK_DIV_C0.v (N/A, 2026-04-28 14:59:11) <-- (may instantiate this module)
                        /home/ahlemzenache/Documents/polarfire-soc-video-kit-reference-design_READ_WRITE/VKPFSOC_JPEG_WRITE_READ/component/work/PF_CLK_DIV_C0/PF_CLK_DIV_C0_0/PF_CLK_DIV_C0_PF_CLK_DIV_C0_0_PF_CLK_DIV.v (N/A, 2026-04-28 14:59:11) <-- (may instantiate this module)
                        /home/ahlemzenache/Documents/polarfire-soc-video-kit-reference-design_READ_WRITE/VKPFSOC_JPEG_WRITE_READ/component/work/PF_OSC_C0/PF_OSC_C0.v (N/A, 2026-04-28 14:59:11) <-- (may instantiate this module)
                        /home/ahlemzenache/Documents/polarfire-soc-video-kit-reference-design_READ_WRITE/VKPFSOC_JPEG_WRITE_READ/component/work/PF_OSC_C0/PF_OSC_C0_0/PF_OSC_C0_PF_OSC_C0_0_PF_OSC.v (N/A, 2026-04-28 14:59:11) <-- (may instantiate this module)
                        /home/ahlemzenache/Documents/polarfire-soc-video-kit-reference-design_READ_WRITE/VKPFSOC_JPEG_WRITE_READ/component/work/PF_XCVR_REF_CLK_C0/PF_XCVR_REF_CLK_C0.v (N/A, 2026-04-28 14:59:12) <-- (may instantiate this module)
                        /home/ahlemzenache/Documents/polarfire-soc-video-kit-reference-design_READ_WRITE/VKPFSOC_JPEG_WRITE_READ/component/work/PF_XCVR_REF_CLK_C0/PF_XCVR_REF_CLK_C0_0/PF_XCVR_REF_CLK_C0_PF_XCVR_REF_CLK_C0_0_PF_XCVR_REF_CLK.v (N/A, 2026-04-28 14:59:12) <-- (may instantiate this module)
                        /home/ahlemzenache/Documents/polarfire-soc-video-kit-reference-design_READ_WRITE/VKPFSOC_JPEG_WRITE_READ/component/work/VKPFSOC_TOP/VKPFSOC_TOP.v (N/A, 2026-04-28 15:17:39) <-- (may instantiate this module)
55       work.LANECTRL.verilog may have changed because the following files changed:
                        /home/ahlemzenache/Documents/polarfire-soc-video-kit-reference-design_READ_WRITE/VKPFSOC_JPEG_WRITE_READ/component/syn_comps.v (N/A, 2026-05-03 09:04:16) <-- (module definition)
                        /home/ahlemzenache/Documents/polarfire-soc-video-kit-reference-design_READ_WRITE/VKPFSOC_JPEG_WRITE_READ/component/work/CLOCKS_AND_RESETS/CLOCKS_AND_RESETS.v (N/A, 2026-04-28 14:59:15) <-- (may instantiate this module)
                        /home/ahlemzenache/Documents/polarfire-soc-video-kit-reference-design_READ_WRITE/VKPFSOC_JPEG_WRITE_READ/component/work/INIT_MONITOR/INIT_MONITOR.v (N/A, 2026-04-28 14:59:09) <-- (may instantiate this module)
                        /home/ahlemzenache/Documents/polarfire-soc-video-kit-reference-design_READ_WRITE/VKPFSOC_JPEG_WRITE_READ/component/work/INIT_MONITOR/INIT_MONITOR_0/INIT_MONITOR_INIT_MONITOR_0_PFSOC_INIT_MONITOR.v (N/A, 2026-04-28 14:59:09) <-- (may instantiate this module)
                        /home/ahlemzenache/Documents/polarfire-soc-video-kit-reference-design_READ_WRITE/VKPFSOC_JPEG_WRITE_READ/component/work/PF_CCC_C0/PF_CCC_C0.v (N/A, 2026-04-28 14:59:10) <-- (may instantiate this module)
                        /home/ahlemzenache/Documents/polarfire-soc-video-kit-reference-design_READ_WRITE/VKPFSOC_JPEG_WRITE_READ/component/work/PF_CCC_C0/PF_CCC_C0_0/PF_CCC_C0_PF_CCC_C0_0_PF_CCC.v (N/A, 2026-04-28 14:59:10) <-- (may instantiate this module)
                        /home/ahlemzenache/Documents/polarfire-soc-video-kit-reference-design_READ_WRITE/VKPFSOC_JPEG_WRITE_READ/component/work/PF_CLK_DIV_C0/PF_CLK_DIV_C0.v (N/A, 2026-04-28 14:59:11) <-- (may instantiate this module)
                        /home/ahlemzenache/Documents/polarfire-soc-video-kit-reference-design_READ_WRITE/VKPFSOC_JPEG_WRITE_READ/component/work/PF_CLK_DIV_C0/PF_CLK_DIV_C0_0/PF_CLK_DIV_C0_PF_CLK_DIV_C0_0_PF_CLK_DIV.v (N/A, 2026-04-28 14:59:11) <-- (may instantiate this module)
                        /home/ahlemzenache/Documents/polarfire-soc-video-kit-reference-design_READ_WRITE/VKPFSOC_JPEG_WRITE_READ/component/work/PF_OSC_C0/PF_OSC_C0.v (N/A, 2026-04-28 14:59:11) <-- (may instantiate this module)
                        /home/ahlemzenache/Documents/polarfire-soc-video-kit-reference-design_READ_WRITE/VKPFSOC_JPEG_WRITE_READ/component/work/PF_OSC_C0/PF_OSC_C0_0/PF_OSC_C0_PF_OSC_C0_0_PF_OSC.v (N/A, 2026-04-28 14:59:11) <-- (may instantiate this module)
                        /home/ahlemzenache/Documents/polarfire-soc-video-kit-reference-design_READ_WRITE/VKPFSOC_JPEG_WRITE_READ/component/work/PF_XCVR_REF_CLK_C0/PF_XCVR_REF_CLK_C0.v (N/A, 2026-04-28 14:59:12) <-- (may instantiate this module)
                        /home/ahlemzenache/Documents/polarfire-soc-video-kit-reference-design_READ_WRITE/VKPFSOC_JPEG_WRITE_READ/component/work/PF_XCVR_REF_CLK_C0/PF_XCVR_REF_CLK_C0_0/PF_XCVR_REF_CLK_C0_PF_XCVR_REF_CLK_C0_0_PF_XCVR_REF_CLK.v (N/A, 2026-04-28 14:59:12) <-- (may instantiate this module)
                        /home/ahlemzenache/Documents/polarfire-soc-video-kit-reference-design_READ_WRITE/VKPFSOC_JPEG_WRITE_READ/component/work/VKPFSOC_TOP/VKPFSOC_TOP.v (N/A, 2026-04-28 15:17:39) <-- (may instantiate this module)
56       work.LANERST.verilog may have changed because the following files changed:
                        /home/ahlemzenache/Documents/polarfire-soc-video-kit-reference-design_READ_WRITE/VKPFSOC_JPEG_WRITE_READ/component/syn_comps.v (N/A, 2026-05-03 09:04:16) <-- (module definition)
                        /home/ahlemzenache/Documents/polarfire-soc-video-kit-reference-design_READ_WRITE/VKPFSOC_JPEG_WRITE_READ/component/work/CLOCKS_AND_RESETS/CLOCKS_AND_RESETS.v (N/A, 2026-04-28 14:59:15) <-- (may instantiate this module)
                        /home/ahlemzenache/Documents/polarfire-soc-video-kit-reference-design_READ_WRITE/VKPFSOC_JPEG_WRITE_READ/component/work/INIT_MONITOR/INIT_MONITOR.v (N/A, 2026-04-28 14:59:09) <-- (may instantiate this module)
                        /home/ahlemzenache/Documents/polarfire-soc-video-kit-reference-design_READ_WRITE/VKPFSOC_JPEG_WRITE_READ/component/work/INIT_MONITOR/INIT_MONITOR_0/INIT_MONITOR_INIT_MONITOR_0_PFSOC_INIT_MONITOR.v (N/A, 2026-04-28 14:59:09) <-- (may instantiate this module)
                        /home/ahlemzenache/Documents/polarfire-soc-video-kit-reference-design_READ_WRITE/VKPFSOC_JPEG_WRITE_READ/component/work/PF_CCC_C0/PF_CCC_C0.v (N/A, 2026-04-28 14:59:10) <-- (may instantiate this module)
                        /home/ahlemzenache/Documents/polarfire-soc-video-kit-reference-design_READ_WRITE/VKPFSOC_JPEG_WRITE_READ/component/work/PF_CCC_C0/PF_CCC_C0_0/PF_CCC_C0_PF_CCC_C0_0_PF_CCC.v (N/A, 2026-04-28 14:59:10) <-- (may instantiate this module)
                        /home/ahlemzenache/Documents/polarfire-soc-video-kit-reference-design_READ_WRITE/VKPFSOC_JPEG_WRITE_READ/component/work/PF_CLK_DIV_C0/PF_CLK_DIV_C0.v (N/A, 2026-04-28 14:59:11) <-- (may instantiate this module)
                        /home/ahlemzenache/Documents/polarfire-soc-video-kit-reference-design_READ_WRITE/VKPFSOC_JPEG_WRITE_READ/component/work/PF_CLK_DIV_C0/PF_CLK_DIV_C0_0/PF_CLK_DIV_C0_PF_CLK_DIV_C0_0_PF_CLK_DIV.v (N/A, 2026-04-28 14:59:11) <-- (may instantiate this module)
                        /home/ahlemzenache/Documents/polarfire-soc-video-kit-reference-design_READ_WRITE/VKPFSOC_JPEG_WRITE_READ/component/work/PF_OSC_C0/PF_OSC_C0.v (N/A, 2026-04-28 14:59:11) <-- (may instantiate this module)
                        /home/ahlemzenache/Documents/polarfire-soc-video-kit-reference-design_READ_WRITE/VKPFSOC_JPEG_WRITE_READ/component/work/PF_OSC_C0/PF_OSC_C0_0/PF_OSC_C0_PF_OSC_C0_0_PF_OSC.v (N/A, 2026-04-28 14:59:11) <-- (may instantiate this module)
                        /home/ahlemzenache/Documents/polarfire-soc-video-kit-reference-design_READ_WRITE/VKPFSOC_JPEG_WRITE_READ/component/work/PF_XCVR_REF_CLK_C0/PF_XCVR_REF_CLK_C0.v (N/A, 2026-04-28 14:59:12) <-- (may instantiate this module)
                        /home/ahlemzenache/Documents/polarfire-soc-video-kit-reference-design_READ_WRITE/VKPFSOC_JPEG_WRITE_READ/component/work/PF_XCVR_REF_CLK_C0/PF_XCVR_REF_CLK_C0_0/PF_XCVR_REF_CLK_C0_PF_XCVR_REF_CLK_C0_0_PF_XCVR_REF_CLK.v (N/A, 2026-04-28 14:59:12) <-- (may instantiate this module)
                        /home/ahlemzenache/Documents/polarfire-soc-video-kit-reference-design_READ_WRITE/VKPFSOC_JPEG_WRITE_READ/component/work/VKPFSOC_TOP/VKPFSOC_TOP.v (N/A, 2026-04-28 15:17:39) <-- (may instantiate this module)
57       work.MCHP_BLIC.verilog may have changed because the following files changed:
                        /home/ahlemzenache/Documents/polarfire-soc-video-kit-reference-design_READ_WRITE/VKPFSOC_JPEG_WRITE_READ/component/syn_comps.v (N/A, 2026-05-03 09:04:16) <-- (module definition)
                        /home/ahlemzenache/Documents/polarfire-soc-video-kit-reference-design_READ_WRITE/VKPFSOC_JPEG_WRITE_READ/component/work/CLOCKS_AND_RESETS/CLOCKS_AND_RESETS.v (N/A, 2026-04-28 14:59:15) <-- (may instantiate this module)
                        /home/ahlemzenache/Documents/polarfire-soc-video-kit-reference-design_READ_WRITE/VKPFSOC_JPEG_WRITE_READ/component/work/INIT_MONITOR/INIT_MONITOR.v (N/A, 2026-04-28 14:59:09) <-- (may instantiate this module)
                        /home/ahlemzenache/Documents/polarfire-soc-video-kit-reference-design_READ_WRITE/VKPFSOC_JPEG_WRITE_READ/component/work/INIT_MONITOR/INIT_MONITOR_0/INIT_MONITOR_INIT_MONITOR_0_PFSOC_INIT_MONITOR.v (N/A, 2026-04-28 14:59:09) <-- (may instantiate this module)
                        /home/ahlemzenache/Documents/polarfire-soc-video-kit-reference-design_READ_WRITE/VKPFSOC_JPEG_WRITE_READ/component/work/PF_CCC_C0/PF_CCC_C0.v (N/A, 2026-04-28 14:59:10) <-- (may instantiate this module)
                        /home/ahlemzenache/Documents/polarfire-soc-video-kit-reference-design_READ_WRITE/VKPFSOC_JPEG_WRITE_READ/component/work/PF_CCC_C0/PF_CCC_C0_0/PF_CCC_C0_PF_CCC_C0_0_PF_CCC.v (N/A, 2026-04-28 14:59:10) <-- (may instantiate this module)
                        /home/ahlemzenache/Documents/polarfire-soc-video-kit-reference-design_READ_WRITE/VKPFSOC_JPEG_WRITE_READ/component/work/PF_CLK_DIV_C0/PF_CLK_DIV_C0.v (N/A, 2026-04-28 14:59:11) <-- (may instantiate this module)
                        /home/ahlemzenache/Documents/polarfire-soc-video-kit-reference-design_READ_WRITE/VKPFSOC_JPEG_WRITE_READ/component/work/PF_CLK_DIV_C0/PF_CLK_DIV_C0_0/PF_CLK_DIV_C0_PF_CLK_DIV_C0_0_PF_CLK_DIV.v (N/A, 2026-04-28 14:59:11) <-- (may instantiate this module)
                        /home/ahlemzenache/Documents/polarfire-soc-video-kit-reference-design_READ_WRITE/VKPFSOC_JPEG_WRITE_READ/component/work/PF_OSC_C0/PF_OSC_C0.v (N/A, 2026-04-28 14:59:11) <-- (may instantiate this module)
                        /home/ahlemzenache/Documents/polarfire-soc-video-kit-reference-design_READ_WRITE/VKPFSOC_JPEG_WRITE_READ/component/work/PF_OSC_C0/PF_OSC_C0_0/PF_OSC_C0_PF_OSC_C0_0_PF_OSC.v (N/A, 2026-04-28 14:59:11) <-- (may instantiate this module)
                        /home/ahlemzenache/Documents/polarfire-soc-video-kit-reference-design_READ_WRITE/VKPFSOC_JPEG_WRITE_READ/component/work/PF_XCVR_REF_CLK_C0/PF_XCVR_REF_CLK_C0.v (N/A, 2026-04-28 14:59:12) <-- (may instantiate this module)
                        /home/ahlemzenache/Documents/polarfire-soc-video-kit-reference-design_READ_WRITE/VKPFSOC_JPEG_WRITE_READ/component/work/PF_XCVR_REF_CLK_C0/PF_XCVR_REF_CLK_C0_0/PF_XCVR_REF_CLK_C0_PF_XCVR_REF_CLK_C0_0_PF_XCVR_REF_CLK.v (N/A, 2026-04-28 14:59:12) <-- (may instantiate this module)
                        /home/ahlemzenache/Documents/polarfire-soc-video-kit-reference-design_READ_WRITE/VKPFSOC_JPEG_WRITE_READ/component/work/VKPFSOC_TOP/VKPFSOC_TOP.v (N/A, 2026-04-28 15:17:39) <-- (may instantiate this module)
58       work.MSS.verilog may have changed because the following files changed:
                        /home/ahlemzenache/Documents/polarfire-soc-video-kit-reference-design_READ_WRITE/VKPFSOC_JPEG_WRITE_READ/component/work/MSS_VIDEO_KIT_H264/MSS_BYP_NOBYP_BYP_BYP_BYP_syn_comps.v (N/A, 2026-04-28 14:59:05) <-- (module definition)
                        /home/ahlemzenache/Documents/polarfire-soc-video-kit-reference-design_READ_WRITE/VKPFSOC_JPEG_WRITE_READ/component/work/MSS_VIDEO_KIT_H264/MSS_VIDEO_KIT_H264.v (N/A, 2026-04-28 14:59:05) <-- (may instantiate this module)
                        /home/ahlemzenache/Documents/polarfire-soc-video-kit-reference-design_READ_WRITE/VKPFSOC_JPEG_WRITE_READ/component/work/VKPFSOC_TOP/VKPFSOC_TOP.v (N/A, 2026-04-28 15:17:39) <-- (may instantiate this module)
59       work.MSS_VIDEO_KIT_H264.verilog may have changed because the following files changed:
                        /home/ahlemzenache/Documents/polarfire-soc-video-kit-reference-design_READ_WRITE/VKPFSOC_JPEG_WRITE_READ/component/work/MSS_VIDEO_KIT_H264/MSS_VIDEO_KIT_H264.v (N/A, 2026-04-28 14:59:05) <-- (module definition)
                        /home/ahlemzenache/Documents/polarfire-soc-video-kit-reference-design_READ_WRITE/VKPFSOC_JPEG_WRITE_READ/component/work/VKPFSOC_TOP/VKPFSOC_TOP.v (N/A, 2026-04-28 15:17:39) <-- (may instantiate this module)
60       work.OSC_RC160MHZ.verilog may have changed because the following files changed:
                        /home/ahlemzenache/Documents/polarfire-soc-video-kit-reference-design_READ_WRITE/VKPFSOC_JPEG_WRITE_READ/component/syn_comps.v (N/A, 2026-05-03 09:04:16) <-- (module definition)
                        /home/ahlemzenache/Documents/polarfire-soc-video-kit-reference-design_READ_WRITE/VKPFSOC_JPEG_WRITE_READ/component/work/CLOCKS_AND_RESETS/CLOCKS_AND_RESETS.v (N/A, 2026-04-28 14:59:15) <-- (may instantiate this module)
                        /home/ahlemzenache/Documents/polarfire-soc-video-kit-reference-design_READ_WRITE/VKPFSOC_JPEG_WRITE_READ/component/work/INIT_MONITOR/INIT_MONITOR.v (N/A, 2026-04-28 14:59:09) <-- (may instantiate this module)
                        /home/ahlemzenache/Documents/polarfire-soc-video-kit-reference-design_READ_WRITE/VKPFSOC_JPEG_WRITE_READ/component/work/INIT_MONITOR/INIT_MONITOR_0/INIT_MONITOR_INIT_MONITOR_0_PFSOC_INIT_MONITOR.v (N/A, 2026-04-28 14:59:09) <-- (may instantiate this module)
                        /home/ahlemzenache/Documents/polarfire-soc-video-kit-reference-design_READ_WRITE/VKPFSOC_JPEG_WRITE_READ/component/work/PF_CCC_C0/PF_CCC_C0.v (N/A, 2026-04-28 14:59:10) <-- (may instantiate this module)
                        /home/ahlemzenache/Documents/polarfire-soc-video-kit-reference-design_READ_WRITE/VKPFSOC_JPEG_WRITE_READ/component/work/PF_CCC_C0/PF_CCC_C0_0/PF_CCC_C0_PF_CCC_C0_0_PF_CCC.v (N/A, 2026-04-28 14:59:10) <-- (may instantiate this module)
                        /home/ahlemzenache/Documents/polarfire-soc-video-kit-reference-design_READ_WRITE/VKPFSOC_JPEG_WRITE_READ/component/work/PF_CLK_DIV_C0/PF_CLK_DIV_C0.v (N/A, 2026-04-28 14:59:11) <-- (may instantiate this module)
                        /home/ahlemzenache/Documents/polarfire-soc-video-kit-reference-design_READ_WRITE/VKPFSOC_JPEG_WRITE_READ/component/work/PF_CLK_DIV_C0/PF_CLK_DIV_C0_0/PF_CLK_DIV_C0_PF_CLK_DIV_C0_0_PF_CLK_DIV.v (N/A, 2026-04-28 14:59:11) <-- (may instantiate this module)
                        /home/ahlemzenache/Documents/polarfire-soc-video-kit-reference-design_READ_WRITE/VKPFSOC_JPEG_WRITE_READ/component/work/PF_OSC_C0/PF_OSC_C0.v (N/A, 2026-04-28 14:59:11) <-- (may instantiate this module)
                        /home/ahlemzenache/Documents/polarfire-soc-video-kit-reference-design_READ_WRITE/VKPFSOC_JPEG_WRITE_READ/component/work/PF_OSC_C0/PF_OSC_C0_0/PF_OSC_C0_PF_OSC_C0_0_PF_OSC.v (N/A, 2026-04-28 14:59:11) <-- (may instantiate this module)
                        /home/ahlemzenache/Documents/polarfire-soc-video-kit-reference-design_READ_WRITE/VKPFSOC_JPEG_WRITE_READ/component/work/PF_XCVR_REF_CLK_C0/PF_XCVR_REF_CLK_C0.v (N/A, 2026-04-28 14:59:12) <-- (may instantiate this module)
                        /home/ahlemzenache/Documents/polarfire-soc-video-kit-reference-design_READ_WRITE/VKPFSOC_JPEG_WRITE_READ/component/work/PF_XCVR_REF_CLK_C0/PF_XCVR_REF_CLK_C0_0/PF_XCVR_REF_CLK_C0_PF_XCVR_REF_CLK_C0_0_PF_XCVR_REF_CLK.v (N/A, 2026-04-28 14:59:12) <-- (may instantiate this module)
                        /home/ahlemzenache/Documents/polarfire-soc-video-kit-reference-design_READ_WRITE/VKPFSOC_JPEG_WRITE_READ/component/work/VKPFSOC_TOP/VKPFSOC_TOP.v (N/A, 2026-04-28 15:17:39) <-- (may instantiate this module)
61       work.OSC_RC200MHZ.verilog may have changed because the following files changed:
                        /home/ahlemzenache/Documents/polarfire-soc-video-kit-reference-design_READ_WRITE/VKPFSOC_JPEG_WRITE_READ/component/syn_comps.v (N/A, 2026-05-03 09:04:16) <-- (module definition)
                        /home/ahlemzenache/Documents/polarfire-soc-video-kit-reference-design_READ_WRITE/VKPFSOC_JPEG_WRITE_READ/component/work/CLOCKS_AND_RESETS/CLOCKS_AND_RESETS.v (N/A, 2026-04-28 14:59:15) <-- (may instantiate this module)
                        /home/ahlemzenache/Documents/polarfire-soc-video-kit-reference-design_READ_WRITE/VKPFSOC_JPEG_WRITE_READ/component/work/INIT_MONITOR/INIT_MONITOR.v (N/A, 2026-04-28 14:59:09) <-- (may instantiate this module)
                        /home/ahlemzenache/Documents/polarfire-soc-video-kit-reference-design_READ_WRITE/VKPFSOC_JPEG_WRITE_READ/component/work/INIT_MONITOR/INIT_MONITOR_0/INIT_MONITOR_INIT_MONITOR_0_PFSOC_INIT_MONITOR.v (N/A, 2026-04-28 14:59:09) <-- (may instantiate this module)
                        /home/ahlemzenache/Documents/polarfire-soc-video-kit-reference-design_READ_WRITE/VKPFSOC_JPEG_WRITE_READ/component/work/PF_CCC_C0/PF_CCC_C0.v (N/A, 2026-04-28 14:59:10) <-- (may instantiate this module)
                        /home/ahlemzenache/Documents/polarfire-soc-video-kit-reference-design_READ_WRITE/VKPFSOC_JPEG_WRITE_READ/component/work/PF_CCC_C0/PF_CCC_C0_0/PF_CCC_C0_PF_CCC_C0_0_PF_CCC.v (N/A, 2026-04-28 14:59:10) <-- (may instantiate this module)
                        /home/ahlemzenache/Documents/polarfire-soc-video-kit-reference-design_READ_WRITE/VKPFSOC_JPEG_WRITE_READ/component/work/PF_CLK_DIV_C0/PF_CLK_DIV_C0.v (N/A, 2026-04-28 14:59:11) <-- (may instantiate this module)
                        /home/ahlemzenache/Documents/polarfire-soc-video-kit-reference-design_READ_WRITE/VKPFSOC_JPEG_WRITE_READ/component/work/PF_CLK_DIV_C0/PF_CLK_DIV_C0_0/PF_CLK_DIV_C0_PF_CLK_DIV_C0_0_PF_CLK_DIV.v (N/A, 2026-04-28 14:59:11) <-- (may instantiate this module)
                        /home/ahlemzenache/Documents/polarfire-soc-video-kit-reference-design_READ_WRITE/VKPFSOC_JPEG_WRITE_READ/component/work/PF_OSC_C0/PF_OSC_C0.v (N/A, 2026-04-28 14:59:11) <-- (may instantiate this module)
                        /home/ahlemzenache/Documents/polarfire-soc-video-kit-reference-design_READ_WRITE/VKPFSOC_JPEG_WRITE_READ/component/work/PF_OSC_C0/PF_OSC_C0_0/PF_OSC_C0_PF_OSC_C0_0_PF_OSC.v (N/A, 2026-04-28 14:59:11) <-- (may instantiate this module)
                        /home/ahlemzenache/Documents/polarfire-soc-video-kit-reference-design_READ_WRITE/VKPFSOC_JPEG_WRITE_READ/component/work/PF_XCVR_REF_CLK_C0/PF_XCVR_REF_CLK_C0.v (N/A, 2026-04-28 14:59:12) <-- (may instantiate this module)
                        /home/ahlemzenache/Documents/polarfire-soc-video-kit-reference-design_READ_WRITE/VKPFSOC_JPEG_WRITE_READ/component/work/PF_XCVR_REF_CLK_C0/PF_XCVR_REF_CLK_C0_0/PF_XCVR_REF_CLK_C0_PF_XCVR_REF_CLK_C0_0_PF_XCVR_REF_CLK.v (N/A, 2026-04-28 14:59:12) <-- (may instantiate this module)
                        /home/ahlemzenache/Documents/polarfire-soc-video-kit-reference-design_READ_WRITE/VKPFSOC_JPEG_WRITE_READ/component/work/VKPFSOC_TOP/VKPFSOC_TOP.v (N/A, 2026-04-28 15:17:39) <-- (may instantiate this module)
62       work.OSC_RC2MHZ.verilog may have changed because the following files changed:
                        /home/ahlemzenache/Documents/polarfire-soc-video-kit-reference-design_READ_WRITE/VKPFSOC_JPEG_WRITE_READ/component/syn_comps.v (N/A, 2026-05-03 09:04:16) <-- (module definition)
                        /home/ahlemzenache/Documents/polarfire-soc-video-kit-reference-design_READ_WRITE/VKPFSOC_JPEG_WRITE_READ/component/work/CLOCKS_AND_RESETS/CLOCKS_AND_RESETS.v (N/A, 2026-04-28 14:59:15) <-- (may instantiate this module)
                        /home/ahlemzenache/Documents/polarfire-soc-video-kit-reference-design_READ_WRITE/VKPFSOC_JPEG_WRITE_READ/component/work/INIT_MONITOR/INIT_MONITOR.v (N/A, 2026-04-28 14:59:09) <-- (may instantiate this module)
                        /home/ahlemzenache/Documents/polarfire-soc-video-kit-reference-design_READ_WRITE/VKPFSOC_JPEG_WRITE_READ/component/work/INIT_MONITOR/INIT_MONITOR_0/INIT_MONITOR_INIT_MONITOR_0_PFSOC_INIT_MONITOR.v (N/A, 2026-04-28 14:59:09) <-- (may instantiate this module)
                        /home/ahlemzenache/Documents/polarfire-soc-video-kit-reference-design_READ_WRITE/VKPFSOC_JPEG_WRITE_READ/component/work/PF_CCC_C0/PF_CCC_C0.v (N/A, 2026-04-28 14:59:10) <-- (may instantiate this module)
                        /home/ahlemzenache/Documents/polarfire-soc-video-kit-reference-design_READ_WRITE/VKPFSOC_JPEG_WRITE_READ/component/work/PF_CCC_C0/PF_CCC_C0_0/PF_CCC_C0_PF_CCC_C0_0_PF_CCC.v (N/A, 2026-04-28 14:59:10) <-- (may instantiate this module)
                        /home/ahlemzenache/Documents/polarfire-soc-video-kit-reference-design_READ_WRITE/VKPFSOC_JPEG_WRITE_READ/component/work/PF_CLK_DIV_C0/PF_CLK_DIV_C0.v (N/A, 2026-04-28 14:59:11) <-- (may instantiate this module)
                        /home/ahlemzenache/Documents/polarfire-soc-video-kit-reference-design_READ_WRITE/VKPFSOC_JPEG_WRITE_READ/component/work/PF_CLK_DIV_C0/PF_CLK_DIV_C0_0/PF_CLK_DIV_C0_PF_CLK_DIV_C0_0_PF_CLK_DIV.v (N/A, 2026-04-28 14:59:11) <-- (may instantiate this module)
                        /home/ahlemzenache/Documents/polarfire-soc-video-kit-reference-design_READ_WRITE/VKPFSOC_JPEG_WRITE_READ/component/work/PF_OSC_C0/PF_OSC_C0.v (N/A, 2026-04-28 14:59:11) <-- (may instantiate this module)
                        /home/ahlemzenache/Documents/polarfire-soc-video-kit-reference-design_READ_WRITE/VKPFSOC_JPEG_WRITE_READ/component/work/PF_OSC_C0/PF_OSC_C0_0/PF_OSC_C0_PF_OSC_C0_0_PF_OSC.v (N/A, 2026-04-28 14:59:11) <-- (may instantiate this module)
                        /home/ahlemzenache/Documents/polarfire-soc-video-kit-reference-design_READ_WRITE/VKPFSOC_JPEG_WRITE_READ/component/work/PF_XCVR_REF_CLK_C0/PF_XCVR_REF_CLK_C0.v (N/A, 2026-04-28 14:59:12) <-- (may instantiate this module)
                        /home/ahlemzenache/Documents/polarfire-soc-video-kit-reference-design_READ_WRITE/VKPFSOC_JPEG_WRITE_READ/component/work/PF_XCVR_REF_CLK_C0/PF_XCVR_REF_CLK_C0_0/PF_XCVR_REF_CLK_C0_PF_XCVR_REF_CLK_C0_0_PF_XCVR_REF_CLK.v (N/A, 2026-04-28 14:59:12) <-- (may instantiate this module)
                        /home/ahlemzenache/Documents/polarfire-soc-video-kit-reference-design_READ_WRITE/VKPFSOC_JPEG_WRITE_READ/component/work/VKPFSOC_TOP/VKPFSOC_TOP.v (N/A, 2026-04-28 15:17:39) <-- (may instantiate this module)
63       work.PCIE.verilog may have changed because the following files changed:
                        /home/ahlemzenache/Documents/polarfire-soc-video-kit-reference-design_READ_WRITE/VKPFSOC_JPEG_WRITE_READ/component/syn_comps.v (N/A, 2026-05-03 09:04:16) <-- (module definition)
                        /home/ahlemzenache/Documents/polarfire-soc-video-kit-reference-design_READ_WRITE/VKPFSOC_JPEG_WRITE_READ/component/work/CLOCKS_AND_RESETS/CLOCKS_AND_RESETS.v (N/A, 2026-04-28 14:59:15) <-- (may instantiate this module)
                        /home/ahlemzenache/Documents/polarfire-soc-video-kit-reference-design_READ_WRITE/VKPFSOC_JPEG_WRITE_READ/component/work/INIT_MONITOR/INIT_MONITOR.v (N/A, 2026-04-28 14:59:09) <-- (may instantiate this module)
                        /home/ahlemzenache/Documents/polarfire-soc-video-kit-reference-design_READ_WRITE/VKPFSOC_JPEG_WRITE_READ/component/work/INIT_MONITOR/INIT_MONITOR_0/INIT_MONITOR_INIT_MONITOR_0_PFSOC_INIT_MONITOR.v (N/A, 2026-04-28 14:59:09) <-- (may instantiate this module)
                        /home/ahlemzenache/Documents/polarfire-soc-video-kit-reference-design_READ_WRITE/VKPFSOC_JPEG_WRITE_READ/component/work/PF_CCC_C0/PF_CCC_C0.v (N/A, 2026-04-28 14:59:10) <-- (may instantiate this module)
                        /home/ahlemzenache/Documents/polarfire-soc-video-kit-reference-design_READ_WRITE/VKPFSOC_JPEG_WRITE_READ/component/work/PF_CCC_C0/PF_CCC_C0_0/PF_CCC_C0_PF_CCC_C0_0_PF_CCC.v (N/A, 2026-04-28 14:59:10) <-- (may instantiate this module)
                        /home/ahlemzenache/Documents/polarfire-soc-video-kit-reference-design_READ_WRITE/VKPFSOC_JPEG_WRITE_READ/component/work/PF_CLK_DIV_C0/PF_CLK_DIV_C0.v (N/A, 2026-04-28 14:59:11) <-- (may instantiate this module)
                        /home/ahlemzenache/Documents/polarfire-soc-video-kit-reference-design_READ_WRITE/VKPFSOC_JPEG_WRITE_READ/component/work/PF_CLK_DIV_C0/PF_CLK_DIV_C0_0/PF_CLK_DIV_C0_PF_CLK_DIV_C0_0_PF_CLK_DIV.v (N/A, 2026-04-28 14:59:11) <-- (may instantiate this module)
                        /home/ahlemzenache/Documents/polarfire-soc-video-kit-reference-design_READ_WRITE/VKPFSOC_JPEG_WRITE_READ/component/work/PF_OSC_C0/PF_OSC_C0.v (N/A, 2026-04-28 14:59:11) <-- (may instantiate this module)
                        /home/ahlemzenache/Documents/polarfire-soc-video-kit-reference-design_READ_WRITE/VKPFSOC_JPEG_WRITE_READ/component/work/PF_OSC_C0/PF_OSC_C0_0/PF_OSC_C0_PF_OSC_C0_0_PF_OSC.v (N/A, 2026-04-28 14:59:11) <-- (may instantiate this module)
                        /home/ahlemzenache/Documents/polarfire-soc-video-kit-reference-design_READ_WRITE/VKPFSOC_JPEG_WRITE_READ/component/work/PF_XCVR_REF_CLK_C0/PF_XCVR_REF_CLK_C0.v (N/A, 2026-04-28 14:59:12) <-- (may instantiate this module)
                        /home/ahlemzenache/Documents/polarfire-soc-video-kit-reference-design_READ_WRITE/VKPFSOC_JPEG_WRITE_READ/component/work/PF_XCVR_REF_CLK_C0/PF_XCVR_REF_CLK_C0_0/PF_XCVR_REF_CLK_C0_PF_XCVR_REF_CLK_C0_0_PF_XCVR_REF_CLK.v (N/A, 2026-04-28 14:59:12) <-- (may instantiate this module)
                        /home/ahlemzenache/Documents/polarfire-soc-video-kit-reference-design_READ_WRITE/VKPFSOC_JPEG_WRITE_READ/component/work/VKPFSOC_TOP/VKPFSOC_TOP.v (N/A, 2026-04-28 15:17:39) <-- (may instantiate this module)
64       work.PCIE_COMMON.verilog may have changed because the following files changed:
                        /home/ahlemzenache/Documents/polarfire-soc-video-kit-reference-design_READ_WRITE/VKPFSOC_JPEG_WRITE_READ/component/syn_comps.v (N/A, 2026-05-03 09:04:16) <-- (module definition)
                        /home/ahlemzenache/Documents/polarfire-soc-video-kit-reference-design_READ_WRITE/VKPFSOC_JPEG_WRITE_READ/component/work/CLOCKS_AND_RESETS/CLOCKS_AND_RESETS.v (N/A, 2026-04-28 14:59:15) <-- (may instantiate this module)
                        /home/ahlemzenache/Documents/polarfire-soc-video-kit-reference-design_READ_WRITE/VKPFSOC_JPEG_WRITE_READ/component/work/INIT_MONITOR/INIT_MONITOR.v (N/A, 2026-04-28 14:59:09) <-- (may instantiate this module)
                        /home/ahlemzenache/Documents/polarfire-soc-video-kit-reference-design_READ_WRITE/VKPFSOC_JPEG_WRITE_READ/component/work/INIT_MONITOR/INIT_MONITOR_0/INIT_MONITOR_INIT_MONITOR_0_PFSOC_INIT_MONITOR.v (N/A, 2026-04-28 14:59:09) <-- (may instantiate this module)
                        /home/ahlemzenache/Documents/polarfire-soc-video-kit-reference-design_READ_WRITE/VKPFSOC_JPEG_WRITE_READ/component/work/PF_CCC_C0/PF_CCC_C0.v (N/A, 2026-04-28 14:59:10) <-- (may instantiate this module)
                        /home/ahlemzenache/Documents/polarfire-soc-video-kit-reference-design_READ_WRITE/VKPFSOC_JPEG_WRITE_READ/component/work/PF_CCC_C0/PF_CCC_C0_0/PF_CCC_C0_PF_CCC_C0_0_PF_CCC.v (N/A, 2026-04-28 14:59:10) <-- (may instantiate this module)
                        /home/ahlemzenache/Documents/polarfire-soc-video-kit-reference-design_READ_WRITE/VKPFSOC_JPEG_WRITE_READ/component/work/PF_CLK_DIV_C0/PF_CLK_DIV_C0.v (N/A, 2026-04-28 14:59:11) <-- (may instantiate this module)
                        /home/ahlemzenache/Documents/polarfire-soc-video-kit-reference-design_READ_WRITE/VKPFSOC_JPEG_WRITE_READ/component/work/PF_CLK_DIV_C0/PF_CLK_DIV_C0_0/PF_CLK_DIV_C0_PF_CLK_DIV_C0_0_PF_CLK_DIV.v (N/A, 2026-04-28 14:59:11) <-- (may instantiate this module)
                        /home/ahlemzenache/Documents/polarfire-soc-video-kit-reference-design_READ_WRITE/VKPFSOC_JPEG_WRITE_READ/component/work/PF_OSC_C0/PF_OSC_C0.v (N/A, 2026-04-28 14:59:11) <-- (may instantiate this module)
                        /home/ahlemzenache/Documents/polarfire-soc-video-kit-reference-design_READ_WRITE/VKPFSOC_JPEG_WRITE_READ/component/work/PF_OSC_C0/PF_OSC_C0_0/PF_OSC_C0_PF_OSC_C0_0_PF_OSC.v (N/A, 2026-04-28 14:59:11) <-- (may instantiate this module)
                        /home/ahlemzenache/Documents/polarfire-soc-video-kit-reference-design_READ_WRITE/VKPFSOC_JPEG_WRITE_READ/component/work/PF_XCVR_REF_CLK_C0/PF_XCVR_REF_CLK_C0.v (N/A, 2026-04-28 14:59:12) <-- (may instantiate this module)
                        /home/ahlemzenache/Documents/polarfire-soc-video-kit-reference-design_READ_WRITE/VKPFSOC_JPEG_WRITE_READ/component/work/PF_XCVR_REF_CLK_C0/PF_XCVR_REF_CLK_C0_0/PF_XCVR_REF_CLK_C0_PF_XCVR_REF_CLK_C0_0_PF_XCVR_REF_CLK.v (N/A, 2026-04-28 14:59:12) <-- (may instantiate this module)
                        /home/ahlemzenache/Documents/polarfire-soc-video-kit-reference-design_READ_WRITE/VKPFSOC_JPEG_WRITE_READ/component/work/VKPFSOC_TOP/VKPFSOC_TOP.v (N/A, 2026-04-28 15:17:39) <-- (may instantiate this module)
65       work.PFSOC_SCSM.verilog may have changed because the following files changed:
                        /home/ahlemzenache/Documents/polarfire-soc-video-kit-reference-design_READ_WRITE/VKPFSOC_JPEG_WRITE_READ/component/syn_comps.v (N/A, 2026-05-03 09:04:16) <-- (module definition)
                        /home/ahlemzenache/Documents/polarfire-soc-video-kit-reference-design_READ_WRITE/VKPFSOC_JPEG_WRITE_READ/component/work/CLOCKS_AND_RESETS/CLOCKS_AND_RESETS.v (N/A, 2026-04-28 14:59:15) <-- (may instantiate this module)
                        /home/ahlemzenache/Documents/polarfire-soc-video-kit-reference-design_READ_WRITE/VKPFSOC_JPEG_WRITE_READ/component/work/INIT_MONITOR/INIT_MONITOR.v (N/A, 2026-04-28 14:59:09) <-- (may instantiate this module)
                        /home/ahlemzenache/Documents/polarfire-soc-video-kit-reference-design_READ_WRITE/VKPFSOC_JPEG_WRITE_READ/component/work/INIT_MONITOR/INIT_MONITOR_0/INIT_MONITOR_INIT_MONITOR_0_PFSOC_INIT_MONITOR.v (N/A, 2026-04-28 14:59:09) <-- (may instantiate this module)
                        /home/ahlemzenache/Documents/polarfire-soc-video-kit-reference-design_READ_WRITE/VKPFSOC_JPEG_WRITE_READ/component/work/PF_CCC_C0/PF_CCC_C0.v (N/A, 2026-04-28 14:59:10) <-- (may instantiate this module)
                        /home/ahlemzenache/Documents/polarfire-soc-video-kit-reference-design_READ_WRITE/VKPFSOC_JPEG_WRITE_READ/component/work/PF_CCC_C0/PF_CCC_C0_0/PF_CCC_C0_PF_CCC_C0_0_PF_CCC.v (N/A, 2026-04-28 14:59:10) <-- (may instantiate this module)
                        /home/ahlemzenache/Documents/polarfire-soc-video-kit-reference-design_READ_WRITE/VKPFSOC_JPEG_WRITE_READ/component/work/PF_CLK_DIV_C0/PF_CLK_DIV_C0.v (N/A, 2026-04-28 14:59:11) <-- (may instantiate this module)
                        /home/ahlemzenache/Documents/polarfire-soc-video-kit-reference-design_READ_WRITE/VKPFSOC_JPEG_WRITE_READ/component/work/PF_CLK_DIV_C0/PF_CLK_DIV_C0_0/PF_CLK_DIV_C0_PF_CLK_DIV_C0_0_PF_CLK_DIV.v (N/A, 2026-04-28 14:59:11) <-- (may instantiate this module)
                        /home/ahlemzenache/Documents/polarfire-soc-video-kit-reference-design_READ_WRITE/VKPFSOC_JPEG_WRITE_READ/component/work/PF_OSC_C0/PF_OSC_C0.v (N/A, 2026-04-28 14:59:11) <-- (may instantiate this module)
                        /home/ahlemzenache/Documents/polarfire-soc-video-kit-reference-design_READ_WRITE/VKPFSOC_JPEG_WRITE_READ/component/work/PF_OSC_C0/PF_OSC_C0_0/PF_OSC_C0_PF_OSC_C0_0_PF_OSC.v (N/A, 2026-04-28 14:59:11) <-- (may instantiate this module)
                        /home/ahlemzenache/Documents/polarfire-soc-video-kit-reference-design_READ_WRITE/VKPFSOC_JPEG_WRITE_READ/component/work/PF_XCVR_REF_CLK_C0/PF_XCVR_REF_CLK_C0.v (N/A, 2026-04-28 14:59:12) <-- (may instantiate this module)
                        /home/ahlemzenache/Documents/polarfire-soc-video-kit-reference-design_READ_WRITE/VKPFSOC_JPEG_WRITE_READ/component/work/PF_XCVR_REF_CLK_C0/PF_XCVR_REF_CLK_C0_0/PF_XCVR_REF_CLK_C0_PF_XCVR_REF_CLK_C0_0_PF_XCVR_REF_CLK.v (N/A, 2026-04-28 14:59:12) <-- (may instantiate this module)
                        /home/ahlemzenache/Documents/polarfire-soc-video-kit-reference-design_READ_WRITE/VKPFSOC_JPEG_WRITE_READ/component/work/VKPFSOC_TOP/VKPFSOC_TOP.v (N/A, 2026-04-28 15:17:39) <-- (may instantiate this module)
66       work.PF_CCC_C0.verilog may have changed because the following files changed:
                        /home/ahlemzenache/Documents/polarfire-soc-video-kit-reference-design_READ_WRITE/VKPFSOC_JPEG_WRITE_READ/component/work/CLOCKS_AND_RESETS/CLOCKS_AND_RESETS.v (N/A, 2026-04-28 14:59:15) <-- (may instantiate this module)
                        /home/ahlemzenache/Documents/polarfire-soc-video-kit-reference-design_READ_WRITE/VKPFSOC_JPEG_WRITE_READ/component/work/PF_CCC_C0/PF_CCC_C0.v (N/A, 2026-04-28 14:59:10) <-- (module definition)
                        /home/ahlemzenache/Documents/polarfire-soc-video-kit-reference-design_READ_WRITE/VKPFSOC_JPEG_WRITE_READ/component/work/VKPFSOC_TOP/VKPFSOC_TOP.v (N/A, 2026-04-28 15:17:39) <-- (may instantiate this module)
67       work.PF_CCC_C0_PF_CCC_C0_0_PF_CCC.verilog may have changed because the following files changed:
                        /home/ahlemzenache/Documents/polarfire-soc-video-kit-reference-design_READ_WRITE/VKPFSOC_JPEG_WRITE_READ/component/work/CLOCKS_AND_RESETS/CLOCKS_AND_RESETS.v (N/A, 2026-04-28 14:59:15) <-- (may instantiate this module)
                        /home/ahlemzenache/Documents/polarfire-soc-video-kit-reference-design_READ_WRITE/VKPFSOC_JPEG_WRITE_READ/component/work/PF_CCC_C0/PF_CCC_C0.v (N/A, 2026-04-28 14:59:10) <-- (may instantiate this module)
                        /home/ahlemzenache/Documents/polarfire-soc-video-kit-reference-design_READ_WRITE/VKPFSOC_JPEG_WRITE_READ/component/work/PF_CCC_C0/PF_CCC_C0_0/PF_CCC_C0_PF_CCC_C0_0_PF_CCC.v (N/A, 2026-04-28 14:59:10) <-- (module definition)
                        /home/ahlemzenache/Documents/polarfire-soc-video-kit-reference-design_READ_WRITE/VKPFSOC_JPEG_WRITE_READ/component/work/VKPFSOC_TOP/VKPFSOC_TOP.v (N/A, 2026-04-28 15:17:39) <-- (may instantiate this module)
68       work.PF_CLK_DIV_C0.verilog may have changed because the following files changed:
                        /home/ahlemzenache/Documents/polarfire-soc-video-kit-reference-design_READ_WRITE/VKPFSOC_JPEG_WRITE_READ/component/work/CLOCKS_AND_RESETS/CLOCKS_AND_RESETS.v (N/A, 2026-04-28 14:59:15) <-- (may instantiate this module)
                        /home/ahlemzenache/Documents/polarfire-soc-video-kit-reference-design_READ_WRITE/VKPFSOC_JPEG_WRITE_READ/component/work/PF_CLK_DIV_C0/PF_CLK_DIV_C0.v (N/A, 2026-04-28 14:59:11) <-- (module definition)
                        /home/ahlemzenache/Documents/polarfire-soc-video-kit-reference-design_READ_WRITE/VKPFSOC_JPEG_WRITE_READ/component/work/VKPFSOC_TOP/VKPFSOC_TOP.v (N/A, 2026-04-28 15:17:39) <-- (may instantiate this module)
69       work.PF_CLK_DIV_C0_PF_CLK_DIV_C0_0_PF_CLK_DIV.verilog may have changed because the following files changed:
                        /home/ahlemzenache/Documents/polarfire-soc-video-kit-reference-design_READ_WRITE/VKPFSOC_JPEG_WRITE_READ/component/work/CLOCKS_AND_RESETS/CLOCKS_AND_RESETS.v (N/A, 2026-04-28 14:59:15) <-- (may instantiate this module)
                        /home/ahlemzenache/Documents/polarfire-soc-video-kit-reference-design_READ_WRITE/VKPFSOC_JPEG_WRITE_READ/component/work/PF_CLK_DIV_C0/PF_CLK_DIV_C0.v (N/A, 2026-04-28 14:59:11) <-- (may instantiate this module)
                        /home/ahlemzenache/Documents/polarfire-soc-video-kit-reference-design_READ_WRITE/VKPFSOC_JPEG_WRITE_READ/component/work/PF_CLK_DIV_C0/PF_CLK_DIV_C0_0/PF_CLK_DIV_C0_PF_CLK_DIV_C0_0_PF_CLK_DIV.v (N/A, 2026-04-28 14:59:11) <-- (module definition)
                        /home/ahlemzenache/Documents/polarfire-soc-video-kit-reference-design_READ_WRITE/VKPFSOC_JPEG_WRITE_READ/component/work/VKPFSOC_TOP/VKPFSOC_TOP.v (N/A, 2026-04-28 15:17:39) <-- (may instantiate this module)
70       work.PF_OSC_C0.verilog may have changed because the following files changed:
                        /home/ahlemzenache/Documents/polarfire-soc-video-kit-reference-design_READ_WRITE/VKPFSOC_JPEG_WRITE_READ/component/work/CLOCKS_AND_RESETS/CLOCKS_AND_RESETS.v (N/A, 2026-04-28 14:59:15) <-- (may instantiate this module)
                        /home/ahlemzenache/Documents/polarfire-soc-video-kit-reference-design_READ_WRITE/VKPFSOC_JPEG_WRITE_READ/component/work/PF_OSC_C0/PF_OSC_C0.v (N/A, 2026-04-28 14:59:11) <-- (module definition)
                        /home/ahlemzenache/Documents/polarfire-soc-video-kit-reference-design_READ_WRITE/VKPFSOC_JPEG_WRITE_READ/component/work/VKPFSOC_TOP/VKPFSOC_TOP.v (N/A, 2026-04-28 15:17:39) <-- (may instantiate this module)
71       work.PF_OSC_C0_PF_OSC_C0_0_PF_OSC.verilog may have changed because the following files changed:
                        /home/ahlemzenache/Documents/polarfire-soc-video-kit-reference-design_READ_WRITE/VKPFSOC_JPEG_WRITE_READ/component/work/CLOCKS_AND_RESETS/CLOCKS_AND_RESETS.v (N/A, 2026-04-28 14:59:15) <-- (may instantiate this module)
                        /home/ahlemzenache/Documents/polarfire-soc-video-kit-reference-design_READ_WRITE/VKPFSOC_JPEG_WRITE_READ/component/work/PF_OSC_C0/PF_OSC_C0.v (N/A, 2026-04-28 14:59:11) <-- (may instantiate this module)
                        /home/ahlemzenache/Documents/polarfire-soc-video-kit-reference-design_READ_WRITE/VKPFSOC_JPEG_WRITE_READ/component/work/PF_OSC_C0/PF_OSC_C0_0/PF_OSC_C0_PF_OSC_C0_0_PF_OSC.v (N/A, 2026-04-28 14:59:11) <-- (module definition)
                        /home/ahlemzenache/Documents/polarfire-soc-video-kit-reference-design_READ_WRITE/VKPFSOC_JPEG_WRITE_READ/component/work/VKPFSOC_TOP/VKPFSOC_TOP.v (N/A, 2026-04-28 15:17:39) <-- (may instantiate this module)
72       work.PF_SPI.verilog may have changed because the following files changed:
                        /home/ahlemzenache/Documents/polarfire-soc-video-kit-reference-design_READ_WRITE/VKPFSOC_JPEG_WRITE_READ/component/syn_comps.v (N/A, 2026-05-03 09:04:16) <-- (module definition)
                        /home/ahlemzenache/Documents/polarfire-soc-video-kit-reference-design_READ_WRITE/VKPFSOC_JPEG_WRITE_READ/component/work/CLOCKS_AND_RESETS/CLOCKS_AND_RESETS.v (N/A, 2026-04-28 14:59:15) <-- (may instantiate this module)
                        /home/ahlemzenache/Documents/polarfire-soc-video-kit-reference-design_READ_WRITE/VKPFSOC_JPEG_WRITE_READ/component/work/INIT_MONITOR/INIT_MONITOR.v (N/A, 2026-04-28 14:59:09) <-- (may instantiate this module)
                        /home/ahlemzenache/Documents/polarfire-soc-video-kit-reference-design_READ_WRITE/VKPFSOC_JPEG_WRITE_READ/component/work/INIT_MONITOR/INIT_MONITOR_0/INIT_MONITOR_INIT_MONITOR_0_PFSOC_INIT_MONITOR.v (N/A, 2026-04-28 14:59:09) <-- (may instantiate this module)
                        /home/ahlemzenache/Documents/polarfire-soc-video-kit-reference-design_READ_WRITE/VKPFSOC_JPEG_WRITE_READ/component/work/PF_CCC_C0/PF_CCC_C0.v (N/A, 2026-04-28 14:59:10) <-- (may instantiate this module)
                        /home/ahlemzenache/Documents/polarfire-soc-video-kit-reference-design_READ_WRITE/VKPFSOC_JPEG_WRITE_READ/component/work/PF_CCC_C0/PF_CCC_C0_0/PF_CCC_C0_PF_CCC_C0_0_PF_CCC.v (N/A, 2026-04-28 14:59:10) <-- (may instantiate this module)
                        /home/ahlemzenache/Documents/polarfire-soc-video-kit-reference-design_READ_WRITE/VKPFSOC_JPEG_WRITE_READ/component/work/PF_CLK_DIV_C0/PF_CLK_DIV_C0.v (N/A, 2026-04-28 14:59:11) <-- (may instantiate this module)
                        /home/ahlemzenache/Documents/polarfire-soc-video-kit-reference-design_READ_WRITE/VKPFSOC_JPEG_WRITE_READ/component/work/PF_CLK_DIV_C0/PF_CLK_DIV_C0_0/PF_CLK_DIV_C0_PF_CLK_DIV_C0_0_PF_CLK_DIV.v (N/A, 2026-04-28 14:59:11) <-- (may instantiate this module)
                        /home/ahlemzenache/Documents/polarfire-soc-video-kit-reference-design_READ_WRITE/VKPFSOC_JPEG_WRITE_READ/component/work/PF_OSC_C0/PF_OSC_C0.v (N/A, 2026-04-28 14:59:11) <-- (may instantiate this module)
                        /home/ahlemzenache/Documents/polarfire-soc-video-kit-reference-design_READ_WRITE/VKPFSOC_JPEG_WRITE_READ/component/work/PF_OSC_C0/PF_OSC_C0_0/PF_OSC_C0_PF_OSC_C0_0_PF_OSC.v (N/A, 2026-04-28 14:59:11) <-- (may instantiate this module)
                        /home/ahlemzenache/Documents/polarfire-soc-video-kit-reference-design_READ_WRITE/VKPFSOC_JPEG_WRITE_READ/component/work/PF_XCVR_REF_CLK_C0/PF_XCVR_REF_CLK_C0.v (N/A, 2026-04-28 14:59:12) <-- (may instantiate this module)
                        /home/ahlemzenache/Documents/polarfire-soc-video-kit-reference-design_READ_WRITE/VKPFSOC_JPEG_WRITE_READ/component/work/PF_XCVR_REF_CLK_C0/PF_XCVR_REF_CLK_C0_0/PF_XCVR_REF_CLK_C0_PF_XCVR_REF_CLK_C0_0_PF_XCVR_REF_CLK.v (N/A, 2026-04-28 14:59:12) <-- (may instantiate this module)
                        /home/ahlemzenache/Documents/polarfire-soc-video-kit-reference-design_READ_WRITE/VKPFSOC_JPEG_WRITE_READ/component/work/VKPFSOC_TOP/VKPFSOC_TOP.v (N/A, 2026-04-28 15:17:39) <-- (may instantiate this module)
73       work.PF_XCVR_REF_CLK_C0.verilog may have changed because the following files changed:
                        /home/ahlemzenache/Documents/polarfire-soc-video-kit-reference-design_READ_WRITE/VKPFSOC_JPEG_WRITE_READ/component/work/CLOCKS_AND_RESETS/CLOCKS_AND_RESETS.v (N/A, 2026-04-28 14:59:15) <-- (may instantiate this module)
                        /home/ahlemzenache/Documents/polarfire-soc-video-kit-reference-design_READ_WRITE/VKPFSOC_JPEG_WRITE_READ/component/work/PF_XCVR_REF_CLK_C0/PF_XCVR_REF_CLK_C0.v (N/A, 2026-04-28 14:59:12) <-- (module definition)
                        /home/ahlemzenache/Documents/polarfire-soc-video-kit-reference-design_READ_WRITE/VKPFSOC_JPEG_WRITE_READ/component/work/VKPFSOC_TOP/VKPFSOC_TOP.v (N/A, 2026-04-28 15:17:39) <-- (may instantiate this module)
74       work.PF_XCVR_REF_CLK_C0_PF_XCVR_REF_CLK_C0_0_PF_XCVR_REF_CLK.verilog may have changed because the following files changed:
                        /home/ahlemzenache/Documents/polarfire-soc-video-kit-reference-design_READ_WRITE/VKPFSOC_JPEG_WRITE_READ/component/work/CLOCKS_AND_RESETS/CLOCKS_AND_RESETS.v (N/A, 2026-04-28 14:59:15) <-- (may instantiate this module)
                        /home/ahlemzenache/Documents/polarfire-soc-video-kit-reference-design_READ_WRITE/VKPFSOC_JPEG_WRITE_READ/component/work/PF_XCVR_REF_CLK_C0/PF_XCVR_REF_CLK_C0.v (N/A, 2026-04-28 14:59:12) <-- (may instantiate this module)
                        /home/ahlemzenache/Documents/polarfire-soc-video-kit-reference-design_READ_WRITE/VKPFSOC_JPEG_WRITE_READ/component/work/PF_XCVR_REF_CLK_C0/PF_XCVR_REF_CLK_C0_0/PF_XCVR_REF_CLK_C0_PF_XCVR_REF_CLK_C0_0_PF_XCVR_REF_CLK.v (N/A, 2026-04-28 14:59:12) <-- (module definition)
                        /home/ahlemzenache/Documents/polarfire-soc-video-kit-reference-design_READ_WRITE/VKPFSOC_JPEG_WRITE_READ/component/work/VKPFSOC_TOP/VKPFSOC_TOP.v (N/A, 2026-04-28 15:17:39) <-- (may instantiate this module)
75       work.PLL.verilog may have changed because the following files changed:
                        /home/ahlemzenache/Documents/polarfire-soc-video-kit-reference-design_READ_WRITE/VKPFSOC_JPEG_WRITE_READ/component/syn_comps.v (N/A, 2026-05-03 09:04:16) <-- (module definition)
                        /home/ahlemzenache/Documents/polarfire-soc-video-kit-reference-design_READ_WRITE/VKPFSOC_JPEG_WRITE_READ/component/work/CLOCKS_AND_RESETS/CLOCKS_AND_RESETS.v (N/A, 2026-04-28 14:59:15) <-- (may instantiate this module)
                        /home/ahlemzenache/Documents/polarfire-soc-video-kit-reference-design_READ_WRITE/VKPFSOC_JPEG_WRITE_READ/component/work/INIT_MONITOR/INIT_MONITOR.v (N/A, 2026-04-28 14:59:09) <-- (may instantiate this module)
                        /home/ahlemzenache/Documents/polarfire-soc-video-kit-reference-design_READ_WRITE/VKPFSOC_JPEG_WRITE_READ/component/work/INIT_MONITOR/INIT_MONITOR_0/INIT_MONITOR_INIT_MONITOR_0_PFSOC_INIT_MONITOR.v (N/A, 2026-04-28 14:59:09) <-- (may instantiate this module)
                        /home/ahlemzenache/Documents/polarfire-soc-video-kit-reference-design_READ_WRITE/VKPFSOC_JPEG_WRITE_READ/component/work/PF_CCC_C0/PF_CCC_C0.v (N/A, 2026-04-28 14:59:10) <-- (may instantiate this module)
                        /home/ahlemzenache/Documents/polarfire-soc-video-kit-reference-design_READ_WRITE/VKPFSOC_JPEG_WRITE_READ/component/work/PF_CCC_C0/PF_CCC_C0_0/PF_CCC_C0_PF_CCC_C0_0_PF_CCC.v (N/A, 2026-04-28 14:59:10) <-- (may instantiate this module)
                        /home/ahlemzenache/Documents/polarfire-soc-video-kit-reference-design_READ_WRITE/VKPFSOC_JPEG_WRITE_READ/component/work/PF_CLK_DIV_C0/PF_CLK_DIV_C0.v (N/A, 2026-04-28 14:59:11) <-- (may instantiate this module)
                        /home/ahlemzenache/Documents/polarfire-soc-video-kit-reference-design_READ_WRITE/VKPFSOC_JPEG_WRITE_READ/component/work/PF_CLK_DIV_C0/PF_CLK_DIV_C0_0/PF_CLK_DIV_C0_PF_CLK_DIV_C0_0_PF_CLK_DIV.v (N/A, 2026-04-28 14:59:11) <-- (may instantiate this module)
                        /home/ahlemzenache/Documents/polarfire-soc-video-kit-reference-design_READ_WRITE/VKPFSOC_JPEG_WRITE_READ/component/work/PF_OSC_C0/PF_OSC_C0.v (N/A, 2026-04-28 14:59:11) <-- (may instantiate this module)
                        /home/ahlemzenache/Documents/polarfire-soc-video-kit-reference-design_READ_WRITE/VKPFSOC_JPEG_WRITE_READ/component/work/PF_OSC_C0/PF_OSC_C0_0/PF_OSC_C0_PF_OSC_C0_0_PF_OSC.v (N/A, 2026-04-28 14:59:11) <-- (may instantiate this module)
                        /home/ahlemzenache/Documents/polarfire-soc-video-kit-reference-design_READ_WRITE/VKPFSOC_JPEG_WRITE_READ/component/work/PF_XCVR_REF_CLK_C0/PF_XCVR_REF_CLK_C0.v (N/A, 2026-04-28 14:59:12) <-- (may instantiate this module)
                        /home/ahlemzenache/Documents/polarfire-soc-video-kit-reference-design_READ_WRITE/VKPFSOC_JPEG_WRITE_READ/component/work/PF_XCVR_REF_CLK_C0/PF_XCVR_REF_CLK_C0_0/PF_XCVR_REF_CLK_C0_PF_XCVR_REF_CLK_C0_0_PF_XCVR_REF_CLK.v (N/A, 2026-04-28 14:59:12) <-- (may instantiate this module)
                        /home/ahlemzenache/Documents/polarfire-soc-video-kit-reference-design_READ_WRITE/VKPFSOC_JPEG_WRITE_READ/component/work/VKPFSOC_TOP/VKPFSOC_TOP.v (N/A, 2026-04-28 15:17:39) <-- (may instantiate this module)
76       work.QUADRST.verilog may have changed because the following files changed:
                        /home/ahlemzenache/Documents/polarfire-soc-video-kit-reference-design_READ_WRITE/VKPFSOC_JPEG_WRITE_READ/component/syn_comps.v (N/A, 2026-05-03 09:04:16) <-- (module definition)
                        /home/ahlemzenache/Documents/polarfire-soc-video-kit-reference-design_READ_WRITE/VKPFSOC_JPEG_WRITE_READ/component/work/CLOCKS_AND_RESETS/CLOCKS_AND_RESETS.v (N/A, 2026-04-28 14:59:15) <-- (may instantiate this module)
                        /home/ahlemzenache/Documents/polarfire-soc-video-kit-reference-design_READ_WRITE/VKPFSOC_JPEG_WRITE_READ/component/work/INIT_MONITOR/INIT_MONITOR.v (N/A, 2026-04-28 14:59:09) <-- (may instantiate this module)
                        /home/ahlemzenache/Documents/polarfire-soc-video-kit-reference-design_READ_WRITE/VKPFSOC_JPEG_WRITE_READ/component/work/INIT_MONITOR/INIT_MONITOR_0/INIT_MONITOR_INIT_MONITOR_0_PFSOC_INIT_MONITOR.v (N/A, 2026-04-28 14:59:09) <-- (may instantiate this module)
                        /home/ahlemzenache/Documents/polarfire-soc-video-kit-reference-design_READ_WRITE/VKPFSOC_JPEG_WRITE_READ/component/work/PF_CCC_C0/PF_CCC_C0.v (N/A, 2026-04-28 14:59:10) <-- (may instantiate this module)
                        /home/ahlemzenache/Documents/polarfire-soc-video-kit-reference-design_READ_WRITE/VKPFSOC_JPEG_WRITE_READ/component/work/PF_CCC_C0/PF_CCC_C0_0/PF_CCC_C0_PF_CCC_C0_0_PF_CCC.v (N/A, 2026-04-28 14:59:10) <-- (may instantiate this module)
                        /home/ahlemzenache/Documents/polarfire-soc-video-kit-reference-design_READ_WRITE/VKPFSOC_JPEG_WRITE_READ/component/work/PF_CLK_DIV_C0/PF_CLK_DIV_C0.v (N/A, 2026-04-28 14:59:11) <-- (may instantiate this module)
                        /home/ahlemzenache/Documents/polarfire-soc-video-kit-reference-design_READ_WRITE/VKPFSOC_JPEG_WRITE_READ/component/work/PF_CLK_DIV_C0/PF_CLK_DIV_C0_0/PF_CLK_DIV_C0_PF_CLK_DIV_C0_0_PF_CLK_DIV.v (N/A, 2026-04-28 14:59:11) <-- (may instantiate this module)
                        /home/ahlemzenache/Documents/polarfire-soc-video-kit-reference-design_READ_WRITE/VKPFSOC_JPEG_WRITE_READ/component/work/PF_OSC_C0/PF_OSC_C0.v (N/A, 2026-04-28 14:59:11) <-- (may instantiate this module)
                        /home/ahlemzenache/Documents/polarfire-soc-video-kit-reference-design_READ_WRITE/VKPFSOC_JPEG_WRITE_READ/component/work/PF_OSC_C0/PF_OSC_C0_0/PF_OSC_C0_PF_OSC_C0_0_PF_OSC.v (N/A, 2026-04-28 14:59:11) <-- (may instantiate this module)
                        /home/ahlemzenache/Documents/polarfire-soc-video-kit-reference-design_READ_WRITE/VKPFSOC_JPEG_WRITE_READ/component/work/PF_XCVR_REF_CLK_C0/PF_XCVR_REF_CLK_C0.v (N/A, 2026-04-28 14:59:12) <-- (may instantiate this module)
                        /home/ahlemzenache/Documents/polarfire-soc-video-kit-reference-design_READ_WRITE/VKPFSOC_JPEG_WRITE_READ/component/work/PF_XCVR_REF_CLK_C0/PF_XCVR_REF_CLK_C0_0/PF_XCVR_REF_CLK_C0_PF_XCVR_REF_CLK_C0_0_PF_XCVR_REF_CLK.v (N/A, 2026-04-28 14:59:12) <-- (may instantiate this module)
                        /home/ahlemzenache/Documents/polarfire-soc-video-kit-reference-design_READ_WRITE/VKPFSOC_JPEG_WRITE_READ/component/work/VKPFSOC_TOP/VKPFSOC_TOP.v (N/A, 2026-04-28 15:17:39) <-- (may instantiate this module)
77       work.QUADRST_PCIE.verilog may have changed because the following files changed:
                        /home/ahlemzenache/Documents/polarfire-soc-video-kit-reference-design_READ_WRITE/VKPFSOC_JPEG_WRITE_READ/component/syn_comps.v (N/A, 2026-05-03 09:04:16) <-- (module definition)
                        /home/ahlemzenache/Documents/polarfire-soc-video-kit-reference-design_READ_WRITE/VKPFSOC_JPEG_WRITE_READ/component/work/CLOCKS_AND_RESETS/CLOCKS_AND_RESETS.v (N/A, 2026-04-28 14:59:15) <-- (may instantiate this module)
                        /home/ahlemzenache/Documents/polarfire-soc-video-kit-reference-design_READ_WRITE/VKPFSOC_JPEG_WRITE_READ/component/work/INIT_MONITOR/INIT_MONITOR.v (N/A, 2026-04-28 14:59:09) <-- (may instantiate this module)
                        /home/ahlemzenache/Documents/polarfire-soc-video-kit-reference-design_READ_WRITE/VKPFSOC_JPEG_WRITE_READ/component/work/INIT_MONITOR/INIT_MONITOR_0/INIT_MONITOR_INIT_MONITOR_0_PFSOC_INIT_MONITOR.v (N/A, 2026-04-28 14:59:09) <-- (may instantiate this module)
                        /home/ahlemzenache/Documents/polarfire-soc-video-kit-reference-design_READ_WRITE/VKPFSOC_JPEG_WRITE_READ/component/work/PF_CCC_C0/PF_CCC_C0.v (N/A, 2026-04-28 14:59:10) <-- (may instantiate this module)
                        /home/ahlemzenache/Documents/polarfire-soc-video-kit-reference-design_READ_WRITE/VKPFSOC_JPEG_WRITE_READ/component/work/PF_CCC_C0/PF_CCC_C0_0/PF_CCC_C0_PF_CCC_C0_0_PF_CCC.v (N/A, 2026-04-28 14:59:10) <-- (may instantiate this module)
                        /home/ahlemzenache/Documents/polarfire-soc-video-kit-reference-design_READ_WRITE/VKPFSOC_JPEG_WRITE_READ/component/work/PF_CLK_DIV_C0/PF_CLK_DIV_C0.v (N/A, 2026-04-28 14:59:11) <-- (may instantiate this module)
                        /home/ahlemzenache/Documents/polarfire-soc-video-kit-reference-design_READ_WRITE/VKPFSOC_JPEG_WRITE_READ/component/work/PF_CLK_DIV_C0/PF_CLK_DIV_C0_0/PF_CLK_DIV_C0_PF_CLK_DIV_C0_0_PF_CLK_DIV.v (N/A, 2026-04-28 14:59:11) <-- (may instantiate this module)
                        /home/ahlemzenache/Documents/polarfire-soc-video-kit-reference-design_READ_WRITE/VKPFSOC_JPEG_WRITE_READ/component/work/PF_OSC_C0/PF_OSC_C0.v (N/A, 2026-04-28 14:59:11) <-- (may instantiate this module)
                        /home/ahlemzenache/Documents/polarfire-soc-video-kit-reference-design_READ_WRITE/VKPFSOC_JPEG_WRITE_READ/component/work/PF_OSC_C0/PF_OSC_C0_0/PF_OSC_C0_PF_OSC_C0_0_PF_OSC.v (N/A, 2026-04-28 14:59:11) <-- (may instantiate this module)
                        /home/ahlemzenache/Documents/polarfire-soc-video-kit-reference-design_READ_WRITE/VKPFSOC_JPEG_WRITE_READ/component/work/PF_XCVR_REF_CLK_C0/PF_XCVR_REF_CLK_C0.v (N/A, 2026-04-28 14:59:12) <-- (may instantiate this module)
                        /home/ahlemzenache/Documents/polarfire-soc-video-kit-reference-design_READ_WRITE/VKPFSOC_JPEG_WRITE_READ/component/work/PF_XCVR_REF_CLK_C0/PF_XCVR_REF_CLK_C0_0/PF_XCVR_REF_CLK_C0_PF_XCVR_REF_CLK_C0_0_PF_XCVR_REF_CLK.v (N/A, 2026-04-28 14:59:12) <-- (may instantiate this module)
                        /home/ahlemzenache/Documents/polarfire-soc-video-kit-reference-design_READ_WRITE/VKPFSOC_JPEG_WRITE_READ/component/work/VKPFSOC_TOP/VKPFSOC_TOP.v (N/A, 2026-04-28 15:17:39) <-- (may instantiate this module)
78       work.SCB.verilog may have changed because the following files changed:
                        /home/ahlemzenache/Documents/polarfire-soc-video-kit-reference-design_READ_WRITE/VKPFSOC_JPEG_WRITE_READ/component/syn_comps.v (N/A, 2026-05-03 09:04:16) <-- (module definition)
                        /home/ahlemzenache/Documents/polarfire-soc-video-kit-reference-design_READ_WRITE/VKPFSOC_JPEG_WRITE_READ/component/work/CLOCKS_AND_RESETS/CLOCKS_AND_RESETS.v (N/A, 2026-04-28 14:59:15) <-- (may instantiate this module)
                        /home/ahlemzenache/Documents/polarfire-soc-video-kit-reference-design_READ_WRITE/VKPFSOC_JPEG_WRITE_READ/component/work/INIT_MONITOR/INIT_MONITOR.v (N/A, 2026-04-28 14:59:09) <-- (may instantiate this module)
                        /home/ahlemzenache/Documents/polarfire-soc-video-kit-reference-design_READ_WRITE/VKPFSOC_JPEG_WRITE_READ/component/work/INIT_MONITOR/INIT_MONITOR_0/INIT_MONITOR_INIT_MONITOR_0_PFSOC_INIT_MONITOR.v (N/A, 2026-04-28 14:59:09) <-- (may instantiate this module)
                        /home/ahlemzenache/Documents/polarfire-soc-video-kit-reference-design_READ_WRITE/VKPFSOC_JPEG_WRITE_READ/component/work/PF_CCC_C0/PF_CCC_C0.v (N/A, 2026-04-28 14:59:10) <-- (may instantiate this module)
                        /home/ahlemzenache/Documents/polarfire-soc-video-kit-reference-design_READ_WRITE/VKPFSOC_JPEG_WRITE_READ/component/work/PF_CCC_C0/PF_CCC_C0_0/PF_CCC_C0_PF_CCC_C0_0_PF_CCC.v (N/A, 2026-04-28 14:59:10) <-- (may instantiate this module)
                        /home/ahlemzenache/Documents/polarfire-soc-video-kit-reference-design_READ_WRITE/VKPFSOC_JPEG_WRITE_READ/component/work/PF_CLK_DIV_C0/PF_CLK_DIV_C0.v (N/A, 2026-04-28 14:59:11) <-- (may instantiate this module)
                        /home/ahlemzenache/Documents/polarfire-soc-video-kit-reference-design_READ_WRITE/VKPFSOC_JPEG_WRITE_READ/component/work/PF_CLK_DIV_C0/PF_CLK_DIV_C0_0/PF_CLK_DIV_C0_PF_CLK_DIV_C0_0_PF_CLK_DIV.v (N/A, 2026-04-28 14:59:11) <-- (may instantiate this module)
                        /home/ahlemzenache/Documents/polarfire-soc-video-kit-reference-design_READ_WRITE/VKPFSOC_JPEG_WRITE_READ/component/work/PF_OSC_C0/PF_OSC_C0.v (N/A, 2026-04-28 14:59:11) <-- (may instantiate this module)
                        /home/ahlemzenache/Documents/polarfire-soc-video-kit-reference-design_READ_WRITE/VKPFSOC_JPEG_WRITE_READ/component/work/PF_OSC_C0/PF_OSC_C0_0/PF_OSC_C0_PF_OSC_C0_0_PF_OSC.v (N/A, 2026-04-28 14:59:11) <-- (may instantiate this module)
                        /home/ahlemzenache/Documents/polarfire-soc-video-kit-reference-design_READ_WRITE/VKPFSOC_JPEG_WRITE_READ/component/work/PF_XCVR_REF_CLK_C0/PF_XCVR_REF_CLK_C0.v (N/A, 2026-04-28 14:59:12) <-- (may instantiate this module)
                        /home/ahlemzenache/Documents/polarfire-soc-video-kit-reference-design_READ_WRITE/VKPFSOC_JPEG_WRITE_READ/component/work/PF_XCVR_REF_CLK_C0/PF_XCVR_REF_CLK_C0_0/PF_XCVR_REF_CLK_C0_PF_XCVR_REF_CLK_C0_0_PF_XCVR_REF_CLK.v (N/A, 2026-04-28 14:59:12) <-- (may instantiate this module)
                        /home/ahlemzenache/Documents/polarfire-soc-video-kit-reference-design_READ_WRITE/VKPFSOC_JPEG_WRITE_READ/component/work/VKPFSOC_TOP/VKPFSOC_TOP.v (N/A, 2026-04-28 15:17:39) <-- (may instantiate this module)
79       work.SYSCTRL_RESET_STATUS.verilog may have changed because the following files changed:
                        /home/ahlemzenache/Documents/polarfire-soc-video-kit-reference-design_READ_WRITE/VKPFSOC_JPEG_WRITE_READ/component/syn_comps.v (N/A, 2026-05-03 09:04:16) <-- (module definition)
                        /home/ahlemzenache/Documents/polarfire-soc-video-kit-reference-design_READ_WRITE/VKPFSOC_JPEG_WRITE_READ/component/work/CLOCKS_AND_RESETS/CLOCKS_AND_RESETS.v (N/A, 2026-04-28 14:59:15) <-- (may instantiate this module)
                        /home/ahlemzenache/Documents/polarfire-soc-video-kit-reference-design_READ_WRITE/VKPFSOC_JPEG_WRITE_READ/component/work/INIT_MONITOR/INIT_MONITOR.v (N/A, 2026-04-28 14:59:09) <-- (may instantiate this module)
                        /home/ahlemzenache/Documents/polarfire-soc-video-kit-reference-design_READ_WRITE/VKPFSOC_JPEG_WRITE_READ/component/work/INIT_MONITOR/INIT_MONITOR_0/INIT_MONITOR_INIT_MONITOR_0_PFSOC_INIT_MONITOR.v (N/A, 2026-04-28 14:59:09) <-- (may instantiate this module)
                        /home/ahlemzenache/Documents/polarfire-soc-video-kit-reference-design_READ_WRITE/VKPFSOC_JPEG_WRITE_READ/component/work/PF_CCC_C0/PF_CCC_C0.v (N/A, 2026-04-28 14:59:10) <-- (may instantiate this module)
                        /home/ahlemzenache/Documents/polarfire-soc-video-kit-reference-design_READ_WRITE/VKPFSOC_JPEG_WRITE_READ/component/work/PF_CCC_C0/PF_CCC_C0_0/PF_CCC_C0_PF_CCC_C0_0_PF_CCC.v (N/A, 2026-04-28 14:59:10) <-- (may instantiate this module)
                        /home/ahlemzenache/Documents/polarfire-soc-video-kit-reference-design_READ_WRITE/VKPFSOC_JPEG_WRITE_READ/component/work/PF_CLK_DIV_C0/PF_CLK_DIV_C0.v (N/A, 2026-04-28 14:59:11) <-- (may instantiate this module)
                        /home/ahlemzenache/Documents/polarfire-soc-video-kit-reference-design_READ_WRITE/VKPFSOC_JPEG_WRITE_READ/component/work/PF_CLK_DIV_C0/PF_CLK_DIV_C0_0/PF_CLK_DIV_C0_PF_CLK_DIV_C0_0_PF_CLK_DIV.v (N/A, 2026-04-28 14:59:11) <-- (may instantiate this module)
                        /home/ahlemzenache/Documents/polarfire-soc-video-kit-reference-design_READ_WRITE/VKPFSOC_JPEG_WRITE_READ/component/work/PF_OSC_C0/PF_OSC_C0.v (N/A, 2026-04-28 14:59:11) <-- (may instantiate this module)
                        /home/ahlemzenache/Documents/polarfire-soc-video-kit-reference-design_READ_WRITE/VKPFSOC_JPEG_WRITE_READ/component/work/PF_OSC_C0/PF_OSC_C0_0/PF_OSC_C0_PF_OSC_C0_0_PF_OSC.v (N/A, 2026-04-28 14:59:11) <-- (may instantiate this module)
                        /home/ahlemzenache/Documents/polarfire-soc-video-kit-reference-design_READ_WRITE/VKPFSOC_JPEG_WRITE_READ/component/work/PF_XCVR_REF_CLK_C0/PF_XCVR_REF_CLK_C0.v (N/A, 2026-04-28 14:59:12) <-- (may instantiate this module)
                        /home/ahlemzenache/Documents/polarfire-soc-video-kit-reference-design_READ_WRITE/VKPFSOC_JPEG_WRITE_READ/component/work/PF_XCVR_REF_CLK_C0/PF_XCVR_REF_CLK_C0_0/PF_XCVR_REF_CLK_C0_PF_XCVR_REF_CLK_C0_0_PF_XCVR_REF_CLK.v (N/A, 2026-04-28 14:59:12) <-- (may instantiate this module)
                        /home/ahlemzenache/Documents/polarfire-soc-video-kit-reference-design_READ_WRITE/VKPFSOC_JPEG_WRITE_READ/component/work/VKPFSOC_TOP/VKPFSOC_TOP.v (N/A, 2026-04-28 15:17:39) <-- (may instantiate this module)
80       work.SYSRESET.verilog may have changed because the following files changed:
                        /home/ahlemzenache/Documents/polarfire-soc-video-kit-reference-design_READ_WRITE/VKPFSOC_JPEG_WRITE_READ/component/syn_comps.v (N/A, 2026-05-03 09:04:16) <-- (module definition)
                        /home/ahlemzenache/Documents/polarfire-soc-video-kit-reference-design_READ_WRITE/VKPFSOC_JPEG_WRITE_READ/component/work/CLOCKS_AND_RESETS/CLOCKS_AND_RESETS.v (N/A, 2026-04-28 14:59:15) <-- (may instantiate this module)
                        /home/ahlemzenache/Documents/polarfire-soc-video-kit-reference-design_READ_WRITE/VKPFSOC_JPEG_WRITE_READ/component/work/INIT_MONITOR/INIT_MONITOR.v (N/A, 2026-04-28 14:59:09) <-- (may instantiate this module)
                        /home/ahlemzenache/Documents/polarfire-soc-video-kit-reference-design_READ_WRITE/VKPFSOC_JPEG_WRITE_READ/component/work/INIT_MONITOR/INIT_MONITOR_0/INIT_MONITOR_INIT_MONITOR_0_PFSOC_INIT_MONITOR.v (N/A, 2026-04-28 14:59:09) <-- (may instantiate this module)
                        /home/ahlemzenache/Documents/polarfire-soc-video-kit-reference-design_READ_WRITE/VKPFSOC_JPEG_WRITE_READ/component/work/PF_CCC_C0/PF_CCC_C0.v (N/A, 2026-04-28 14:59:10) <-- (may instantiate this module)
                        /home/ahlemzenache/Documents/polarfire-soc-video-kit-reference-design_READ_WRITE/VKPFSOC_JPEG_WRITE_READ/component/work/PF_CCC_C0/PF_CCC_C0_0/PF_CCC_C0_PF_CCC_C0_0_PF_CCC.v (N/A, 2026-04-28 14:59:10) <-- (may instantiate this module)
                        /home/ahlemzenache/Documents/polarfire-soc-video-kit-reference-design_READ_WRITE/VKPFSOC_JPEG_WRITE_READ/component/work/PF_CLK_DIV_C0/PF_CLK_DIV_C0.v (N/A, 2026-04-28 14:59:11) <-- (may instantiate this module)
                        /home/ahlemzenache/Documents/polarfire-soc-video-kit-reference-design_READ_WRITE/VKPFSOC_JPEG_WRITE_READ/component/work/PF_CLK_DIV_C0/PF_CLK_DIV_C0_0/PF_CLK_DIV_C0_PF_CLK_DIV_C0_0_PF_CLK_DIV.v (N/A, 2026-04-28 14:59:11) <-- (may instantiate this module)
                        /home/ahlemzenache/Documents/polarfire-soc-video-kit-reference-design_READ_WRITE/VKPFSOC_JPEG_WRITE_READ/component/work/PF_OSC_C0/PF_OSC_C0.v (N/A, 2026-04-28 14:59:11) <-- (may instantiate this module)
                        /home/ahlemzenache/Documents/polarfire-soc-video-kit-reference-design_READ_WRITE/VKPFSOC_JPEG_WRITE_READ/component/work/PF_OSC_C0/PF_OSC_C0_0/PF_OSC_C0_PF_OSC_C0_0_PF_OSC.v (N/A, 2026-04-28 14:59:11) <-- (may instantiate this module)
                        /home/ahlemzenache/Documents/polarfire-soc-video-kit-reference-design_READ_WRITE/VKPFSOC_JPEG_WRITE_READ/component/work/PF_XCVR_REF_CLK_C0/PF_XCVR_REF_CLK_C0.v (N/A, 2026-04-28 14:59:12) <-- (may instantiate this module)
                        /home/ahlemzenache/Documents/polarfire-soc-video-kit-reference-design_READ_WRITE/VKPFSOC_JPEG_WRITE_READ/component/work/PF_XCVR_REF_CLK_C0/PF_XCVR_REF_CLK_C0_0/PF_XCVR_REF_CLK_C0_PF_XCVR_REF_CLK_C0_0_PF_XCVR_REF_CLK.v (N/A, 2026-04-28 14:59:12) <-- (may instantiate this module)
                        /home/ahlemzenache/Documents/polarfire-soc-video-kit-reference-design_READ_WRITE/VKPFSOC_JPEG_WRITE_READ/component/work/VKPFSOC_TOP/VKPFSOC_TOP.v (N/A, 2026-04-28 15:17:39) <-- (may instantiate this module)
81       work.SYS_SERVICES.verilog may have changed because the following files changed:
                        /home/ahlemzenache/Documents/polarfire-soc-video-kit-reference-design_READ_WRITE/VKPFSOC_JPEG_WRITE_READ/component/syn_comps.v (N/A, 2026-05-03 09:04:16) <-- (module definition)
                        /home/ahlemzenache/Documents/polarfire-soc-video-kit-reference-design_READ_WRITE/VKPFSOC_JPEG_WRITE_READ/component/work/CLOCKS_AND_RESETS/CLOCKS_AND_RESETS.v (N/A, 2026-04-28 14:59:15) <-- (may instantiate this module)
                        /home/ahlemzenache/Documents/polarfire-soc-video-kit-reference-design_READ_WRITE/VKPFSOC_JPEG_WRITE_READ/component/work/INIT_MONITOR/INIT_MONITOR.v (N/A, 2026-04-28 14:59:09) <-- (may instantiate this module)
                        /home/ahlemzenache/Documents/polarfire-soc-video-kit-reference-design_READ_WRITE/VKPFSOC_JPEG_WRITE_READ/component/work/INIT_MONITOR/INIT_MONITOR_0/INIT_MONITOR_INIT_MONITOR_0_PFSOC_INIT_MONITOR.v (N/A, 2026-04-28 14:59:09) <-- (may instantiate this module)
                        /home/ahlemzenache/Documents/polarfire-soc-video-kit-reference-design_READ_WRITE/VKPFSOC_JPEG_WRITE_READ/component/work/PF_CCC_C0/PF_CCC_C0.v (N/A, 2026-04-28 14:59:10) <-- (may instantiate this module)
                        /home/ahlemzenache/Documents/polarfire-soc-video-kit-reference-design_READ_WRITE/VKPFSOC_JPEG_WRITE_READ/component/work/PF_CCC_C0/PF_CCC_C0_0/PF_CCC_C0_PF_CCC_C0_0_PF_CCC.v (N/A, 2026-04-28 14:59:10) <-- (may instantiate this module)
                        /home/ahlemzenache/Documents/polarfire-soc-video-kit-reference-design_READ_WRITE/VKPFSOC_JPEG_WRITE_READ/component/work/PF_CLK_DIV_C0/PF_CLK_DIV_C0.v (N/A, 2026-04-28 14:59:11) <-- (may instantiate this module)
                        /home/ahlemzenache/Documents/polarfire-soc-video-kit-reference-design_READ_WRITE/VKPFSOC_JPEG_WRITE_READ/component/work/PF_CLK_DIV_C0/PF_CLK_DIV_C0_0/PF_CLK_DIV_C0_PF_CLK_DIV_C0_0_PF_CLK_DIV.v (N/A, 2026-04-28 14:59:11) <-- (may instantiate this module)
                        /home/ahlemzenache/Documents/polarfire-soc-video-kit-reference-design_READ_WRITE/VKPFSOC_JPEG_WRITE_READ/component/work/PF_OSC_C0/PF_OSC_C0.v (N/A, 2026-04-28 14:59:11) <-- (may instantiate this module)
                        /home/ahlemzenache/Documents/polarfire-soc-video-kit-reference-design_READ_WRITE/VKPFSOC_JPEG_WRITE_READ/component/work/PF_OSC_C0/PF_OSC_C0_0/PF_OSC_C0_PF_OSC_C0_0_PF_OSC.v (N/A, 2026-04-28 14:59:11) <-- (may instantiate this module)
                        /home/ahlemzenache/Documents/polarfire-soc-video-kit-reference-design_READ_WRITE/VKPFSOC_JPEG_WRITE_READ/component/work/PF_XCVR_REF_CLK_C0/PF_XCVR_REF_CLK_C0.v (N/A, 2026-04-28 14:59:12) <-- (may instantiate this module)
                        /home/ahlemzenache/Documents/polarfire-soc-video-kit-reference-design_READ_WRITE/VKPFSOC_JPEG_WRITE_READ/component/work/PF_XCVR_REF_CLK_C0/PF_XCVR_REF_CLK_C0_0/PF_XCVR_REF_CLK_C0_PF_XCVR_REF_CLK_C0_0_PF_XCVR_REF_CLK.v (N/A, 2026-04-28 14:59:12) <-- (may instantiate this module)
                        /home/ahlemzenache/Documents/polarfire-soc-video-kit-reference-design_READ_WRITE/VKPFSOC_JPEG_WRITE_READ/component/work/VKPFSOC_TOP/VKPFSOC_TOP.v (N/A, 2026-04-28 15:17:39) <-- (may instantiate this module)
82       work.TAMPER.verilog may have changed because the following files changed:
                        /home/ahlemzenache/Documents/polarfire-soc-video-kit-reference-design_READ_WRITE/VKPFSOC_JPEG_WRITE_READ/component/syn_comps.v (N/A, 2026-05-03 09:04:16) <-- (module definition)
                        /home/ahlemzenache/Documents/polarfire-soc-video-kit-reference-design_READ_WRITE/VKPFSOC_JPEG_WRITE_READ/component/work/CLOCKS_AND_RESETS/CLOCKS_AND_RESETS.v (N/A, 2026-04-28 14:59:15) <-- (may instantiate this module)
                        /home/ahlemzenache/Documents/polarfire-soc-video-kit-reference-design_READ_WRITE/VKPFSOC_JPEG_WRITE_READ/component/work/INIT_MONITOR/INIT_MONITOR.v (N/A, 2026-04-28 14:59:09) <-- (may instantiate this module)
                        /home/ahlemzenache/Documents/polarfire-soc-video-kit-reference-design_READ_WRITE/VKPFSOC_JPEG_WRITE_READ/component/work/INIT_MONITOR/INIT_MONITOR_0/INIT_MONITOR_INIT_MONITOR_0_PFSOC_INIT_MONITOR.v (N/A, 2026-04-28 14:59:09) <-- (may instantiate this module)
                        /home/ahlemzenache/Documents/polarfire-soc-video-kit-reference-design_READ_WRITE/VKPFSOC_JPEG_WRITE_READ/component/work/PF_CCC_C0/PF_CCC_C0.v (N/A, 2026-04-28 14:59:10) <-- (may instantiate this module)
                        /home/ahlemzenache/Documents/polarfire-soc-video-kit-reference-design_READ_WRITE/VKPFSOC_JPEG_WRITE_READ/component/work/PF_CCC_C0/PF_CCC_C0_0/PF_CCC_C0_PF_CCC_C0_0_PF_CCC.v (N/A, 2026-04-28 14:59:10) <-- (may instantiate this module)
                        /home/ahlemzenache/Documents/polarfire-soc-video-kit-reference-design_READ_WRITE/VKPFSOC_JPEG_WRITE_READ/component/work/PF_CLK_DIV_C0/PF_CLK_DIV_C0.v (N/A, 2026-04-28 14:59:11) <-- (may instantiate this module)
                        /home/ahlemzenache/Documents/polarfire-soc-video-kit-reference-design_READ_WRITE/VKPFSOC_JPEG_WRITE_READ/component/work/PF_CLK_DIV_C0/PF_CLK_DIV_C0_0/PF_CLK_DIV_C0_PF_CLK_DIV_C0_0_PF_CLK_DIV.v (N/A, 2026-04-28 14:59:11) <-- (may instantiate this module)
                        /home/ahlemzenache/Documents/polarfire-soc-video-kit-reference-design_READ_WRITE/VKPFSOC_JPEG_WRITE_READ/component/work/PF_OSC_C0/PF_OSC_C0.v (N/A, 2026-04-28 14:59:11) <-- (may instantiate this module)
                        /home/ahlemzenache/Documents/polarfire-soc-video-kit-reference-design_READ_WRITE/VKPFSOC_JPEG_WRITE_READ/component/work/PF_OSC_C0/PF_OSC_C0_0/PF_OSC_C0_PF_OSC_C0_0_PF_OSC.v (N/A, 2026-04-28 14:59:11) <-- (may instantiate this module)
                        /home/ahlemzenache/Documents/polarfire-soc-video-kit-reference-design_READ_WRITE/VKPFSOC_JPEG_WRITE_READ/component/work/PF_XCVR_REF_CLK_C0/PF_XCVR_REF_CLK_C0.v (N/A, 2026-04-28 14:59:12) <-- (may instantiate this module)
                        /home/ahlemzenache/Documents/polarfire-soc-video-kit-reference-design_READ_WRITE/VKPFSOC_JPEG_WRITE_READ/component/work/PF_XCVR_REF_CLK_C0/PF_XCVR_REF_CLK_C0_0/PF_XCVR_REF_CLK_C0_PF_XCVR_REF_CLK_C0_0_PF_XCVR_REF_CLK.v (N/A, 2026-04-28 14:59:12) <-- (may instantiate this module)
                        /home/ahlemzenache/Documents/polarfire-soc-video-kit-reference-design_READ_WRITE/VKPFSOC_JPEG_WRITE_READ/component/work/VKPFSOC_TOP/VKPFSOC_TOP.v (N/A, 2026-04-28 15:17:39) <-- (may instantiate this module)
83       work.TVS.verilog may have changed because the following files changed:
                        /home/ahlemzenache/Documents/polarfire-soc-video-kit-reference-design_READ_WRITE/VKPFSOC_JPEG_WRITE_READ/component/syn_comps.v (N/A, 2026-05-03 09:04:16) <-- (module definition)
                        /home/ahlemzenache/Documents/polarfire-soc-video-kit-reference-design_READ_WRITE/VKPFSOC_JPEG_WRITE_READ/component/work/CLOCKS_AND_RESETS/CLOCKS_AND_RESETS.v (N/A, 2026-04-28 14:59:15) <-- (may instantiate this module)
                        /home/ahlemzenache/Documents/polarfire-soc-video-kit-reference-design_READ_WRITE/VKPFSOC_JPEG_WRITE_READ/component/work/INIT_MONITOR/INIT_MONITOR.v (N/A, 2026-04-28 14:59:09) <-- (may instantiate this module)
                        /home/ahlemzenache/Documents/polarfire-soc-video-kit-reference-design_READ_WRITE/VKPFSOC_JPEG_WRITE_READ/component/work/INIT_MONITOR/INIT_MONITOR_0/INIT_MONITOR_INIT_MONITOR_0_PFSOC_INIT_MONITOR.v (N/A, 2026-04-28 14:59:09) <-- (may instantiate this module)
                        /home/ahlemzenache/Documents/polarfire-soc-video-kit-reference-design_READ_WRITE/VKPFSOC_JPEG_WRITE_READ/component/work/PF_CCC_C0/PF_CCC_C0.v (N/A, 2026-04-28 14:59:10) <-- (may instantiate this module)
                        /home/ahlemzenache/Documents/polarfire-soc-video-kit-reference-design_READ_WRITE/VKPFSOC_JPEG_WRITE_READ/component/work/PF_CCC_C0/PF_CCC_C0_0/PF_CCC_C0_PF_CCC_C0_0_PF_CCC.v (N/A, 2026-04-28 14:59:10) <-- (may instantiate this module)
                        /home/ahlemzenache/Documents/polarfire-soc-video-kit-reference-design_READ_WRITE/VKPFSOC_JPEG_WRITE_READ/component/work/PF_CLK_DIV_C0/PF_CLK_DIV_C0.v (N/A, 2026-04-28 14:59:11) <-- (may instantiate this module)
                        /home/ahlemzenache/Documents/polarfire-soc-video-kit-reference-design_READ_WRITE/VKPFSOC_JPEG_WRITE_READ/component/work/PF_CLK_DIV_C0/PF_CLK_DIV_C0_0/PF_CLK_DIV_C0_PF_CLK_DIV_C0_0_PF_CLK_DIV.v (N/A, 2026-04-28 14:59:11) <-- (may instantiate this module)
                        /home/ahlemzenache/Documents/polarfire-soc-video-kit-reference-design_READ_WRITE/VKPFSOC_JPEG_WRITE_READ/component/work/PF_OSC_C0/PF_OSC_C0.v (N/A, 2026-04-28 14:59:11) <-- (may instantiate this module)
                        /home/ahlemzenache/Documents/polarfire-soc-video-kit-reference-design_READ_WRITE/VKPFSOC_JPEG_WRITE_READ/component/work/PF_OSC_C0/PF_OSC_C0_0/PF_OSC_C0_PF_OSC_C0_0_PF_OSC.v (N/A, 2026-04-28 14:59:11) <-- (may instantiate this module)
                        /home/ahlemzenache/Documents/polarfire-soc-video-kit-reference-design_READ_WRITE/VKPFSOC_JPEG_WRITE_READ/component/work/PF_XCVR_REF_CLK_C0/PF_XCVR_REF_CLK_C0.v (N/A, 2026-04-28 14:59:12) <-- (may instantiate this module)
                        /home/ahlemzenache/Documents/polarfire-soc-video-kit-reference-design_READ_WRITE/VKPFSOC_JPEG_WRITE_READ/component/work/PF_XCVR_REF_CLK_C0/PF_XCVR_REF_CLK_C0_0/PF_XCVR_REF_CLK_C0_PF_XCVR_REF_CLK_C0_0_PF_XCVR_REF_CLK.v (N/A, 2026-04-28 14:59:12) <-- (may instantiate this module)
                        /home/ahlemzenache/Documents/polarfire-soc-video-kit-reference-design_READ_WRITE/VKPFSOC_JPEG_WRITE_READ/component/work/VKPFSOC_TOP/VKPFSOC_TOP.v (N/A, 2026-04-28 15:17:39) <-- (may instantiate this module)
84       work.TX_PLL.verilog may have changed because the following files changed:
                        /home/ahlemzenache/Documents/polarfire-soc-video-kit-reference-design_READ_WRITE/VKPFSOC_JPEG_WRITE_READ/component/syn_comps.v (N/A, 2026-05-03 09:04:16) <-- (module definition)
                        /home/ahlemzenache/Documents/polarfire-soc-video-kit-reference-design_READ_WRITE/VKPFSOC_JPEG_WRITE_READ/component/work/CLOCKS_AND_RESETS/CLOCKS_AND_RESETS.v (N/A, 2026-04-28 14:59:15) <-- (may instantiate this module)
                        /home/ahlemzenache/Documents/polarfire-soc-video-kit-reference-design_READ_WRITE/VKPFSOC_JPEG_WRITE_READ/component/work/INIT_MONITOR/INIT_MONITOR.v (N/A, 2026-04-28 14:59:09) <-- (may instantiate this module)
                        /home/ahlemzenache/Documents/polarfire-soc-video-kit-reference-design_READ_WRITE/VKPFSOC_JPEG_WRITE_READ/component/work/INIT_MONITOR/INIT_MONITOR_0/INIT_MONITOR_INIT_MONITOR_0_PFSOC_INIT_MONITOR.v (N/A, 2026-04-28 14:59:09) <-- (may instantiate this module)
                        /home/ahlemzenache/Documents/polarfire-soc-video-kit-reference-design_READ_WRITE/VKPFSOC_JPEG_WRITE_READ/component/work/PF_CCC_C0/PF_CCC_C0.v (N/A, 2026-04-28 14:59:10) <-- (may instantiate this module)
                        /home/ahlemzenache/Documents/polarfire-soc-video-kit-reference-design_READ_WRITE/VKPFSOC_JPEG_WRITE_READ/component/work/PF_CCC_C0/PF_CCC_C0_0/PF_CCC_C0_PF_CCC_C0_0_PF_CCC.v (N/A, 2026-04-28 14:59:10) <-- (may instantiate this module)
                        /home/ahlemzenache/Documents/polarfire-soc-video-kit-reference-design_READ_WRITE/VKPFSOC_JPEG_WRITE_READ/component/work/PF_CLK_DIV_C0/PF_CLK_DIV_C0.v (N/A, 2026-04-28 14:59:11) <-- (may instantiate this module)
                        /home/ahlemzenache/Documents/polarfire-soc-video-kit-reference-design_READ_WRITE/VKPFSOC_JPEG_WRITE_READ/component/work/PF_CLK_DIV_C0/PF_CLK_DIV_C0_0/PF_CLK_DIV_C0_PF_CLK_DIV_C0_0_PF_CLK_DIV.v (N/A, 2026-04-28 14:59:11) <-- (may instantiate this module)
                        /home/ahlemzenache/Documents/polarfire-soc-video-kit-reference-design_READ_WRITE/VKPFSOC_JPEG_WRITE_READ/component/work/PF_OSC_C0/PF_OSC_C0.v (N/A, 2026-04-28 14:59:11) <-- (may instantiate this module)
                        /home/ahlemzenache/Documents/polarfire-soc-video-kit-reference-design_READ_WRITE/VKPFSOC_JPEG_WRITE_READ/component/work/PF_OSC_C0/PF_OSC_C0_0/PF_OSC_C0_PF_OSC_C0_0_PF_OSC.v (N/A, 2026-04-28 14:59:11) <-- (may instantiate this module)
                        /home/ahlemzenache/Documents/polarfire-soc-video-kit-reference-design_READ_WRITE/VKPFSOC_JPEG_WRITE_READ/component/work/PF_XCVR_REF_CLK_C0/PF_XCVR_REF_CLK_C0.v (N/A, 2026-04-28 14:59:12) <-- (may instantiate this module)
                        /home/ahlemzenache/Documents/polarfire-soc-video-kit-reference-design_READ_WRITE/VKPFSOC_JPEG_WRITE_READ/component/work/PF_XCVR_REF_CLK_C0/PF_XCVR_REF_CLK_C0_0/PF_XCVR_REF_CLK_C0_PF_XCVR_REF_CLK_C0_0_PF_XCVR_REF_CLK.v (N/A, 2026-04-28 14:59:12) <-- (may instantiate this module)
                        /home/ahlemzenache/Documents/polarfire-soc-video-kit-reference-design_READ_WRITE/VKPFSOC_JPEG_WRITE_READ/component/work/VKPFSOC_TOP/VKPFSOC_TOP.v (N/A, 2026-04-28 15:17:39) <-- (may instantiate this module)
85       work.UPROM.verilog may have changed because the following files changed:
                        /home/ahlemzenache/Documents/polarfire-soc-video-kit-reference-design_READ_WRITE/VKPFSOC_JPEG_WRITE_READ/component/syn_comps.v (N/A, 2026-05-03 09:04:16) <-- (module definition)
                        /home/ahlemzenache/Documents/polarfire-soc-video-kit-reference-design_READ_WRITE/VKPFSOC_JPEG_WRITE_READ/component/work/CLOCKS_AND_RESETS/CLOCKS_AND_RESETS.v (N/A, 2026-04-28 14:59:15) <-- (may instantiate this module)
                        /home/ahlemzenache/Documents/polarfire-soc-video-kit-reference-design_READ_WRITE/VKPFSOC_JPEG_WRITE_READ/component/work/INIT_MONITOR/INIT_MONITOR.v (N/A, 2026-04-28 14:59:09) <-- (may instantiate this module)
                        /home/ahlemzenache/Documents/polarfire-soc-video-kit-reference-design_READ_WRITE/VKPFSOC_JPEG_WRITE_READ/component/work/INIT_MONITOR/INIT_MONITOR_0/INIT_MONITOR_INIT_MONITOR_0_PFSOC_INIT_MONITOR.v (N/A, 2026-04-28 14:59:09) <-- (may instantiate this module)
                        /home/ahlemzenache/Documents/polarfire-soc-video-kit-reference-design_READ_WRITE/VKPFSOC_JPEG_WRITE_READ/component/work/PF_CCC_C0/PF_CCC_C0.v (N/A, 2026-04-28 14:59:10) <-- (may instantiate this module)
                        /home/ahlemzenache/Documents/polarfire-soc-video-kit-reference-design_READ_WRITE/VKPFSOC_JPEG_WRITE_READ/component/work/PF_CCC_C0/PF_CCC_C0_0/PF_CCC_C0_PF_CCC_C0_0_PF_CCC.v (N/A, 2026-04-28 14:59:10) <-- (may instantiate this module)
                        /home/ahlemzenache/Documents/polarfire-soc-video-kit-reference-design_READ_WRITE/VKPFSOC_JPEG_WRITE_READ/component/work/PF_CLK_DIV_C0/PF_CLK_DIV_C0.v (N/A, 2026-04-28 14:59:11) <-- (may instantiate this module)
                        /home/ahlemzenache/Documents/polarfire-soc-video-kit-reference-design_READ_WRITE/VKPFSOC_JPEG_WRITE_READ/component/work/PF_CLK_DIV_C0/PF_CLK_DIV_C0_0/PF_CLK_DIV_C0_PF_CLK_DIV_C0_0_PF_CLK_DIV.v (N/A, 2026-04-28 14:59:11) <-- (may instantiate this module)
                        /home/ahlemzenache/Documents/polarfire-soc-video-kit-reference-design_READ_WRITE/VKPFSOC_JPEG_WRITE_READ/component/work/PF_OSC_C0/PF_OSC_C0.v (N/A, 2026-04-28 14:59:11) <-- (may instantiate this module)
                        /home/ahlemzenache/Documents/polarfire-soc-video-kit-reference-design_READ_WRITE/VKPFSOC_JPEG_WRITE_READ/component/work/PF_OSC_C0/PF_OSC_C0_0/PF_OSC_C0_PF_OSC_C0_0_PF_OSC.v (N/A, 2026-04-28 14:59:11) <-- (may instantiate this module)
                        /home/ahlemzenache/Documents/polarfire-soc-video-kit-reference-design_READ_WRITE/VKPFSOC_JPEG_WRITE_READ/component/work/PF_XCVR_REF_CLK_C0/PF_XCVR_REF_CLK_C0.v (N/A, 2026-04-28 14:59:12) <-- (may instantiate this module)
                        /home/ahlemzenache/Documents/polarfire-soc-video-kit-reference-design_READ_WRITE/VKPFSOC_JPEG_WRITE_READ/component/work/PF_XCVR_REF_CLK_C0/PF_XCVR_REF_CLK_C0_0/PF_XCVR_REF_CLK_C0_PF_XCVR_REF_CLK_C0_0_PF_XCVR_REF_CLK.v (N/A, 2026-04-28 14:59:12) <-- (may instantiate this module)
                        /home/ahlemzenache/Documents/polarfire-soc-video-kit-reference-design_READ_WRITE/VKPFSOC_JPEG_WRITE_READ/component/work/VKPFSOC_TOP/VKPFSOC_TOP.v (N/A, 2026-04-28 15:17:39) <-- (may instantiate this module)
86       work.USPI.verilog may have changed because the following files changed:
                        /home/ahlemzenache/Documents/polarfire-soc-video-kit-reference-design_READ_WRITE/VKPFSOC_JPEG_WRITE_READ/component/syn_comps.v (N/A, 2026-05-03 09:04:16) <-- (module definition)
                        /home/ahlemzenache/Documents/polarfire-soc-video-kit-reference-design_READ_WRITE/VKPFSOC_JPEG_WRITE_READ/component/work/CLOCKS_AND_RESETS/CLOCKS_AND_RESETS.v (N/A, 2026-04-28 14:59:15) <-- (may instantiate this module)
                        /home/ahlemzenache/Documents/polarfire-soc-video-kit-reference-design_READ_WRITE/VKPFSOC_JPEG_WRITE_READ/component/work/INIT_MONITOR/INIT_MONITOR.v (N/A, 2026-04-28 14:59:09) <-- (may instantiate this module)
                        /home/ahlemzenache/Documents/polarfire-soc-video-kit-reference-design_READ_WRITE/VKPFSOC_JPEG_WRITE_READ/component/work/INIT_MONITOR/INIT_MONITOR_0/INIT_MONITOR_INIT_MONITOR_0_PFSOC_INIT_MONITOR.v (N/A, 2026-04-28 14:59:09) <-- (may instantiate this module)
                        /home/ahlemzenache/Documents/polarfire-soc-video-kit-reference-design_READ_WRITE/VKPFSOC_JPEG_WRITE_READ/component/work/PF_CCC_C0/PF_CCC_C0.v (N/A, 2026-04-28 14:59:10) <-- (may instantiate this module)
                        /home/ahlemzenache/Documents/polarfire-soc-video-kit-reference-design_READ_WRITE/VKPFSOC_JPEG_WRITE_READ/component/work/PF_CCC_C0/PF_CCC_C0_0/PF_CCC_C0_PF_CCC_C0_0_PF_CCC.v (N/A, 2026-04-28 14:59:10) <-- (may instantiate this module)
                        /home/ahlemzenache/Documents/polarfire-soc-video-kit-reference-design_READ_WRITE/VKPFSOC_JPEG_WRITE_READ/component/work/PF_CLK_DIV_C0/PF_CLK_DIV_C0.v (N/A, 2026-04-28 14:59:11) <-- (may instantiate this module)
                        /home/ahlemzenache/Documents/polarfire-soc-video-kit-reference-design_READ_WRITE/VKPFSOC_JPEG_WRITE_READ/component/work/PF_CLK_DIV_C0/PF_CLK_DIV_C0_0/PF_CLK_DIV_C0_PF_CLK_DIV_C0_0_PF_CLK_DIV.v (N/A, 2026-04-28 14:59:11) <-- (may instantiate this module)
                        /home/ahlemzenache/Documents/polarfire-soc-video-kit-reference-design_READ_WRITE/VKPFSOC_JPEG_WRITE_READ/component/work/PF_OSC_C0/PF_OSC_C0.v (N/A, 2026-04-28 14:59:11) <-- (may instantiate this module)
                        /home/ahlemzenache/Documents/polarfire-soc-video-kit-reference-design_READ_WRITE/VKPFSOC_JPEG_WRITE_READ/component/work/PF_OSC_C0/PF_OSC_C0_0/PF_OSC_C0_PF_OSC_C0_0_PF_OSC.v (N/A, 2026-04-28 14:59:11) <-- (may instantiate this module)
                        /home/ahlemzenache/Documents/polarfire-soc-video-kit-reference-design_READ_WRITE/VKPFSOC_JPEG_WRITE_READ/component/work/PF_XCVR_REF_CLK_C0/PF_XCVR_REF_CLK_C0.v (N/A, 2026-04-28 14:59:12) <-- (may instantiate this module)
                        /home/ahlemzenache/Documents/polarfire-soc-video-kit-reference-design_READ_WRITE/VKPFSOC_JPEG_WRITE_READ/component/work/PF_XCVR_REF_CLK_C0/PF_XCVR_REF_CLK_C0_0/PF_XCVR_REF_CLK_C0_PF_XCVR_REF_CLK_C0_0_PF_XCVR_REF_CLK.v (N/A, 2026-04-28 14:59:12) <-- (may instantiate this module)
                        /home/ahlemzenache/Documents/polarfire-soc-video-kit-reference-design_READ_WRITE/VKPFSOC_JPEG_WRITE_READ/component/work/VKPFSOC_TOP/VKPFSOC_TOP.v (N/A, 2026-04-28 15:17:39) <-- (may instantiate this module)
87       work.VKPFSOC_TOP.verilog may have changed because the following files changed:
                        /home/ahlemzenache/Documents/polarfire-soc-video-kit-reference-design_READ_WRITE/VKPFSOC_JPEG_WRITE_READ/component/work/VKPFSOC_TOP/VKPFSOC_TOP.v (N/A, 2026-04-28 15:17:39) <-- (module definition)
88       work.VOLTAGEDETECT.verilog may have changed because the following files changed:
                        /home/ahlemzenache/Documents/polarfire-soc-video-kit-reference-design_READ_WRITE/VKPFSOC_JPEG_WRITE_READ/component/syn_comps.v (N/A, 2026-05-03 09:04:16) <-- (module definition)
                        /home/ahlemzenache/Documents/polarfire-soc-video-kit-reference-design_READ_WRITE/VKPFSOC_JPEG_WRITE_READ/component/work/CLOCKS_AND_RESETS/CLOCKS_AND_RESETS.v (N/A, 2026-04-28 14:59:15) <-- (may instantiate this module)
                        /home/ahlemzenache/Documents/polarfire-soc-video-kit-reference-design_READ_WRITE/VKPFSOC_JPEG_WRITE_READ/component/work/INIT_MONITOR/INIT_MONITOR.v (N/A, 2026-04-28 14:59:09) <-- (may instantiate this module)
                        /home/ahlemzenache/Documents/polarfire-soc-video-kit-reference-design_READ_WRITE/VKPFSOC_JPEG_WRITE_READ/component/work/INIT_MONITOR/INIT_MONITOR_0/INIT_MONITOR_INIT_MONITOR_0_PFSOC_INIT_MONITOR.v (N/A, 2026-04-28 14:59:09) <-- (may instantiate this module)
                        /home/ahlemzenache/Documents/polarfire-soc-video-kit-reference-design_READ_WRITE/VKPFSOC_JPEG_WRITE_READ/component/work/PF_CCC_C0/PF_CCC_C0.v (N/A, 2026-04-28 14:59:10) <-- (may instantiate this module)
                        /home/ahlemzenache/Documents/polarfire-soc-video-kit-reference-design_READ_WRITE/VKPFSOC_JPEG_WRITE_READ/component/work/PF_CCC_C0/PF_CCC_C0_0/PF_CCC_C0_PF_CCC_C0_0_PF_CCC.v (N/A, 2026-04-28 14:59:10) <-- (may instantiate this module)
                        /home/ahlemzenache/Documents/polarfire-soc-video-kit-reference-design_READ_WRITE/VKPFSOC_JPEG_WRITE_READ/component/work/PF_CLK_DIV_C0/PF_CLK_DIV_C0.v (N/A, 2026-04-28 14:59:11) <-- (may instantiate this module)
                        /home/ahlemzenache/Documents/polarfire-soc-video-kit-reference-design_READ_WRITE/VKPFSOC_JPEG_WRITE_READ/component/work/PF_CLK_DIV_C0/PF_CLK_DIV_C0_0/PF_CLK_DIV_C0_PF_CLK_DIV_C0_0_PF_CLK_DIV.v (N/A, 2026-04-28 14:59:11) <-- (may instantiate this module)
                        /home/ahlemzenache/Documents/polarfire-soc-video-kit-reference-design_READ_WRITE/VKPFSOC_JPEG_WRITE_READ/component/work/PF_OSC_C0/PF_OSC_C0.v (N/A, 2026-04-28 14:59:11) <-- (may instantiate this module)
                        /home/ahlemzenache/Documents/polarfire-soc-video-kit-reference-design_READ_WRITE/VKPFSOC_JPEG_WRITE_READ/component/work/PF_OSC_C0/PF_OSC_C0_0/PF_OSC_C0_PF_OSC_C0_0_PF_OSC.v (N/A, 2026-04-28 14:59:11) <-- (may instantiate this module)
                        /home/ahlemzenache/Documents/polarfire-soc-video-kit-reference-design_READ_WRITE/VKPFSOC_JPEG_WRITE_READ/component/work/PF_XCVR_REF_CLK_C0/PF_XCVR_REF_CLK_C0.v (N/A, 2026-04-28 14:59:12) <-- (may instantiate this module)
                        /home/ahlemzenache/Documents/polarfire-soc-video-kit-reference-design_READ_WRITE/VKPFSOC_JPEG_WRITE_READ/component/work/PF_XCVR_REF_CLK_C0/PF_XCVR_REF_CLK_C0_0/PF_XCVR_REF_CLK_C0_PF_XCVR_REF_CLK_C0_0_PF_XCVR_REF_CLK.v (N/A, 2026-04-28 14:59:12) <-- (may instantiate this module)
                        /home/ahlemzenache/Documents/polarfire-soc-video-kit-reference-design_READ_WRITE/VKPFSOC_JPEG_WRITE_READ/component/work/VKPFSOC_TOP/VKPFSOC_TOP.v (N/A, 2026-04-28 15:17:39) <-- (may instantiate this module)
89       work.VREFBANKDYN.verilog may have changed because the following files changed:
                        /home/ahlemzenache/Documents/polarfire-soc-video-kit-reference-design_READ_WRITE/VKPFSOC_JPEG_WRITE_READ/component/syn_comps.v (N/A, 2026-05-03 09:04:16) <-- (module definition)
                        /home/ahlemzenache/Documents/polarfire-soc-video-kit-reference-design_READ_WRITE/VKPFSOC_JPEG_WRITE_READ/component/work/CLOCKS_AND_RESETS/CLOCKS_AND_RESETS.v (N/A, 2026-04-28 14:59:15) <-- (may instantiate this module)
                        /home/ahlemzenache/Documents/polarfire-soc-video-kit-reference-design_READ_WRITE/VKPFSOC_JPEG_WRITE_READ/component/work/INIT_MONITOR/INIT_MONITOR.v (N/A, 2026-04-28 14:59:09) <-- (may instantiate this module)
                        /home/ahlemzenache/Documents/polarfire-soc-video-kit-reference-design_READ_WRITE/VKPFSOC_JPEG_WRITE_READ/component/work/INIT_MONITOR/INIT_MONITOR_0/INIT_MONITOR_INIT_MONITOR_0_PFSOC_INIT_MONITOR.v (N/A, 2026-04-28 14:59:09) <-- (may instantiate this module)
                        /home/ahlemzenache/Documents/polarfire-soc-video-kit-reference-design_READ_WRITE/VKPFSOC_JPEG_WRITE_READ/component/work/PF_CCC_C0/PF_CCC_C0.v (N/A, 2026-04-28 14:59:10) <-- (may instantiate this module)
                        /home/ahlemzenache/Documents/polarfire-soc-video-kit-reference-design_READ_WRITE/VKPFSOC_JPEG_WRITE_READ/component/work/PF_CCC_C0/PF_CCC_C0_0/PF_CCC_C0_PF_CCC_C0_0_PF_CCC.v (N/A, 2026-04-28 14:59:10) <-- (may instantiate this module)
                        /home/ahlemzenache/Documents/polarfire-soc-video-kit-reference-design_READ_WRITE/VKPFSOC_JPEG_WRITE_READ/component/work/PF_CLK_DIV_C0/PF_CLK_DIV_C0.v (N/A, 2026-04-28 14:59:11) <-- (may instantiate this module)
                        /home/ahlemzenache/Documents/polarfire-soc-video-kit-reference-design_READ_WRITE/VKPFSOC_JPEG_WRITE_READ/component/work/PF_CLK_DIV_C0/PF_CLK_DIV_C0_0/PF_CLK_DIV_C0_PF_CLK_DIV_C0_0_PF_CLK_DIV.v (N/A, 2026-04-28 14:59:11) <-- (may instantiate this module)
                        /home/ahlemzenache/Documents/polarfire-soc-video-kit-reference-design_READ_WRITE/VKPFSOC_JPEG_WRITE_READ/component/work/PF_OSC_C0/PF_OSC_C0.v (N/A, 2026-04-28 14:59:11) <-- (may instantiate this module)
                        /home/ahlemzenache/Documents/polarfire-soc-video-kit-reference-design_READ_WRITE/VKPFSOC_JPEG_WRITE_READ/component/work/PF_OSC_C0/PF_OSC_C0_0/PF_OSC_C0_PF_OSC_C0_0_PF_OSC.v (N/A, 2026-04-28 14:59:11) <-- (may instantiate this module)
                        /home/ahlemzenache/Documents/polarfire-soc-video-kit-reference-design_READ_WRITE/VKPFSOC_JPEG_WRITE_READ/component/work/PF_XCVR_REF_CLK_C0/PF_XCVR_REF_CLK_C0.v (N/A, 2026-04-28 14:59:12) <-- (may instantiate this module)
                        /home/ahlemzenache/Documents/polarfire-soc-video-kit-reference-design_READ_WRITE/VKPFSOC_JPEG_WRITE_READ/component/work/PF_XCVR_REF_CLK_C0/PF_XCVR_REF_CLK_C0_0/PF_XCVR_REF_CLK_C0_PF_XCVR_REF_CLK_C0_0_PF_XCVR_REF_CLK.v (N/A, 2026-04-28 14:59:12) <-- (may instantiate this module)
                        /home/ahlemzenache/Documents/polarfire-soc-video-kit-reference-design_READ_WRITE/VKPFSOC_JPEG_WRITE_READ/component/work/VKPFSOC_TOP/VKPFSOC_TOP.v (N/A, 2026-04-28 15:17:39) <-- (may instantiate this module)
90       work.VREFCTRL.verilog may have changed because the following files changed:
                        /home/ahlemzenache/Documents/polarfire-soc-video-kit-reference-design_READ_WRITE/VKPFSOC_JPEG_WRITE_READ/component/syn_comps.v (N/A, 2026-05-03 09:04:16) <-- (module definition)
                        /home/ahlemzenache/Documents/polarfire-soc-video-kit-reference-design_READ_WRITE/VKPFSOC_JPEG_WRITE_READ/component/work/CLOCKS_AND_RESETS/CLOCKS_AND_RESETS.v (N/A, 2026-04-28 14:59:15) <-- (may instantiate this module)
                        /home/ahlemzenache/Documents/polarfire-soc-video-kit-reference-design_READ_WRITE/VKPFSOC_JPEG_WRITE_READ/component/work/INIT_MONITOR/INIT_MONITOR.v (N/A, 2026-04-28 14:59:09) <-- (may instantiate this module)
                        /home/ahlemzenache/Documents/polarfire-soc-video-kit-reference-design_READ_WRITE/VKPFSOC_JPEG_WRITE_READ/component/work/INIT_MONITOR/INIT_MONITOR_0/INIT_MONITOR_INIT_MONITOR_0_PFSOC_INIT_MONITOR.v (N/A, 2026-04-28 14:59:09) <-- (may instantiate this module)
                        /home/ahlemzenache/Documents/polarfire-soc-video-kit-reference-design_READ_WRITE/VKPFSOC_JPEG_WRITE_READ/component/work/PF_CCC_C0/PF_CCC_C0.v (N/A, 2026-04-28 14:59:10) <-- (may instantiate this module)
                        /home/ahlemzenache/Documents/polarfire-soc-video-kit-reference-design_READ_WRITE/VKPFSOC_JPEG_WRITE_READ/component/work/PF_CCC_C0/PF_CCC_C0_0/PF_CCC_C0_PF_CCC_C0_0_PF_CCC.v (N/A, 2026-04-28 14:59:10) <-- (may instantiate this module)
                        /home/ahlemzenache/Documents/polarfire-soc-video-kit-reference-design_READ_WRITE/VKPFSOC_JPEG_WRITE_READ/component/work/PF_CLK_DIV_C0/PF_CLK_DIV_C0.v (N/A, 2026-04-28 14:59:11) <-- (may instantiate this module)
                        /home/ahlemzenache/Documents/polarfire-soc-video-kit-reference-design_READ_WRITE/VKPFSOC_JPEG_WRITE_READ/component/work/PF_CLK_DIV_C0/PF_CLK_DIV_C0_0/PF_CLK_DIV_C0_PF_CLK_DIV_C0_0_PF_CLK_DIV.v (N/A, 2026-04-28 14:59:11) <-- (may instantiate this module)
                        /home/ahlemzenache/Documents/polarfire-soc-video-kit-reference-design_READ_WRITE/VKPFSOC_JPEG_WRITE_READ/component/work/PF_OSC_C0/PF_OSC_C0.v (N/A, 2026-04-28 14:59:11) <-- (may instantiate this module)
                        /home/ahlemzenache/Documents/polarfire-soc-video-kit-reference-design_READ_WRITE/VKPFSOC_JPEG_WRITE_READ/component/work/PF_OSC_C0/PF_OSC_C0_0/PF_OSC_C0_PF_OSC_C0_0_PF_OSC.v (N/A, 2026-04-28 14:59:11) <-- (may instantiate this module)
                        /home/ahlemzenache/Documents/polarfire-soc-video-kit-reference-design_READ_WRITE/VKPFSOC_JPEG_WRITE_READ/component/work/PF_XCVR_REF_CLK_C0/PF_XCVR_REF_CLK_C0.v (N/A, 2026-04-28 14:59:12) <-- (may instantiate this module)
                        /home/ahlemzenache/Documents/polarfire-soc-video-kit-reference-design_READ_WRITE/VKPFSOC_JPEG_WRITE_READ/component/work/PF_XCVR_REF_CLK_C0/PF_XCVR_REF_CLK_C0_0/PF_XCVR_REF_CLK_C0_PF_XCVR_REF_CLK_C0_0_PF_XCVR_REF_CLK.v (N/A, 2026-04-28 14:59:12) <-- (may instantiate this module)
                        /home/ahlemzenache/Documents/polarfire-soc-video-kit-reference-design_READ_WRITE/VKPFSOC_JPEG_WRITE_READ/component/work/VKPFSOC_TOP/VKPFSOC_TOP.v (N/A, 2026-04-28 15:17:39) <-- (may instantiate this module)
91       work.XCVR.verilog may have changed because the following files changed:
                        /home/ahlemzenache/Documents/polarfire-soc-video-kit-reference-design_READ_WRITE/VKPFSOC_JPEG_WRITE_READ/component/syn_comps.v (N/A, 2026-05-03 09:04:16) <-- (module definition)
                        /home/ahlemzenache/Documents/polarfire-soc-video-kit-reference-design_READ_WRITE/VKPFSOC_JPEG_WRITE_READ/component/work/CLOCKS_AND_RESETS/CLOCKS_AND_RESETS.v (N/A, 2026-04-28 14:59:15) <-- (may instantiate this module)
                        /home/ahlemzenache/Documents/polarfire-soc-video-kit-reference-design_READ_WRITE/VKPFSOC_JPEG_WRITE_READ/component/work/INIT_MONITOR/INIT_MONITOR.v (N/A, 2026-04-28 14:59:09) <-- (may instantiate this module)
                        /home/ahlemzenache/Documents/polarfire-soc-video-kit-reference-design_READ_WRITE/VKPFSOC_JPEG_WRITE_READ/component/work/INIT_MONITOR/INIT_MONITOR_0/INIT_MONITOR_INIT_MONITOR_0_PFSOC_INIT_MONITOR.v (N/A, 2026-04-28 14:59:09) <-- (may instantiate this module)
                        /home/ahlemzenache/Documents/polarfire-soc-video-kit-reference-design_READ_WRITE/VKPFSOC_JPEG_WRITE_READ/component/work/PF_CCC_C0/PF_CCC_C0.v (N/A, 2026-04-28 14:59:10) <-- (may instantiate this module)
                        /home/ahlemzenache/Documents/polarfire-soc-video-kit-reference-design_READ_WRITE/VKPFSOC_JPEG_WRITE_READ/component/work/PF_CCC_C0/PF_CCC_C0_0/PF_CCC_C0_PF_CCC_C0_0_PF_CCC.v (N/A, 2026-04-28 14:59:10) <-- (may instantiate this module)
                        /home/ahlemzenache/Documents/polarfire-soc-video-kit-reference-design_READ_WRITE/VKPFSOC_JPEG_WRITE_READ/component/work/PF_CLK_DIV_C0/PF_CLK_DIV_C0.v (N/A, 2026-04-28 14:59:11) <-- (may instantiate this module)
                        /home/ahlemzenache/Documents/polarfire-soc-video-kit-reference-design_READ_WRITE/VKPFSOC_JPEG_WRITE_READ/component/work/PF_CLK_DIV_C0/PF_CLK_DIV_C0_0/PF_CLK_DIV_C0_PF_CLK_DIV_C0_0_PF_CLK_DIV.v (N/A, 2026-04-28 14:59:11) <-- (may instantiate this module)
                        /home/ahlemzenache/Documents/polarfire-soc-video-kit-reference-design_READ_WRITE/VKPFSOC_JPEG_WRITE_READ/component/work/PF_OSC_C0/PF_OSC_C0.v (N/A, 2026-04-28 14:59:11) <-- (may instantiate this module)
                        /home/ahlemzenache/Documents/polarfire-soc-video-kit-reference-design_READ_WRITE/VKPFSOC_JPEG_WRITE_READ/component/work/PF_OSC_C0/PF_OSC_C0_0/PF_OSC_C0_PF_OSC_C0_0_PF_OSC.v (N/A, 2026-04-28 14:59:11) <-- (may instantiate this module)
                        /home/ahlemzenache/Documents/polarfire-soc-video-kit-reference-design_READ_WRITE/VKPFSOC_JPEG_WRITE_READ/component/work/PF_XCVR_REF_CLK_C0/PF_XCVR_REF_CLK_C0.v (N/A, 2026-04-28 14:59:12) <-- (may instantiate this module)
                        /home/ahlemzenache/Documents/polarfire-soc-video-kit-reference-design_READ_WRITE/VKPFSOC_JPEG_WRITE_READ/component/work/PF_XCVR_REF_CLK_C0/PF_XCVR_REF_CLK_C0_0/PF_XCVR_REF_CLK_C0_PF_XCVR_REF_CLK_C0_0_PF_XCVR_REF_CLK.v (N/A, 2026-04-28 14:59:12) <-- (may instantiate this module)
                        /home/ahlemzenache/Documents/polarfire-soc-video-kit-reference-design_READ_WRITE/VKPFSOC_JPEG_WRITE_READ/component/work/VKPFSOC_TOP/VKPFSOC_TOP.v (N/A, 2026-04-28 15:17:39) <-- (may instantiate this module)
92       work.XCVR_64B6XB.verilog may have changed because the following files changed:
                        /home/ahlemzenache/Documents/polarfire-soc-video-kit-reference-design_READ_WRITE/VKPFSOC_JPEG_WRITE_READ/component/syn_comps.v (N/A, 2026-05-03 09:04:16) <-- (module definition)
                        /home/ahlemzenache/Documents/polarfire-soc-video-kit-reference-design_READ_WRITE/VKPFSOC_JPEG_WRITE_READ/component/work/CLOCKS_AND_RESETS/CLOCKS_AND_RESETS.v (N/A, 2026-04-28 14:59:15) <-- (may instantiate this module)
                        /home/ahlemzenache/Documents/polarfire-soc-video-kit-reference-design_READ_WRITE/VKPFSOC_JPEG_WRITE_READ/component/work/INIT_MONITOR/INIT_MONITOR.v (N/A, 2026-04-28 14:59:09) <-- (may instantiate this module)
                        /home/ahlemzenache/Documents/polarfire-soc-video-kit-reference-design_READ_WRITE/VKPFSOC_JPEG_WRITE_READ/component/work/INIT_MONITOR/INIT_MONITOR_0/INIT_MONITOR_INIT_MONITOR_0_PFSOC_INIT_MONITOR.v (N/A, 2026-04-28 14:59:09) <-- (may instantiate this module)
                        /home/ahlemzenache/Documents/polarfire-soc-video-kit-reference-design_READ_WRITE/VKPFSOC_JPEG_WRITE_READ/component/work/PF_CCC_C0/PF_CCC_C0.v (N/A, 2026-04-28 14:59:10) <-- (may instantiate this module)
                        /home/ahlemzenache/Documents/polarfire-soc-video-kit-reference-design_READ_WRITE/VKPFSOC_JPEG_WRITE_READ/component/work/PF_CCC_C0/PF_CCC_C0_0/PF_CCC_C0_PF_CCC_C0_0_PF_CCC.v (N/A, 2026-04-28 14:59:10) <-- (may instantiate this module)
                        /home/ahlemzenache/Documents/polarfire-soc-video-kit-reference-design_READ_WRITE/VKPFSOC_JPEG_WRITE_READ/component/work/PF_CLK_DIV_C0/PF_CLK_DIV_C0.v (N/A, 2026-04-28 14:59:11) <-- (may instantiate this module)
                        /home/ahlemzenache/Documents/polarfire-soc-video-kit-reference-design_READ_WRITE/VKPFSOC_JPEG_WRITE_READ/component/work/PF_CLK_DIV_C0/PF_CLK_DIV_C0_0/PF_CLK_DIV_C0_PF_CLK_DIV_C0_0_PF_CLK_DIV.v (N/A, 2026-04-28 14:59:11) <-- (may instantiate this module)
                        /home/ahlemzenache/Documents/polarfire-soc-video-kit-reference-design_READ_WRITE/VKPFSOC_JPEG_WRITE_READ/component/work/PF_OSC_C0/PF_OSC_C0.v (N/A, 2026-04-28 14:59:11) <-- (may instantiate this module)
                        /home/ahlemzenache/Documents/polarfire-soc-video-kit-reference-design_READ_WRITE/VKPFSOC_JPEG_WRITE_READ/component/work/PF_OSC_C0/PF_OSC_C0_0/PF_OSC_C0_PF_OSC_C0_0_PF_OSC.v (N/A, 2026-04-28 14:59:11) <-- (may instantiate this module)
                        /home/ahlemzenache/Documents/polarfire-soc-video-kit-reference-design_READ_WRITE/VKPFSOC_JPEG_WRITE_READ/component/work/PF_XCVR_REF_CLK_C0/PF_XCVR_REF_CLK_C0.v (N/A, 2026-04-28 14:59:12) <-- (may instantiate this module)
                        /home/ahlemzenache/Documents/polarfire-soc-video-kit-reference-design_READ_WRITE/VKPFSOC_JPEG_WRITE_READ/component/work/PF_XCVR_REF_CLK_C0/PF_XCVR_REF_CLK_C0_0/PF_XCVR_REF_CLK_C0_PF_XCVR_REF_CLK_C0_0_PF_XCVR_REF_CLK.v (N/A, 2026-04-28 14:59:12) <-- (may instantiate this module)
                        /home/ahlemzenache/Documents/polarfire-soc-video-kit-reference-design_READ_WRITE/VKPFSOC_JPEG_WRITE_READ/component/work/VKPFSOC_TOP/VKPFSOC_TOP.v (N/A, 2026-04-28 15:17:39) <-- (may instantiate this module)
93       work.XCVR_8B10B.verilog may have changed because the following files changed:
                        /home/ahlemzenache/Documents/polarfire-soc-video-kit-reference-design_READ_WRITE/VKPFSOC_JPEG_WRITE_READ/component/syn_comps.v (N/A, 2026-05-03 09:04:16) <-- (module definition)
                        /home/ahlemzenache/Documents/polarfire-soc-video-kit-reference-design_READ_WRITE/VKPFSOC_JPEG_WRITE_READ/component/work/CLOCKS_AND_RESETS/CLOCKS_AND_RESETS.v (N/A, 2026-04-28 14:59:15) <-- (may instantiate this module)
                        /home/ahlemzenache/Documents/polarfire-soc-video-kit-reference-design_READ_WRITE/VKPFSOC_JPEG_WRITE_READ/component/work/INIT_MONITOR/INIT_MONITOR.v (N/A, 2026-04-28 14:59:09) <-- (may instantiate this module)
                        /home/ahlemzenache/Documents/polarfire-soc-video-kit-reference-design_READ_WRITE/VKPFSOC_JPEG_WRITE_READ/component/work/INIT_MONITOR/INIT_MONITOR_0/INIT_MONITOR_INIT_MONITOR_0_PFSOC_INIT_MONITOR.v (N/A, 2026-04-28 14:59:09) <-- (may instantiate this module)
                        /home/ahlemzenache/Documents/polarfire-soc-video-kit-reference-design_READ_WRITE/VKPFSOC_JPEG_WRITE_READ/component/work/PF_CCC_C0/PF_CCC_C0.v (N/A, 2026-04-28 14:59:10) <-- (may instantiate this module)
                        /home/ahlemzenache/Documents/polarfire-soc-video-kit-reference-design_READ_WRITE/VKPFSOC_JPEG_WRITE_READ/component/work/PF_CCC_C0/PF_CCC_C0_0/PF_CCC_C0_PF_CCC_C0_0_PF_CCC.v (N/A, 2026-04-28 14:59:10) <-- (may instantiate this module)
                        /home/ahlemzenache/Documents/polarfire-soc-video-kit-reference-design_READ_WRITE/VKPFSOC_JPEG_WRITE_READ/component/work/PF_CLK_DIV_C0/PF_CLK_DIV_C0.v (N/A, 2026-04-28 14:59:11) <-- (may instantiate this module)
                        /home/ahlemzenache/Documents/polarfire-soc-video-kit-reference-design_READ_WRITE/VKPFSOC_JPEG_WRITE_READ/component/work/PF_CLK_DIV_C0/PF_CLK_DIV_C0_0/PF_CLK_DIV_C0_PF_CLK_DIV_C0_0_PF_CLK_DIV.v (N/A, 2026-04-28 14:59:11) <-- (may instantiate this module)
                        /home/ahlemzenache/Documents/polarfire-soc-video-kit-reference-design_READ_WRITE/VKPFSOC_JPEG_WRITE_READ/component/work/PF_OSC_C0/PF_OSC_C0.v (N/A, 2026-04-28 14:59:11) <-- (may instantiate this module)
                        /home/ahlemzenache/Documents/polarfire-soc-video-kit-reference-design_READ_WRITE/VKPFSOC_JPEG_WRITE_READ/component/work/PF_OSC_C0/PF_OSC_C0_0/PF_OSC_C0_PF_OSC_C0_0_PF_OSC.v (N/A, 2026-04-28 14:59:11) <-- (may instantiate this module)
                        /home/ahlemzenache/Documents/polarfire-soc-video-kit-reference-design_READ_WRITE/VKPFSOC_JPEG_WRITE_READ/component/work/PF_XCVR_REF_CLK_C0/PF_XCVR_REF_CLK_C0.v (N/A, 2026-04-28 14:59:12) <-- (may instantiate this module)
                        /home/ahlemzenache/Documents/polarfire-soc-video-kit-reference-design_READ_WRITE/VKPFSOC_JPEG_WRITE_READ/component/work/PF_XCVR_REF_CLK_C0/PF_XCVR_REF_CLK_C0_0/PF_XCVR_REF_CLK_C0_PF_XCVR_REF_CLK_C0_0_PF_XCVR_REF_CLK.v (N/A, 2026-04-28 14:59:12) <-- (may instantiate this module)
                        /home/ahlemzenache/Documents/polarfire-soc-video-kit-reference-design_READ_WRITE/VKPFSOC_JPEG_WRITE_READ/component/work/VKPFSOC_TOP/VKPFSOC_TOP.v (N/A, 2026-04-28 15:17:39) <-- (may instantiate this module)
94       work.XCVR_APB_LINK.verilog may have changed because the following files changed:
                        /home/ahlemzenache/Documents/polarfire-soc-video-kit-reference-design_READ_WRITE/VKPFSOC_JPEG_WRITE_READ/component/syn_comps.v (N/A, 2026-05-03 09:04:16) <-- (module definition)
                        /home/ahlemzenache/Documents/polarfire-soc-video-kit-reference-design_READ_WRITE/VKPFSOC_JPEG_WRITE_READ/component/work/CLOCKS_AND_RESETS/CLOCKS_AND_RESETS.v (N/A, 2026-04-28 14:59:15) <-- (may instantiate this module)
                        /home/ahlemzenache/Documents/polarfire-soc-video-kit-reference-design_READ_WRITE/VKPFSOC_JPEG_WRITE_READ/component/work/INIT_MONITOR/INIT_MONITOR.v (N/A, 2026-04-28 14:59:09) <-- (may instantiate this module)
                        /home/ahlemzenache/Documents/polarfire-soc-video-kit-reference-design_READ_WRITE/VKPFSOC_JPEG_WRITE_READ/component/work/INIT_MONITOR/INIT_MONITOR_0/INIT_MONITOR_INIT_MONITOR_0_PFSOC_INIT_MONITOR.v (N/A, 2026-04-28 14:59:09) <-- (may instantiate this module)
                        /home/ahlemzenache/Documents/polarfire-soc-video-kit-reference-design_READ_WRITE/VKPFSOC_JPEG_WRITE_READ/component/work/PF_CCC_C0/PF_CCC_C0.v (N/A, 2026-04-28 14:59:10) <-- (may instantiate this module)
                        /home/ahlemzenache/Documents/polarfire-soc-video-kit-reference-design_READ_WRITE/VKPFSOC_JPEG_WRITE_READ/component/work/PF_CCC_C0/PF_CCC_C0_0/PF_CCC_C0_PF_CCC_C0_0_PF_CCC.v (N/A, 2026-04-28 14:59:10) <-- (may instantiate this module)
                        /home/ahlemzenache/Documents/polarfire-soc-video-kit-reference-design_READ_WRITE/VKPFSOC_JPEG_WRITE_READ/component/work/PF_CLK_DIV_C0/PF_CLK_DIV_C0.v (N/A, 2026-04-28 14:59:11) <-- (may instantiate this module)
                        /home/ahlemzenache/Documents/polarfire-soc-video-kit-reference-design_READ_WRITE/VKPFSOC_JPEG_WRITE_READ/component/work/PF_CLK_DIV_C0/PF_CLK_DIV_C0_0/PF_CLK_DIV_C0_PF_CLK_DIV_C0_0_PF_CLK_DIV.v (N/A, 2026-04-28 14:59:11) <-- (may instantiate this module)
                        /home/ahlemzenache/Documents/polarfire-soc-video-kit-reference-design_READ_WRITE/VKPFSOC_JPEG_WRITE_READ/component/work/PF_OSC_C0/PF_OSC_C0.v (N/A, 2026-04-28 14:59:11) <-- (may instantiate this module)
                        /home/ahlemzenache/Documents/polarfire-soc-video-kit-reference-design_READ_WRITE/VKPFSOC_JPEG_WRITE_READ/component/work/PF_OSC_C0/PF_OSC_C0_0/PF_OSC_C0_PF_OSC_C0_0_PF_OSC.v (N/A, 2026-04-28 14:59:11) <-- (may instantiate this module)
                        /home/ahlemzenache/Documents/polarfire-soc-video-kit-reference-design_READ_WRITE/VKPFSOC_JPEG_WRITE_READ/component/work/PF_XCVR_REF_CLK_C0/PF_XCVR_REF_CLK_C0.v (N/A, 2026-04-28 14:59:12) <-- (may instantiate this module)
                        /home/ahlemzenache/Documents/polarfire-soc-video-kit-reference-design_READ_WRITE/VKPFSOC_JPEG_WRITE_READ/component/work/PF_XCVR_REF_CLK_C0/PF_XCVR_REF_CLK_C0_0/PF_XCVR_REF_CLK_C0_PF_XCVR_REF_CLK_C0_0_PF_XCVR_REF_CLK.v (N/A, 2026-04-28 14:59:12) <-- (may instantiate this module)
                        /home/ahlemzenache/Documents/polarfire-soc-video-kit-reference-design_READ_WRITE/VKPFSOC_JPEG_WRITE_READ/component/work/VKPFSOC_TOP/VKPFSOC_TOP.v (N/A, 2026-04-28 15:17:39) <-- (may instantiate this module)
95       work.XCVR_APB_LINK_V.verilog may have changed because the following files changed:
                        /home/ahlemzenache/Documents/polarfire-soc-video-kit-reference-design_READ_WRITE/VKPFSOC_JPEG_WRITE_READ/component/syn_comps.v (N/A, 2026-05-03 09:04:16) <-- (module definition)
                        /home/ahlemzenache/Documents/polarfire-soc-video-kit-reference-design_READ_WRITE/VKPFSOC_JPEG_WRITE_READ/component/work/CLOCKS_AND_RESETS/CLOCKS_AND_RESETS.v (N/A, 2026-04-28 14:59:15) <-- (may instantiate this module)
                        /home/ahlemzenache/Documents/polarfire-soc-video-kit-reference-design_READ_WRITE/VKPFSOC_JPEG_WRITE_READ/component/work/INIT_MONITOR/INIT_MONITOR.v (N/A, 2026-04-28 14:59:09) <-- (may instantiate this module)
                        /home/ahlemzenache/Documents/polarfire-soc-video-kit-reference-design_READ_WRITE/VKPFSOC_JPEG_WRITE_READ/component/work/INIT_MONITOR/INIT_MONITOR_0/INIT_MONITOR_INIT_MONITOR_0_PFSOC_INIT_MONITOR.v (N/A, 2026-04-28 14:59:09) <-- (may instantiate this module)
                        /home/ahlemzenache/Documents/polarfire-soc-video-kit-reference-design_READ_WRITE/VKPFSOC_JPEG_WRITE_READ/component/work/PF_CCC_C0/PF_CCC_C0.v (N/A, 2026-04-28 14:59:10) <-- (may instantiate this module)
                        /home/ahlemzenache/Documents/polarfire-soc-video-kit-reference-design_READ_WRITE/VKPFSOC_JPEG_WRITE_READ/component/work/PF_CCC_C0/PF_CCC_C0_0/PF_CCC_C0_PF_CCC_C0_0_PF_CCC.v (N/A, 2026-04-28 14:59:10) <-- (may instantiate this module)
                        /home/ahlemzenache/Documents/polarfire-soc-video-kit-reference-design_READ_WRITE/VKPFSOC_JPEG_WRITE_READ/component/work/PF_CLK_DIV_C0/PF_CLK_DIV_C0.v (N/A, 2026-04-28 14:59:11) <-- (may instantiate this module)
                        /home/ahlemzenache/Documents/polarfire-soc-video-kit-reference-design_READ_WRITE/VKPFSOC_JPEG_WRITE_READ/component/work/PF_CLK_DIV_C0/PF_CLK_DIV_C0_0/PF_CLK_DIV_C0_PF_CLK_DIV_C0_0_PF_CLK_DIV.v (N/A, 2026-04-28 14:59:11) <-- (may instantiate this module)
                        /home/ahlemzenache/Documents/polarfire-soc-video-kit-reference-design_READ_WRITE/VKPFSOC_JPEG_WRITE_READ/component/work/PF_OSC_C0/PF_OSC_C0.v (N/A, 2026-04-28 14:59:11) <-- (may instantiate this module)
                        /home/ahlemzenache/Documents/polarfire-soc-video-kit-reference-design_READ_WRITE/VKPFSOC_JPEG_WRITE_READ/component/work/PF_OSC_C0/PF_OSC_C0_0/PF_OSC_C0_PF_OSC_C0_0_PF_OSC.v (N/A, 2026-04-28 14:59:11) <-- (may instantiate this module)
                        /home/ahlemzenache/Documents/polarfire-soc-video-kit-reference-design_READ_WRITE/VKPFSOC_JPEG_WRITE_READ/component/work/PF_XCVR_REF_CLK_C0/PF_XCVR_REF_CLK_C0.v (N/A, 2026-04-28 14:59:12) <-- (may instantiate this module)
                        /home/ahlemzenache/Documents/polarfire-soc-video-kit-reference-design_READ_WRITE/VKPFSOC_JPEG_WRITE_READ/component/work/PF_XCVR_REF_CLK_C0/PF_XCVR_REF_CLK_C0_0/PF_XCVR_REF_CLK_C0_PF_XCVR_REF_CLK_C0_0_PF_XCVR_REF_CLK.v (N/A, 2026-04-28 14:59:12) <-- (may instantiate this module)
                        /home/ahlemzenache/Documents/polarfire-soc-video-kit-reference-design_READ_WRITE/VKPFSOC_JPEG_WRITE_READ/component/work/VKPFSOC_TOP/VKPFSOC_TOP.v (N/A, 2026-04-28 15:17:39) <-- (may instantiate this module)
96       work.XCVR_APB_LINK_V2.verilog may have changed because the following files changed:
                        /home/ahlemzenache/Documents/polarfire-soc-video-kit-reference-design_READ_WRITE/VKPFSOC_JPEG_WRITE_READ/component/syn_comps.v (N/A, 2026-05-03 09:04:16) <-- (module definition)
                        /home/ahlemzenache/Documents/polarfire-soc-video-kit-reference-design_READ_WRITE/VKPFSOC_JPEG_WRITE_READ/component/work/CLOCKS_AND_RESETS/CLOCKS_AND_RESETS.v (N/A, 2026-04-28 14:59:15) <-- (may instantiate this module)
                        /home/ahlemzenache/Documents/polarfire-soc-video-kit-reference-design_READ_WRITE/VKPFSOC_JPEG_WRITE_READ/component/work/INIT_MONITOR/INIT_MONITOR.v (N/A, 2026-04-28 14:59:09) <-- (may instantiate this module)
                        /home/ahlemzenache/Documents/polarfire-soc-video-kit-reference-design_READ_WRITE/VKPFSOC_JPEG_WRITE_READ/component/work/INIT_MONITOR/INIT_MONITOR_0/INIT_MONITOR_INIT_MONITOR_0_PFSOC_INIT_MONITOR.v (N/A, 2026-04-28 14:59:09) <-- (may instantiate this module)
                        /home/ahlemzenache/Documents/polarfire-soc-video-kit-reference-design_READ_WRITE/VKPFSOC_JPEG_WRITE_READ/component/work/PF_CCC_C0/PF_CCC_C0.v (N/A, 2026-04-28 14:59:10) <-- (may instantiate this module)
                        /home/ahlemzenache/Documents/polarfire-soc-video-kit-reference-design_READ_WRITE/VKPFSOC_JPEG_WRITE_READ/component/work/PF_CCC_C0/PF_CCC_C0_0/PF_CCC_C0_PF_CCC_C0_0_PF_CCC.v (N/A, 2026-04-28 14:59:10) <-- (may instantiate this module)
                        /home/ahlemzenache/Documents/polarfire-soc-video-kit-reference-design_READ_WRITE/VKPFSOC_JPEG_WRITE_READ/component/work/PF_CLK_DIV_C0/PF_CLK_DIV_C0.v (N/A, 2026-04-28 14:59:11) <-- (may instantiate this module)
                        /home/ahlemzenache/Documents/polarfire-soc-video-kit-reference-design_READ_WRITE/VKPFSOC_JPEG_WRITE_READ/component/work/PF_CLK_DIV_C0/PF_CLK_DIV_C0_0/PF_CLK_DIV_C0_PF_CLK_DIV_C0_0_PF_CLK_DIV.v (N/A, 2026-04-28 14:59:11) <-- (may instantiate this module)
                        /home/ahlemzenache/Documents/polarfire-soc-video-kit-reference-design_READ_WRITE/VKPFSOC_JPEG_WRITE_READ/component/work/PF_OSC_C0/PF_OSC_C0.v (N/A, 2026-04-28 14:59:11) <-- (may instantiate this module)
                        /home/ahlemzenache/Documents/polarfire-soc-video-kit-reference-design_READ_WRITE/VKPFSOC_JPEG_WRITE_READ/component/work/PF_OSC_C0/PF_OSC_C0_0/PF_OSC_C0_PF_OSC_C0_0_PF_OSC.v (N/A, 2026-04-28 14:59:11) <-- (may instantiate this module)
                        /home/ahlemzenache/Documents/polarfire-soc-video-kit-reference-design_READ_WRITE/VKPFSOC_JPEG_WRITE_READ/component/work/PF_XCVR_REF_CLK_C0/PF_XCVR_REF_CLK_C0.v (N/A, 2026-04-28 14:59:12) <-- (may instantiate this module)
                        /home/ahlemzenache/Documents/polarfire-soc-video-kit-reference-design_READ_WRITE/VKPFSOC_JPEG_WRITE_READ/component/work/PF_XCVR_REF_CLK_C0/PF_XCVR_REF_CLK_C0_0/PF_XCVR_REF_CLK_C0_PF_XCVR_REF_CLK_C0_0_PF_XCVR_REF_CLK.v (N/A, 2026-04-28 14:59:12) <-- (may instantiate this module)
                        /home/ahlemzenache/Documents/polarfire-soc-video-kit-reference-design_READ_WRITE/VKPFSOC_JPEG_WRITE_READ/component/work/VKPFSOC_TOP/VKPFSOC_TOP.v (N/A, 2026-04-28 15:17:39) <-- (may instantiate this module)
97       work.XCVR_DUAL_PCS.verilog may have changed because the following files changed:
                        /home/ahlemzenache/Documents/polarfire-soc-video-kit-reference-design_READ_WRITE/VKPFSOC_JPEG_WRITE_READ/component/syn_comps.v (N/A, 2026-05-03 09:04:16) <-- (module definition)
                        /home/ahlemzenache/Documents/polarfire-soc-video-kit-reference-design_READ_WRITE/VKPFSOC_JPEG_WRITE_READ/component/work/CLOCKS_AND_RESETS/CLOCKS_AND_RESETS.v (N/A, 2026-04-28 14:59:15) <-- (may instantiate this module)
                        /home/ahlemzenache/Documents/polarfire-soc-video-kit-reference-design_READ_WRITE/VKPFSOC_JPEG_WRITE_READ/component/work/INIT_MONITOR/INIT_MONITOR.v (N/A, 2026-04-28 14:59:09) <-- (may instantiate this module)
                        /home/ahlemzenache/Documents/polarfire-soc-video-kit-reference-design_READ_WRITE/VKPFSOC_JPEG_WRITE_READ/component/work/INIT_MONITOR/INIT_MONITOR_0/INIT_MONITOR_INIT_MONITOR_0_PFSOC_INIT_MONITOR.v (N/A, 2026-04-28 14:59:09) <-- (may instantiate this module)
                        /home/ahlemzenache/Documents/polarfire-soc-video-kit-reference-design_READ_WRITE/VKPFSOC_JPEG_WRITE_READ/component/work/PF_CCC_C0/PF_CCC_C0.v (N/A, 2026-04-28 14:59:10) <-- (may instantiate this module)
                        /home/ahlemzenache/Documents/polarfire-soc-video-kit-reference-design_READ_WRITE/VKPFSOC_JPEG_WRITE_READ/component/work/PF_CCC_C0/PF_CCC_C0_0/PF_CCC_C0_PF_CCC_C0_0_PF_CCC.v (N/A, 2026-04-28 14:59:10) <-- (may instantiate this module)
                        /home/ahlemzenache/Documents/polarfire-soc-video-kit-reference-design_READ_WRITE/VKPFSOC_JPEG_WRITE_READ/component/work/PF_CLK_DIV_C0/PF_CLK_DIV_C0.v (N/A, 2026-04-28 14:59:11) <-- (may instantiate this module)
                        /home/ahlemzenache/Documents/polarfire-soc-video-kit-reference-design_READ_WRITE/VKPFSOC_JPEG_WRITE_READ/component/work/PF_CLK_DIV_C0/PF_CLK_DIV_C0_0/PF_CLK_DIV_C0_PF_CLK_DIV_C0_0_PF_CLK_DIV.v (N/A, 2026-04-28 14:59:11) <-- (may instantiate this module)
                        /home/ahlemzenache/Documents/polarfire-soc-video-kit-reference-design_READ_WRITE/VKPFSOC_JPEG_WRITE_READ/component/work/PF_OSC_C0/PF_OSC_C0.v (N/A, 2026-04-28 14:59:11) <-- (may instantiate this module)
                        /home/ahlemzenache/Documents/polarfire-soc-video-kit-reference-design_READ_WRITE/VKPFSOC_JPEG_WRITE_READ/component/work/PF_OSC_C0/PF_OSC_C0_0/PF_OSC_C0_PF_OSC_C0_0_PF_OSC.v (N/A, 2026-04-28 14:59:11) <-- (may instantiate this module)
                        /home/ahlemzenache/Documents/polarfire-soc-video-kit-reference-design_READ_WRITE/VKPFSOC_JPEG_WRITE_READ/component/work/PF_XCVR_REF_CLK_C0/PF_XCVR_REF_CLK_C0.v (N/A, 2026-04-28 14:59:12) <-- (may instantiate this module)
                        /home/ahlemzenache/Documents/polarfire-soc-video-kit-reference-design_READ_WRITE/VKPFSOC_JPEG_WRITE_READ/component/work/PF_XCVR_REF_CLK_C0/PF_XCVR_REF_CLK_C0_0/PF_XCVR_REF_CLK_C0_PF_XCVR_REF_CLK_C0_0_PF_XCVR_REF_CLK.v (N/A, 2026-04-28 14:59:12) <-- (may instantiate this module)
                        /home/ahlemzenache/Documents/polarfire-soc-video-kit-reference-design_READ_WRITE/VKPFSOC_JPEG_WRITE_READ/component/work/VKPFSOC_TOP/VKPFSOC_TOP.v (N/A, 2026-04-28 15:17:39) <-- (may instantiate this module)
98       work.XCVR_PIPE.verilog may have changed because the following files changed:
                        /home/ahlemzenache/Documents/polarfire-soc-video-kit-reference-design_READ_WRITE/VKPFSOC_JPEG_WRITE_READ/component/syn_comps.v (N/A, 2026-05-03 09:04:16) <-- (module definition)
                        /home/ahlemzenache/Documents/polarfire-soc-video-kit-reference-design_READ_WRITE/VKPFSOC_JPEG_WRITE_READ/component/work/CLOCKS_AND_RESETS/CLOCKS_AND_RESETS.v (N/A, 2026-04-28 14:59:15) <-- (may instantiate this module)
                        /home/ahlemzenache/Documents/polarfire-soc-video-kit-reference-design_READ_WRITE/VKPFSOC_JPEG_WRITE_READ/component/work/INIT_MONITOR/INIT_MONITOR.v (N/A, 2026-04-28 14:59:09) <-- (may instantiate this module)
                        /home/ahlemzenache/Documents/polarfire-soc-video-kit-reference-design_READ_WRITE/VKPFSOC_JPEG_WRITE_READ/component/work/INIT_MONITOR/INIT_MONITOR_0/INIT_MONITOR_INIT_MONITOR_0_PFSOC_INIT_MONITOR.v (N/A, 2026-04-28 14:59:09) <-- (may instantiate this module)
                        /home/ahlemzenache/Documents/polarfire-soc-video-kit-reference-design_READ_WRITE/VKPFSOC_JPEG_WRITE_READ/component/work/PF_CCC_C0/PF_CCC_C0.v (N/A, 2026-04-28 14:59:10) <-- (may instantiate this module)
                        /home/ahlemzenache/Documents/polarfire-soc-video-kit-reference-design_READ_WRITE/VKPFSOC_JPEG_WRITE_READ/component/work/PF_CCC_C0/PF_CCC_C0_0/PF_CCC_C0_PF_CCC_C0_0_PF_CCC.v (N/A, 2026-04-28 14:59:10) <-- (may instantiate this module)
                        /home/ahlemzenache/Documents/polarfire-soc-video-kit-reference-design_READ_WRITE/VKPFSOC_JPEG_WRITE_READ/component/work/PF_CLK_DIV_C0/PF_CLK_DIV_C0.v (N/A, 2026-04-28 14:59:11) <-- (may instantiate this module)
                        /home/ahlemzenache/Documents/polarfire-soc-video-kit-reference-design_READ_WRITE/VKPFSOC_JPEG_WRITE_READ/component/work/PF_CLK_DIV_C0/PF_CLK_DIV_C0_0/PF_CLK_DIV_C0_PF_CLK_DIV_C0_0_PF_CLK_DIV.v (N/A, 2026-04-28 14:59:11) <-- (may instantiate this module)
                        /home/ahlemzenache/Documents/polarfire-soc-video-kit-reference-design_READ_WRITE/VKPFSOC_JPEG_WRITE_READ/component/work/PF_OSC_C0/PF_OSC_C0.v (N/A, 2026-04-28 14:59:11) <-- (may instantiate this module)
                        /home/ahlemzenache/Documents/polarfire-soc-video-kit-reference-design_READ_WRITE/VKPFSOC_JPEG_WRITE_READ/component/work/PF_OSC_C0/PF_OSC_C0_0/PF_OSC_C0_PF_OSC_C0_0_PF_OSC.v (N/A, 2026-04-28 14:59:11) <-- (may instantiate this module)
                        /home/ahlemzenache/Documents/polarfire-soc-video-kit-reference-design_READ_WRITE/VKPFSOC_JPEG_WRITE_READ/component/work/PF_XCVR_REF_CLK_C0/PF_XCVR_REF_CLK_C0.v (N/A, 2026-04-28 14:59:12) <-- (may instantiate this module)
                        /home/ahlemzenache/Documents/polarfire-soc-video-kit-reference-design_READ_WRITE/VKPFSOC_JPEG_WRITE_READ/component/work/PF_XCVR_REF_CLK_C0/PF_XCVR_REF_CLK_C0_0/PF_XCVR_REF_CLK_C0_PF_XCVR_REF_CLK_C0_0_PF_XCVR_REF_CLK.v (N/A, 2026-04-28 14:59:12) <-- (may instantiate this module)
                        /home/ahlemzenache/Documents/polarfire-soc-video-kit-reference-design_READ_WRITE/VKPFSOC_JPEG_WRITE_READ/component/work/VKPFSOC_TOP/VKPFSOC_TOP.v (N/A, 2026-04-28 15:17:39) <-- (may instantiate this module)
99       work.XCVR_PIPE_AXI0.verilog may have changed because the following files changed:
                        /home/ahlemzenache/Documents/polarfire-soc-video-kit-reference-design_READ_WRITE/VKPFSOC_JPEG_WRITE_READ/component/syn_comps.v (N/A, 2026-05-03 09:04:16) <-- (module definition)
                        /home/ahlemzenache/Documents/polarfire-soc-video-kit-reference-design_READ_WRITE/VKPFSOC_JPEG_WRITE_READ/component/work/CLOCKS_AND_RESETS/CLOCKS_AND_RESETS.v (N/A, 2026-04-28 14:59:15) <-- (may instantiate this module)
                        /home/ahlemzenache/Documents/polarfire-soc-video-kit-reference-design_READ_WRITE/VKPFSOC_JPEG_WRITE_READ/component/work/INIT_MONITOR/INIT_MONITOR.v (N/A, 2026-04-28 14:59:09) <-- (may instantiate this module)
                        /home/ahlemzenache/Documents/polarfire-soc-video-kit-reference-design_READ_WRITE/VKPFSOC_JPEG_WRITE_READ/component/work/INIT_MONITOR/INIT_MONITOR_0/INIT_MONITOR_INIT_MONITOR_0_PFSOC_INIT_MONITOR.v (N/A, 2026-04-28 14:59:09) <-- (may instantiate this module)
                        /home/ahlemzenache/Documents/polarfire-soc-video-kit-reference-design_READ_WRITE/VKPFSOC_JPEG_WRITE_READ/component/work/PF_CCC_C0/PF_CCC_C0.v (N/A, 2026-04-28 14:59:10) <-- (may instantiate this module)
                        /home/ahlemzenache/Documents/polarfire-soc-video-kit-reference-design_READ_WRITE/VKPFSOC_JPEG_WRITE_READ/component/work/PF_CCC_C0/PF_CCC_C0_0/PF_CCC_C0_PF_CCC_C0_0_PF_CCC.v (N/A, 2026-04-28 14:59:10) <-- (may instantiate this module)
                        /home/ahlemzenache/Documents/polarfire-soc-video-kit-reference-design_READ_WRITE/VKPFSOC_JPEG_WRITE_READ/component/work/PF_CLK_DIV_C0/PF_CLK_DIV_C0.v (N/A, 2026-04-28 14:59:11) <-- (may instantiate this module)
                        /home/ahlemzenache/Documents/polarfire-soc-video-kit-reference-design_READ_WRITE/VKPFSOC_JPEG_WRITE_READ/component/work/PF_CLK_DIV_C0/PF_CLK_DIV_C0_0/PF_CLK_DIV_C0_PF_CLK_DIV_C0_0_PF_CLK_DIV.v (N/A, 2026-04-28 14:59:11) <-- (may instantiate this module)
                        /home/ahlemzenache/Documents/polarfire-soc-video-kit-reference-design_READ_WRITE/VKPFSOC_JPEG_WRITE_READ/component/work/PF_OSC_C0/PF_OSC_C0.v (N/A, 2026-04-28 14:59:11) <-- (may instantiate this module)
                        /home/ahlemzenache/Documents/polarfire-soc-video-kit-reference-design_READ_WRITE/VKPFSOC_JPEG_WRITE_READ/component/work/PF_OSC_C0/PF_OSC_C0_0/PF_OSC_C0_PF_OSC_C0_0_PF_OSC.v (N/A, 2026-04-28 14:59:11) <-- (may instantiate this module)
                        /home/ahlemzenache/Documents/polarfire-soc-video-kit-reference-design_READ_WRITE/VKPFSOC_JPEG_WRITE_READ/component/work/PF_XCVR_REF_CLK_C0/PF_XCVR_REF_CLK_C0.v (N/A, 2026-04-28 14:59:12) <-- (may instantiate this module)
                        /home/ahlemzenache/Documents/polarfire-soc-video-kit-reference-design_READ_WRITE/VKPFSOC_JPEG_WRITE_READ/component/work/PF_XCVR_REF_CLK_C0/PF_XCVR_REF_CLK_C0_0/PF_XCVR_REF_CLK_C0_PF_XCVR_REF_CLK_C0_0_PF_XCVR_REF_CLK.v (N/A, 2026-04-28 14:59:12) <-- (may instantiate this module)
                        /home/ahlemzenache/Documents/polarfire-soc-video-kit-reference-design_READ_WRITE/VKPFSOC_JPEG_WRITE_READ/component/work/VKPFSOC_TOP/VKPFSOC_TOP.v (N/A, 2026-04-28 15:17:39) <-- (may instantiate this module)
100      work.XCVR_PIPE_AXI1.verilog may have changed because the following files changed:
                        /home/ahlemzenache/Documents/polarfire-soc-video-kit-reference-design_READ_WRITE/VKPFSOC_JPEG_WRITE_READ/component/syn_comps.v (N/A, 2026-05-03 09:04:16) <-- (module definition)
                        /home/ahlemzenache/Documents/polarfire-soc-video-kit-reference-design_READ_WRITE/VKPFSOC_JPEG_WRITE_READ/component/work/CLOCKS_AND_RESETS/CLOCKS_AND_RESETS.v (N/A, 2026-04-28 14:59:15) <-- (may instantiate this module)
                        /home/ahlemzenache/Documents/polarfire-soc-video-kit-reference-design_READ_WRITE/VKPFSOC_JPEG_WRITE_READ/component/work/INIT_MONITOR/INIT_MONITOR.v (N/A, 2026-04-28 14:59:09) <-- (may instantiate this module)
                        /home/ahlemzenache/Documents/polarfire-soc-video-kit-reference-design_READ_WRITE/VKPFSOC_JPEG_WRITE_READ/component/work/INIT_MONITOR/INIT_MONITOR_0/INIT_MONITOR_INIT_MONITOR_0_PFSOC_INIT_MONITOR.v (N/A, 2026-04-28 14:59:09) <-- (may instantiate this module)
                        /home/ahlemzenache/Documents/polarfire-soc-video-kit-reference-design_READ_WRITE/VKPFSOC_JPEG_WRITE_READ/component/work/PF_CCC_C0/PF_CCC_C0.v (N/A, 2026-04-28 14:59:10) <-- (may instantiate this module)
                        /home/ahlemzenache/Documents/polarfire-soc-video-kit-reference-design_READ_WRITE/VKPFSOC_JPEG_WRITE_READ/component/work/PF_CCC_C0/PF_CCC_C0_0/PF_CCC_C0_PF_CCC_C0_0_PF_CCC.v (N/A, 2026-04-28 14:59:10) <-- (may instantiate this module)
                        /home/ahlemzenache/Documents/polarfire-soc-video-kit-reference-design_READ_WRITE/VKPFSOC_JPEG_WRITE_READ/component/work/PF_CLK_DIV_C0/PF_CLK_DIV_C0.v (N/A, 2026-04-28 14:59:11) <-- (may instantiate this module)
                        /home/ahlemzenache/Documents/polarfire-soc-video-kit-reference-design_READ_WRITE/VKPFSOC_JPEG_WRITE_READ/component/work/PF_CLK_DIV_C0/PF_CLK_DIV_C0_0/PF_CLK_DIV_C0_PF_CLK_DIV_C0_0_PF_CLK_DIV.v (N/A, 2026-04-28 14:59:11) <-- (may instantiate this module)
                        /home/ahlemzenache/Documents/polarfire-soc-video-kit-reference-design_READ_WRITE/VKPFSOC_JPEG_WRITE_READ/component/work/PF_OSC_C0/PF_OSC_C0.v (N/A, 2026-04-28 14:59:11) <-- (may instantiate this module)
                        /home/ahlemzenache/Documents/polarfire-soc-video-kit-reference-design_READ_WRITE/VKPFSOC_JPEG_WRITE_READ/component/work/PF_OSC_C0/PF_OSC_C0_0/PF_OSC_C0_PF_OSC_C0_0_PF_OSC.v (N/A, 2026-04-28 14:59:11) <-- (may instantiate this module)
                        /home/ahlemzenache/Documents/polarfire-soc-video-kit-reference-design_READ_WRITE/VKPFSOC_JPEG_WRITE_READ/component/work/PF_XCVR_REF_CLK_C0/PF_XCVR_REF_CLK_C0.v (N/A, 2026-04-28 14:59:12) <-- (may instantiate this module)
                        /home/ahlemzenache/Documents/polarfire-soc-video-kit-reference-design_READ_WRITE/VKPFSOC_JPEG_WRITE_READ/component/work/PF_XCVR_REF_CLK_C0/PF_XCVR_REF_CLK_C0_0/PF_XCVR_REF_CLK_C0_PF_XCVR_REF_CLK_C0_0_PF_XCVR_REF_CLK.v (N/A, 2026-04-28 14:59:12) <-- (may instantiate this module)
                        /home/ahlemzenache/Documents/polarfire-soc-video-kit-reference-design_READ_WRITE/VKPFSOC_JPEG_WRITE_READ/component/work/VKPFSOC_TOP/VKPFSOC_TOP.v (N/A, 2026-04-28 15:17:39) <-- (may instantiate this module)
101      work.XCVR_PMA.verilog may have changed because the following files changed:
                        /home/ahlemzenache/Documents/polarfire-soc-video-kit-reference-design_READ_WRITE/VKPFSOC_JPEG_WRITE_READ/component/syn_comps.v (N/A, 2026-05-03 09:04:16) <-- (module definition)
                        /home/ahlemzenache/Documents/polarfire-soc-video-kit-reference-design_READ_WRITE/VKPFSOC_JPEG_WRITE_READ/component/work/CLOCKS_AND_RESETS/CLOCKS_AND_RESETS.v (N/A, 2026-04-28 14:59:15) <-- (may instantiate this module)
                        /home/ahlemzenache/Documents/polarfire-soc-video-kit-reference-design_READ_WRITE/VKPFSOC_JPEG_WRITE_READ/component/work/INIT_MONITOR/INIT_MONITOR.v (N/A, 2026-04-28 14:59:09) <-- (may instantiate this module)
                        /home/ahlemzenache/Documents/polarfire-soc-video-kit-reference-design_READ_WRITE/VKPFSOC_JPEG_WRITE_READ/component/work/INIT_MONITOR/INIT_MONITOR_0/INIT_MONITOR_INIT_MONITOR_0_PFSOC_INIT_MONITOR.v (N/A, 2026-04-28 14:59:09) <-- (may instantiate this module)
                        /home/ahlemzenache/Documents/polarfire-soc-video-kit-reference-design_READ_WRITE/VKPFSOC_JPEG_WRITE_READ/component/work/PF_CCC_C0/PF_CCC_C0.v (N/A, 2026-04-28 14:59:10) <-- (may instantiate this module)
                        /home/ahlemzenache/Documents/polarfire-soc-video-kit-reference-design_READ_WRITE/VKPFSOC_JPEG_WRITE_READ/component/work/PF_CCC_C0/PF_CCC_C0_0/PF_CCC_C0_PF_CCC_C0_0_PF_CCC.v (N/A, 2026-04-28 14:59:10) <-- (may instantiate this module)
                        /home/ahlemzenache/Documents/polarfire-soc-video-kit-reference-design_READ_WRITE/VKPFSOC_JPEG_WRITE_READ/component/work/PF_CLK_DIV_C0/PF_CLK_DIV_C0.v (N/A, 2026-04-28 14:59:11) <-- (may instantiate this module)
                        /home/ahlemzenache/Documents/polarfire-soc-video-kit-reference-design_READ_WRITE/VKPFSOC_JPEG_WRITE_READ/component/work/PF_CLK_DIV_C0/PF_CLK_DIV_C0_0/PF_CLK_DIV_C0_PF_CLK_DIV_C0_0_PF_CLK_DIV.v (N/A, 2026-04-28 14:59:11) <-- (may instantiate this module)
                        /home/ahlemzenache/Documents/polarfire-soc-video-kit-reference-design_READ_WRITE/VKPFSOC_JPEG_WRITE_READ/component/work/PF_OSC_C0/PF_OSC_C0.v (N/A, 2026-04-28 14:59:11) <-- (may instantiate this module)
                        /home/ahlemzenache/Documents/polarfire-soc-video-kit-reference-design_READ_WRITE/VKPFSOC_JPEG_WRITE_READ/component/work/PF_OSC_C0/PF_OSC_C0_0/PF_OSC_C0_PF_OSC_C0_0_PF_OSC.v (N/A, 2026-04-28 14:59:11) <-- (may instantiate this module)
                        /home/ahlemzenache/Documents/polarfire-soc-video-kit-reference-design_READ_WRITE/VKPFSOC_JPEG_WRITE_READ/component/work/PF_XCVR_REF_CLK_C0/PF_XCVR_REF_CLK_C0.v (N/A, 2026-04-28 14:59:12) <-- (may instantiate this module)
                        /home/ahlemzenache/Documents/polarfire-soc-video-kit-reference-design_READ_WRITE/VKPFSOC_JPEG_WRITE_READ/component/work/PF_XCVR_REF_CLK_C0/PF_XCVR_REF_CLK_C0_0/PF_XCVR_REF_CLK_C0_PF_XCVR_REF_CLK_C0_0_PF_XCVR_REF_CLK.v (N/A, 2026-04-28 14:59:12) <-- (may instantiate this module)
                        /home/ahlemzenache/Documents/polarfire-soc-video-kit-reference-design_READ_WRITE/VKPFSOC_JPEG_WRITE_READ/component/work/VKPFSOC_TOP/VKPFSOC_TOP.v (N/A, 2026-04-28 15:17:39) <-- (may instantiate this module)
102      work.XCVR_REF_CLK.verilog may have changed because the following files changed:
                        /home/ahlemzenache/Documents/polarfire-soc-video-kit-reference-design_READ_WRITE/VKPFSOC_JPEG_WRITE_READ/component/syn_comps.v (N/A, 2026-05-03 09:04:16) <-- (module definition)
                        /home/ahlemzenache/Documents/polarfire-soc-video-kit-reference-design_READ_WRITE/VKPFSOC_JPEG_WRITE_READ/component/work/CLOCKS_AND_RESETS/CLOCKS_AND_RESETS.v (N/A, 2026-04-28 14:59:15) <-- (may instantiate this module)
                        /home/ahlemzenache/Documents/polarfire-soc-video-kit-reference-design_READ_WRITE/VKPFSOC_JPEG_WRITE_READ/component/work/INIT_MONITOR/INIT_MONITOR.v (N/A, 2026-04-28 14:59:09) <-- (may instantiate this module)
                        /home/ahlemzenache/Documents/polarfire-soc-video-kit-reference-design_READ_WRITE/VKPFSOC_JPEG_WRITE_READ/component/work/INIT_MONITOR/INIT_MONITOR_0/INIT_MONITOR_INIT_MONITOR_0_PFSOC_INIT_MONITOR.v (N/A, 2026-04-28 14:59:09) <-- (may instantiate this module)
                        /home/ahlemzenache/Documents/polarfire-soc-video-kit-reference-design_READ_WRITE/VKPFSOC_JPEG_WRITE_READ/component/work/PF_CCC_C0/PF_CCC_C0.v (N/A, 2026-04-28 14:59:10) <-- (may instantiate this module)
                        /home/ahlemzenache/Documents/polarfire-soc-video-kit-reference-design_READ_WRITE/VKPFSOC_JPEG_WRITE_READ/component/work/PF_CCC_C0/PF_CCC_C0_0/PF_CCC_C0_PF_CCC_C0_0_PF_CCC.v (N/A, 2026-04-28 14:59:10) <-- (may instantiate this module)
                        /home/ahlemzenache/Documents/polarfire-soc-video-kit-reference-design_READ_WRITE/VKPFSOC_JPEG_WRITE_READ/component/work/PF_CLK_DIV_C0/PF_CLK_DIV_C0.v (N/A, 2026-04-28 14:59:11) <-- (may instantiate this module)
                        /home/ahlemzenache/Documents/polarfire-soc-video-kit-reference-design_READ_WRITE/VKPFSOC_JPEG_WRITE_READ/component/work/PF_CLK_DIV_C0/PF_CLK_DIV_C0_0/PF_CLK_DIV_C0_PF_CLK_DIV_C0_0_PF_CLK_DIV.v (N/A, 2026-04-28 14:59:11) <-- (may instantiate this module)
                        /home/ahlemzenache/Documents/polarfire-soc-video-kit-reference-design_READ_WRITE/VKPFSOC_JPEG_WRITE_READ/component/work/PF_OSC_C0/PF_OSC_C0.v (N/A, 2026-04-28 14:59:11) <-- (may instantiate this module)
                        /home/ahlemzenache/Documents/polarfire-soc-video-kit-reference-design_READ_WRITE/VKPFSOC_JPEG_WRITE_READ/component/work/PF_OSC_C0/PF_OSC_C0_0/PF_OSC_C0_PF_OSC_C0_0_PF_OSC.v (N/A, 2026-04-28 14:59:11) <-- (may instantiate this module)
                        /home/ahlemzenache/Documents/polarfire-soc-video-kit-reference-design_READ_WRITE/VKPFSOC_JPEG_WRITE_READ/component/work/PF_XCVR_REF_CLK_C0/PF_XCVR_REF_CLK_C0.v (N/A, 2026-04-28 14:59:12) <-- (may instantiate this module)
                        /home/ahlemzenache/Documents/polarfire-soc-video-kit-reference-design_READ_WRITE/VKPFSOC_JPEG_WRITE_READ/component/work/PF_XCVR_REF_CLK_C0/PF_XCVR_REF_CLK_C0_0/PF_XCVR_REF_CLK_C0_PF_XCVR_REF_CLK_C0_0_PF_XCVR_REF_CLK.v (N/A, 2026-04-28 14:59:12) <-- (may instantiate this module)
                        /home/ahlemzenache/Documents/polarfire-soc-video-kit-reference-design_READ_WRITE/VKPFSOC_JPEG_WRITE_READ/component/work/VKPFSOC_TOP/VKPFSOC_TOP.v (N/A, 2026-04-28 15:17:39) <-- (may instantiate this module)
103      work.XCVR_REF_CLK_N.verilog may have changed because the following files changed:
                        /home/ahlemzenache/Documents/polarfire-soc-video-kit-reference-design_READ_WRITE/VKPFSOC_JPEG_WRITE_READ/component/syn_comps.v (N/A, 2026-05-03 09:04:16) <-- (module definition)
                        /home/ahlemzenache/Documents/polarfire-soc-video-kit-reference-design_READ_WRITE/VKPFSOC_JPEG_WRITE_READ/component/work/CLOCKS_AND_RESETS/CLOCKS_AND_RESETS.v (N/A, 2026-04-28 14:59:15) <-- (may instantiate this module)
                        /home/ahlemzenache/Documents/polarfire-soc-video-kit-reference-design_READ_WRITE/VKPFSOC_JPEG_WRITE_READ/component/work/INIT_MONITOR/INIT_MONITOR.v (N/A, 2026-04-28 14:59:09) <-- (may instantiate this module)
                        /home/ahlemzenache/Documents/polarfire-soc-video-kit-reference-design_READ_WRITE/VKPFSOC_JPEG_WRITE_READ/component/work/INIT_MONITOR/INIT_MONITOR_0/INIT_MONITOR_INIT_MONITOR_0_PFSOC_INIT_MONITOR.v (N/A, 2026-04-28 14:59:09) <-- (may instantiate this module)
                        /home/ahlemzenache/Documents/polarfire-soc-video-kit-reference-design_READ_WRITE/VKPFSOC_JPEG_WRITE_READ/component/work/PF_CCC_C0/PF_CCC_C0.v (N/A, 2026-04-28 14:59:10) <-- (may instantiate this module)
                        /home/ahlemzenache/Documents/polarfire-soc-video-kit-reference-design_READ_WRITE/VKPFSOC_JPEG_WRITE_READ/component/work/PF_CCC_C0/PF_CCC_C0_0/PF_CCC_C0_PF_CCC_C0_0_PF_CCC.v (N/A, 2026-04-28 14:59:10) <-- (may instantiate this module)
                        /home/ahlemzenache/Documents/polarfire-soc-video-kit-reference-design_READ_WRITE/VKPFSOC_JPEG_WRITE_READ/component/work/PF_CLK_DIV_C0/PF_CLK_DIV_C0.v (N/A, 2026-04-28 14:59:11) <-- (may instantiate this module)
                        /home/ahlemzenache/Documents/polarfire-soc-video-kit-reference-design_READ_WRITE/VKPFSOC_JPEG_WRITE_READ/component/work/PF_CLK_DIV_C0/PF_CLK_DIV_C0_0/PF_CLK_DIV_C0_PF_CLK_DIV_C0_0_PF_CLK_DIV.v (N/A, 2026-04-28 14:59:11) <-- (may instantiate this module)
                        /home/ahlemzenache/Documents/polarfire-soc-video-kit-reference-design_READ_WRITE/VKPFSOC_JPEG_WRITE_READ/component/work/PF_OSC_C0/PF_OSC_C0.v (N/A, 2026-04-28 14:59:11) <-- (may instantiate this module)
                        /home/ahlemzenache/Documents/polarfire-soc-video-kit-reference-design_READ_WRITE/VKPFSOC_JPEG_WRITE_READ/component/work/PF_OSC_C0/PF_OSC_C0_0/PF_OSC_C0_PF_OSC_C0_0_PF_OSC.v (N/A, 2026-04-28 14:59:11) <-- (may instantiate this module)
                        /home/ahlemzenache/Documents/polarfire-soc-video-kit-reference-design_READ_WRITE/VKPFSOC_JPEG_WRITE_READ/component/work/PF_XCVR_REF_CLK_C0/PF_XCVR_REF_CLK_C0.v (N/A, 2026-04-28 14:59:12) <-- (may instantiate this module)
                        /home/ahlemzenache/Documents/polarfire-soc-video-kit-reference-design_READ_WRITE/VKPFSOC_JPEG_WRITE_READ/component/work/PF_XCVR_REF_CLK_C0/PF_XCVR_REF_CLK_C0_0/PF_XCVR_REF_CLK_C0_PF_XCVR_REF_CLK_C0_0_PF_XCVR_REF_CLK.v (N/A, 2026-04-28 14:59:12) <-- (may instantiate this module)
                        /home/ahlemzenache/Documents/polarfire-soc-video-kit-reference-design_READ_WRITE/VKPFSOC_JPEG_WRITE_READ/component/work/VKPFSOC_TOP/VKPFSOC_TOP.v (N/A, 2026-04-28 15:17:39) <-- (may instantiate this module)
104      work.XCVR_REF_CLK_P.verilog may have changed because the following files changed:
                        /home/ahlemzenache/Documents/polarfire-soc-video-kit-reference-design_READ_WRITE/VKPFSOC_JPEG_WRITE_READ/component/syn_comps.v (N/A, 2026-05-03 09:04:16) <-- (module definition)
                        /home/ahlemzenache/Documents/polarfire-soc-video-kit-reference-design_READ_WRITE/VKPFSOC_JPEG_WRITE_READ/component/work/CLOCKS_AND_RESETS/CLOCKS_AND_RESETS.v (N/A, 2026-04-28 14:59:15) <-- (may instantiate this module)
                        /home/ahlemzenache/Documents/polarfire-soc-video-kit-reference-design_READ_WRITE/VKPFSOC_JPEG_WRITE_READ/component/work/INIT_MONITOR/INIT_MONITOR.v (N/A, 2026-04-28 14:59:09) <-- (may instantiate this module)
                        /home/ahlemzenache/Documents/polarfire-soc-video-kit-reference-design_READ_WRITE/VKPFSOC_JPEG_WRITE_READ/component/work/INIT_MONITOR/INIT_MONITOR_0/INIT_MONITOR_INIT_MONITOR_0_PFSOC_INIT_MONITOR.v (N/A, 2026-04-28 14:59:09) <-- (may instantiate this module)
                        /home/ahlemzenache/Documents/polarfire-soc-video-kit-reference-design_READ_WRITE/VKPFSOC_JPEG_WRITE_READ/component/work/PF_CCC_C0/PF_CCC_C0.v (N/A, 2026-04-28 14:59:10) <-- (may instantiate this module)
                        /home/ahlemzenache/Documents/polarfire-soc-video-kit-reference-design_READ_WRITE/VKPFSOC_JPEG_WRITE_READ/component/work/PF_CCC_C0/PF_CCC_C0_0/PF_CCC_C0_PF_CCC_C0_0_PF_CCC.v (N/A, 2026-04-28 14:59:10) <-- (may instantiate this module)
                        /home/ahlemzenache/Documents/polarfire-soc-video-kit-reference-design_READ_WRITE/VKPFSOC_JPEG_WRITE_READ/component/work/PF_CLK_DIV_C0/PF_CLK_DIV_C0.v (N/A, 2026-04-28 14:59:11) <-- (may instantiate this module)
                        /home/ahlemzenache/Documents/polarfire-soc-video-kit-reference-design_READ_WRITE/VKPFSOC_JPEG_WRITE_READ/component/work/PF_CLK_DIV_C0/PF_CLK_DIV_C0_0/PF_CLK_DIV_C0_PF_CLK_DIV_C0_0_PF_CLK_DIV.v (N/A, 2026-04-28 14:59:11) <-- (may instantiate this module)
                        /home/ahlemzenache/Documents/polarfire-soc-video-kit-reference-design_READ_WRITE/VKPFSOC_JPEG_WRITE_READ/component/work/PF_OSC_C0/PF_OSC_C0.v (N/A, 2026-04-28 14:59:11) <-- (may instantiate this module)
                        /home/ahlemzenache/Documents/polarfire-soc-video-kit-reference-design_READ_WRITE/VKPFSOC_JPEG_WRITE_READ/component/work/PF_OSC_C0/PF_OSC_C0_0/PF_OSC_C0_PF_OSC_C0_0_PF_OSC.v (N/A, 2026-04-28 14:59:11) <-- (may instantiate this module)
                        /home/ahlemzenache/Documents/polarfire-soc-video-kit-reference-design_READ_WRITE/VKPFSOC_JPEG_WRITE_READ/component/work/PF_XCVR_REF_CLK_C0/PF_XCVR_REF_CLK_C0.v (N/A, 2026-04-28 14:59:12) <-- (may instantiate this module)
                        /home/ahlemzenache/Documents/polarfire-soc-video-kit-reference-design_READ_WRITE/VKPFSOC_JPEG_WRITE_READ/component/work/PF_XCVR_REF_CLK_C0/PF_XCVR_REF_CLK_C0_0/PF_XCVR_REF_CLK_C0_PF_XCVR_REF_CLK_C0_0_PF_XCVR_REF_CLK.v (N/A, 2026-04-28 14:59:12) <-- (may instantiate this module)
                        /home/ahlemzenache/Documents/polarfire-soc-video-kit-reference-design_READ_WRITE/VKPFSOC_JPEG_WRITE_READ/component/work/VKPFSOC_TOP/VKPFSOC_TOP.v (N/A, 2026-04-28 15:17:39) <-- (may instantiate this module)
105      work.XCVR_TEST.verilog may have changed because the following files changed:
                        /home/ahlemzenache/Documents/polarfire-soc-video-kit-reference-design_READ_WRITE/VKPFSOC_JPEG_WRITE_READ/component/syn_comps.v (N/A, 2026-05-03 09:04:16) <-- (module definition)
                        /home/ahlemzenache/Documents/polarfire-soc-video-kit-reference-design_READ_WRITE/VKPFSOC_JPEG_WRITE_READ/component/work/CLOCKS_AND_RESETS/CLOCKS_AND_RESETS.v (N/A, 2026-04-28 14:59:15) <-- (may instantiate this module)
                        /home/ahlemzenache/Documents/polarfire-soc-video-kit-reference-design_READ_WRITE/VKPFSOC_JPEG_WRITE_READ/component/work/INIT_MONITOR/INIT_MONITOR.v (N/A, 2026-04-28 14:59:09) <-- (may instantiate this module)
                        /home/ahlemzenache/Documents/polarfire-soc-video-kit-reference-design_READ_WRITE/VKPFSOC_JPEG_WRITE_READ/component/work/INIT_MONITOR/INIT_MONITOR_0/INIT_MONITOR_INIT_MONITOR_0_PFSOC_INIT_MONITOR.v (N/A, 2026-04-28 14:59:09) <-- (may instantiate this module)
                        /home/ahlemzenache/Documents/polarfire-soc-video-kit-reference-design_READ_WRITE/VKPFSOC_JPEG_WRITE_READ/component/work/PF_CCC_C0/PF_CCC_C0.v (N/A, 2026-04-28 14:59:10) <-- (may instantiate this module)
                        /home/ahlemzenache/Documents/polarfire-soc-video-kit-reference-design_READ_WRITE/VKPFSOC_JPEG_WRITE_READ/component/work/PF_CCC_C0/PF_CCC_C0_0/PF_CCC_C0_PF_CCC_C0_0_PF_CCC.v (N/A, 2026-04-28 14:59:10) <-- (may instantiate this module)
                        /home/ahlemzenache/Documents/polarfire-soc-video-kit-reference-design_READ_WRITE/VKPFSOC_JPEG_WRITE_READ/component/work/PF_CLK_DIV_C0/PF_CLK_DIV_C0.v (N/A, 2026-04-28 14:59:11) <-- (may instantiate this module)
                        /home/ahlemzenache/Documents/polarfire-soc-video-kit-reference-design_READ_WRITE/VKPFSOC_JPEG_WRITE_READ/component/work/PF_CLK_DIV_C0/PF_CLK_DIV_C0_0/PF_CLK_DIV_C0_PF_CLK_DIV_C0_0_PF_CLK_DIV.v (N/A, 2026-04-28 14:59:11) <-- (may instantiate this module)
                        /home/ahlemzenache/Documents/polarfire-soc-video-kit-reference-design_READ_WRITE/VKPFSOC_JPEG_WRITE_READ/component/work/PF_OSC_C0/PF_OSC_C0.v (N/A, 2026-04-28 14:59:11) <-- (may instantiate this module)
                        /home/ahlemzenache/Documents/polarfire-soc-video-kit-reference-design_READ_WRITE/VKPFSOC_JPEG_WRITE_READ/component/work/PF_OSC_C0/PF_OSC_C0_0/PF_OSC_C0_PF_OSC_C0_0_PF_OSC.v (N/A, 2026-04-28 14:59:11) <-- (may instantiate this module)
                        /home/ahlemzenache/Documents/polarfire-soc-video-kit-reference-design_READ_WRITE/VKPFSOC_JPEG_WRITE_READ/component/work/PF_XCVR_REF_CLK_C0/PF_XCVR_REF_CLK_C0.v (N/A, 2026-04-28 14:59:12) <-- (may instantiate this module)
                        /home/ahlemzenache/Documents/polarfire-soc-video-kit-reference-design_READ_WRITE/VKPFSOC_JPEG_WRITE_READ/component/work/PF_XCVR_REF_CLK_C0/PF_XCVR_REF_CLK_C0_0/PF_XCVR_REF_CLK_C0_PF_XCVR_REF_CLK_C0_0_PF_XCVR_REF_CLK.v (N/A, 2026-04-28 14:59:12) <-- (may instantiate this module)
                        /home/ahlemzenache/Documents/polarfire-soc-video-kit-reference-design_READ_WRITE/VKPFSOC_JPEG_WRITE_READ/component/work/VKPFSOC_TOP/VKPFSOC_TOP.v (N/A, 2026-04-28 15:17:39) <-- (may instantiate this module)
106      work.XCVR_VV.verilog may have changed because the following files changed:
                        /home/ahlemzenache/Documents/polarfire-soc-video-kit-reference-design_READ_WRITE/VKPFSOC_JPEG_WRITE_READ/component/syn_comps.v (N/A, 2026-05-03 09:04:16) <-- (module definition)
                        /home/ahlemzenache/Documents/polarfire-soc-video-kit-reference-design_READ_WRITE/VKPFSOC_JPEG_WRITE_READ/component/work/CLOCKS_AND_RESETS/CLOCKS_AND_RESETS.v (N/A, 2026-04-28 14:59:15) <-- (may instantiate this module)
                        /home/ahlemzenache/Documents/polarfire-soc-video-kit-reference-design_READ_WRITE/VKPFSOC_JPEG_WRITE_READ/component/work/INIT_MONITOR/INIT_MONITOR.v (N/A, 2026-04-28 14:59:09) <-- (may instantiate this module)
                        /home/ahlemzenache/Documents/polarfire-soc-video-kit-reference-design_READ_WRITE/VKPFSOC_JPEG_WRITE_READ/component/work/INIT_MONITOR/INIT_MONITOR_0/INIT_MONITOR_INIT_MONITOR_0_PFSOC_INIT_MONITOR.v (N/A, 2026-04-28 14:59:09) <-- (may instantiate this module)
                        /home/ahlemzenache/Documents/polarfire-soc-video-kit-reference-design_READ_WRITE/VKPFSOC_JPEG_WRITE_READ/component/work/PF_CCC_C0/PF_CCC_C0.v (N/A, 2026-04-28 14:59:10) <-- (may instantiate this module)
                        /home/ahlemzenache/Documents/polarfire-soc-video-kit-reference-design_READ_WRITE/VKPFSOC_JPEG_WRITE_READ/component/work/PF_CCC_C0/PF_CCC_C0_0/PF_CCC_C0_PF_CCC_C0_0_PF_CCC.v (N/A, 2026-04-28 14:59:10) <-- (may instantiate this module)
                        /home/ahlemzenache/Documents/polarfire-soc-video-kit-reference-design_READ_WRITE/VKPFSOC_JPEG_WRITE_READ/component/work/PF_CLK_DIV_C0/PF_CLK_DIV_C0.v (N/A, 2026-04-28 14:59:11) <-- (may instantiate this module)
                        /home/ahlemzenache/Documents/polarfire-soc-video-kit-reference-design_READ_WRITE/VKPFSOC_JPEG_WRITE_READ/component/work/PF_CLK_DIV_C0/PF_CLK_DIV_C0_0/PF_CLK_DIV_C0_PF_CLK_DIV_C0_0_PF_CLK_DIV.v (N/A, 2026-04-28 14:59:11) <-- (may instantiate this module)
                        /home/ahlemzenache/Documents/polarfire-soc-video-kit-reference-design_READ_WRITE/VKPFSOC_JPEG_WRITE_READ/component/work/PF_OSC_C0/PF_OSC_C0.v (N/A, 2026-04-28 14:59:11) <-- (may instantiate this module)
                        /home/ahlemzenache/Documents/polarfire-soc-video-kit-reference-design_READ_WRITE/VKPFSOC_JPEG_WRITE_READ/component/work/PF_OSC_C0/PF_OSC_C0_0/PF_OSC_C0_PF_OSC_C0_0_PF_OSC.v (N/A, 2026-04-28 14:59:11) <-- (may instantiate this module)
                        /home/ahlemzenache/Documents/polarfire-soc-video-kit-reference-design_READ_WRITE/VKPFSOC_JPEG_WRITE_READ/component/work/PF_XCVR_REF_CLK_C0/PF_XCVR_REF_CLK_C0.v (N/A, 2026-04-28 14:59:12) <-- (may instantiate this module)
                        /home/ahlemzenache/Documents/polarfire-soc-video-kit-reference-design_READ_WRITE/VKPFSOC_JPEG_WRITE_READ/component/work/PF_XCVR_REF_CLK_C0/PF_XCVR_REF_CLK_C0_0/PF_XCVR_REF_CLK_C0_PF_XCVR_REF_CLK_C0_0_PF_XCVR_REF_CLK.v (N/A, 2026-04-28 14:59:12) <-- (may instantiate this module)
                        /home/ahlemzenache/Documents/polarfire-soc-video-kit-reference-design_READ_WRITE/VKPFSOC_JPEG_WRITE_READ/component/work/VKPFSOC_TOP/VKPFSOC_TOP.v (N/A, 2026-04-28 15:17:39) <-- (may instantiate this module)
107      work.apb_wrapper.verilog may have changed because the following files changed:
                        /home/ahlemzenache/Documents/polarfire-soc-video-kit-reference-design_READ_WRITE/VKPFSOC_JPEG_WRITE_READ/component/work/VKPFSOC_TOP/VKPFSOC_TOP.v (N/A, 2026-04-28 15:17:39) <-- (may instantiate this module)
                        /home/ahlemzenache/Documents/polarfire-soc-video-kit-reference-design_READ_WRITE/VKPFSOC_JPEG_WRITE_READ/component/work/top_ddr_write_read/top_ddr_write_read.v (N/A, 2026-04-28 14:59:32) <-- (may instantiate this module)
                        /home/ahlemzenache/Documents/polarfire-soc-video-kit-reference-design_READ_WRITE/VKPFSOC_JPEG_WRITE_READ/hdl/jpeg_top.v (N/A, 2026-04-28 14:59:06) <-- (may instantiate this module)
                        /home/ahlemzenache/Documents/polarfire-soc-video-kit-reference-design_READ_WRITE/script_support/hdl/JPEG_WRITE_READ/apb_wrapper.v (N/A, 2026-04-26 11:33:56) <-- (module definition)
108      work.data_packer.data_packer may have changed because the following files changed:
                        /home/ahlemzenache/Documents/polarfire-soc-video-kit-reference-design_READ_WRITE/VKPFSOC_JPEG_WRITE_READ/component/work/DDR_WRITE_JPEG/DDR_WRITE_JPEG.v (N/A, 2026-04-28 14:59:25) <-- (may instantiate this module)
                        /home/ahlemzenache/Documents/polarfire-soc-video-kit-reference-design_READ_WRITE/VKPFSOC_JPEG_WRITE_READ/component/work/VKPFSOC_TOP/VKPFSOC_TOP.v (N/A, 2026-04-28 15:17:39) <-- (may instantiate this module)
                        /home/ahlemzenache/Documents/polarfire-soc-video-kit-reference-design_READ_WRITE/VKPFSOC_JPEG_WRITE_READ/component/work/top_ddr_write_read/top_ddr_write_read.v (N/A, 2026-04-28 14:59:32) <-- (may instantiate this module)
                        /home/ahlemzenache/Documents/polarfire-soc-video-kit-reference-design_READ_WRITE/VKPFSOC_JPEG_WRITE_READ/hdl/data_packer.vhd (N/A, 2026-04-28 14:59:05) <-- (architecture and entity definition)
110      work.data_unpacker.verilog may have changed because the following files changed:
                        /home/ahlemzenache/Documents/polarfire-soc-video-kit-reference-design_READ_WRITE/VKPFSOC_JPEG_WRITE_READ/component/Microchip/SolutionCore/DDR_Read/1.2.0/RTL/DDR_Read.v (N/A, 2026-04-28 15:52:07) <-- (may instantiate this module)
                        /home/ahlemzenache/Documents/polarfire-soc-video-kit-reference-design_READ_WRITE/VKPFSOC_JPEG_WRITE_READ/component/Microchip/SolutionCore/DDR_Read/1.2.0/RTL/DDR_Read_Native.v (N/A, 2026-04-28 15:52:07) <-- (may instantiate this module)
                        /home/ahlemzenache/Documents/polarfire-soc-video-kit-reference-design_READ_WRITE/VKPFSOC_JPEG_WRITE_READ/component/Microchip/SolutionCore/DDR_Read/1.2.0/RTL/data_unpacker.v (N/A, 2026-04-28 15:52:07) <-- (module definition)
                        /home/ahlemzenache/Documents/polarfire-soc-video-kit-reference-design_READ_WRITE/VKPFSOC_JPEG_WRITE_READ/component/work/DDR_Read_C0/DDR_Read_C0.v (N/A, 2026-04-28 15:52:07) <-- (may instantiate this module)
                        /home/ahlemzenache/Documents/polarfire-soc-video-kit-reference-design_READ_WRITE/VKPFSOC_JPEG_WRITE_READ/component/work/VKPFSOC_TOP/VKPFSOC_TOP.v (N/A, 2026-04-28 15:17:39) <-- (may instantiate this module)
                        /home/ahlemzenache/Documents/polarfire-soc-video-kit-reference-design_READ_WRITE/VKPFSOC_JPEG_WRITE_READ/component/work/top_ddr_write_read/top_ddr_write_read.v (N/A, 2026-04-28 14:59:32) <-- (may instantiate this module)
111      work.ddr_rw_arbiter.verilog may have changed because the following files changed:
                        /home/ahlemzenache/Documents/polarfire-soc-video-kit-reference-design_READ_WRITE/VKPFSOC_JPEG_WRITE_READ/component/Microchip/SolutionCore/DDR_AXI4_ARBITER_PF/2.2.0/RTL/DDR_AXI4_ARBITER_PF.v (N/A, 2026-04-28 14:59:19) <-- (may instantiate this module)
                        /home/ahlemzenache/Documents/polarfire-soc-video-kit-reference-design_READ_WRITE/VKPFSOC_JPEG_WRITE_READ/component/Microchip/SolutionCore/DDR_AXI4_ARBITER_PF/2.2.0/RTL/DDR_AXI4_ARBITER_PF_Native.v (N/A, 2026-04-28 14:59:19) <-- (may instantiate this module)
                        /home/ahlemzenache/Documents/polarfire-soc-video-kit-reference-design_READ_WRITE/VKPFSOC_JPEG_WRITE_READ/component/Microchip/SolutionCore/DDR_AXI4_ARBITER_PF/2.2.0/RTL/ddr_rw_arbiter.v (N/A, 2026-04-28 14:59:19) <-- (module definition)
                        /home/ahlemzenache/Documents/polarfire-soc-video-kit-reference-design_READ_WRITE/VKPFSOC_JPEG_WRITE_READ/component/work/DDR_AXI4_ARBITER_PF_C0/DDR_AXI4_ARBITER_PF_C0.v (N/A, 2026-04-28 14:59:19) <-- (may instantiate this module)
                        /home/ahlemzenache/Documents/polarfire-soc-video-kit-reference-design_READ_WRITE/VKPFSOC_JPEG_WRITE_READ/component/work/VKPFSOC_TOP/VKPFSOC_TOP.v (N/A, 2026-04-28 15:17:39) <-- (may instantiate this module)
                        /home/ahlemzenache/Documents/polarfire-soc-video-kit-reference-design_READ_WRITE/VKPFSOC_JPEG_WRITE_READ/component/work/top_ddr_write_read/top_ddr_write_read.v (N/A, 2026-04-28 14:59:32) <-- (may instantiate this module)
112      work.ddr_rw_arbiter_C0_ddr_rw_arbiter_C0_0_LSRAM_top.verilog may have changed because the following files changed:
                        /home/ahlemzenache/Documents/polarfire-soc-video-kit-reference-design_READ_WRITE/VKPFSOC_JPEG_WRITE_READ/component/Microchip/SolutionCore/DDR_AXI4_ARBITER_PF/2.2.0/RTL/DDR_AXI4_ARBITER_PF.v (N/A, 2026-04-28 14:59:19) <-- (may instantiate this module)
                        /home/ahlemzenache/Documents/polarfire-soc-video-kit-reference-design_READ_WRITE/VKPFSOC_JPEG_WRITE_READ/component/Microchip/SolutionCore/DDR_AXI4_ARBITER_PF/2.2.0/RTL/DDR_AXI4_ARBITER_PF_Native.v (N/A, 2026-04-28 14:59:19) <-- (may instantiate this module)
                        /home/ahlemzenache/Documents/polarfire-soc-video-kit-reference-design_READ_WRITE/VKPFSOC_JPEG_WRITE_READ/component/Microchip/SolutionCore/DDR_AXI4_ARBITER_PF/2.2.0/RTL/axi_lbus_LSRAM_top.v (N/A, 2026-04-28 14:59:19) <-- (module definition)
                        /home/ahlemzenache/Documents/polarfire-soc-video-kit-reference-design_READ_WRITE/VKPFSOC_JPEG_WRITE_READ/component/Microchip/SolutionCore/DDR_AXI4_ARBITER_PF/2.2.0/RTL/axi_lbus_ram_wrapper.v (N/A, 2026-04-28 14:59:19) <-- (may instantiate this module)
                        /home/ahlemzenache/Documents/polarfire-soc-video-kit-reference-design_READ_WRITE/VKPFSOC_JPEG_WRITE_READ/component/Microchip/SolutionCore/DDR_AXI4_ARBITER_PF/2.2.0/RTL/ddr_rw_arbiter.v (N/A, 2026-04-28 14:59:19) <-- (may instantiate this module)
                        /home/ahlemzenache/Documents/polarfire-soc-video-kit-reference-design_READ_WRITE/VKPFSOC_JPEG_WRITE_READ/component/Microchip/SolutionCore/DDR_AXI4_ARBITER_PF/2.2.0/RTL/video_axi_fifo.v (N/A, 2026-04-28 14:59:19) <-- (may instantiate this module)
                        /home/ahlemzenache/Documents/polarfire-soc-video-kit-reference-design_READ_WRITE/VKPFSOC_JPEG_WRITE_READ/component/work/DDR_AXI4_ARBITER_PF_C0/DDR_AXI4_ARBITER_PF_C0.v (N/A, 2026-04-28 14:59:19) <-- (may instantiate this module)
                        /home/ahlemzenache/Documents/polarfire-soc-video-kit-reference-design_READ_WRITE/VKPFSOC_JPEG_WRITE_READ/component/work/VKPFSOC_TOP/VKPFSOC_TOP.v (N/A, 2026-04-28 15:17:39) <-- (may instantiate this module)
                        /home/ahlemzenache/Documents/polarfire-soc-video-kit-reference-design_READ_WRITE/VKPFSOC_JPEG_WRITE_READ/component/work/top_ddr_write_read/top_ddr_write_read.v (N/A, 2026-04-28 14:59:32) <-- (may instantiate this module)
113      work.ddr_rw_arbiter_C0_ddr_rw_arbiter_C0_0_corefifo_NstagesSync.verilog may have changed because the following files changed:
                        /home/ahlemzenache/Documents/polarfire-soc-video-kit-reference-design_READ_WRITE/VKPFSOC_JPEG_WRITE_READ/component/Microchip/SolutionCore/DDR_AXI4_ARBITER_PF/2.2.0/RTL/DDR_AXI4_ARBITER_PF.v (N/A, 2026-04-28 14:59:19) <-- (may instantiate this module)
                        /home/ahlemzenache/Documents/polarfire-soc-video-kit-reference-design_READ_WRITE/VKPFSOC_JPEG_WRITE_READ/component/Microchip/SolutionCore/DDR_AXI4_ARBITER_PF/2.2.0/RTL/DDR_AXI4_ARBITER_PF_Native.v (N/A, 2026-04-28 14:59:19) <-- (may instantiate this module)
                        /home/ahlemzenache/Documents/polarfire-soc-video-kit-reference-design_READ_WRITE/VKPFSOC_JPEG_WRITE_READ/component/Microchip/SolutionCore/DDR_AXI4_ARBITER_PF/2.2.0/RTL/axi_lbus_corefifo_NstagesSync.v (N/A, 2026-04-28 14:59:19) <-- (module definition)
                        /home/ahlemzenache/Documents/polarfire-soc-video-kit-reference-design_READ_WRITE/VKPFSOC_JPEG_WRITE_READ/component/Microchip/SolutionCore/DDR_AXI4_ARBITER_PF/2.2.0/RTL/axi_lbus_corefifo_async.v (N/A, 2026-04-28 14:59:19) <-- (may instantiate this module)
                        /home/ahlemzenache/Documents/polarfire-soc-video-kit-reference-design_READ_WRITE/VKPFSOC_JPEG_WRITE_READ/component/Microchip/SolutionCore/DDR_AXI4_ARBITER_PF/2.2.0/RTL/ddr_rw_arbiter.v (N/A, 2026-04-28 14:59:19) <-- (may instantiate this module)
                        /home/ahlemzenache/Documents/polarfire-soc-video-kit-reference-design_READ_WRITE/VKPFSOC_JPEG_WRITE_READ/component/Microchip/SolutionCore/DDR_AXI4_ARBITER_PF/2.2.0/RTL/video_axi_fifo.v (N/A, 2026-04-28 14:59:19) <-- (may instantiate this module)
                        /home/ahlemzenache/Documents/polarfire-soc-video-kit-reference-design_READ_WRITE/VKPFSOC_JPEG_WRITE_READ/component/work/DDR_AXI4_ARBITER_PF_C0/DDR_AXI4_ARBITER_PF_C0.v (N/A, 2026-04-28 14:59:19) <-- (may instantiate this module)
                        /home/ahlemzenache/Documents/polarfire-soc-video-kit-reference-design_READ_WRITE/VKPFSOC_JPEG_WRITE_READ/component/work/VKPFSOC_TOP/VKPFSOC_TOP.v (N/A, 2026-04-28 15:17:39) <-- (may instantiate this module)
                        /home/ahlemzenache/Documents/polarfire-soc-video-kit-reference-design_READ_WRITE/VKPFSOC_JPEG_WRITE_READ/component/work/top_ddr_write_read/top_ddr_write_read.v (N/A, 2026-04-28 14:59:32) <-- (may instantiate this module)
114      work.ddr_rw_arbiter_C0_ddr_rw_arbiter_C0_0_corefifo_async.verilog may have changed because the following files changed:
                        /home/ahlemzenache/Documents/polarfire-soc-video-kit-reference-design_READ_WRITE/VKPFSOC_JPEG_WRITE_READ/component/Microchip/SolutionCore/DDR_AXI4_ARBITER_PF/2.2.0/RTL/DDR_AXI4_ARBITER_PF.v (N/A, 2026-04-28 14:59:19) <-- (may instantiate this module)
                        /home/ahlemzenache/Documents/polarfire-soc-video-kit-reference-design_READ_WRITE/VKPFSOC_JPEG_WRITE_READ/component/Microchip/SolutionCore/DDR_AXI4_ARBITER_PF/2.2.0/RTL/DDR_AXI4_ARBITER_PF_Native.v (N/A, 2026-04-28 14:59:19) <-- (may instantiate this module)
                        /home/ahlemzenache/Documents/polarfire-soc-video-kit-reference-design_READ_WRITE/VKPFSOC_JPEG_WRITE_READ/component/Microchip/SolutionCore/DDR_AXI4_ARBITER_PF/2.2.0/RTL/axi_lbus_corefifo_async.v (N/A, 2026-04-28 14:59:19) <-- (module definition)
                        /home/ahlemzenache/Documents/polarfire-soc-video-kit-reference-design_READ_WRITE/VKPFSOC_JPEG_WRITE_READ/component/Microchip/SolutionCore/DDR_AXI4_ARBITER_PF/2.2.0/RTL/ddr_rw_arbiter.v (N/A, 2026-04-28 14:59:19) <-- (may instantiate this module)
                        /home/ahlemzenache/Documents/polarfire-soc-video-kit-reference-design_READ_WRITE/VKPFSOC_JPEG_WRITE_READ/component/Microchip/SolutionCore/DDR_AXI4_ARBITER_PF/2.2.0/RTL/video_axi_fifo.v (N/A, 2026-04-28 14:59:19) <-- (may instantiate this module)
                        /home/ahlemzenache/Documents/polarfire-soc-video-kit-reference-design_READ_WRITE/VKPFSOC_JPEG_WRITE_READ/component/work/DDR_AXI4_ARBITER_PF_C0/DDR_AXI4_ARBITER_PF_C0.v (N/A, 2026-04-28 14:59:19) <-- (may instantiate this module)
                        /home/ahlemzenache/Documents/polarfire-soc-video-kit-reference-design_READ_WRITE/VKPFSOC_JPEG_WRITE_READ/component/work/VKPFSOC_TOP/VKPFSOC_TOP.v (N/A, 2026-04-28 15:17:39) <-- (may instantiate this module)
                        /home/ahlemzenache/Documents/polarfire-soc-video-kit-reference-design_READ_WRITE/VKPFSOC_JPEG_WRITE_READ/component/work/top_ddr_write_read/top_ddr_write_read.v (N/A, 2026-04-28 14:59:32) <-- (may instantiate this module)
115      work.ddr_rw_arbiter_C0_ddr_rw_arbiter_C0_0_corefifo_fwft.verilog may have changed because the following files changed:
                        /home/ahlemzenache/Documents/polarfire-soc-video-kit-reference-design_READ_WRITE/VKPFSOC_JPEG_WRITE_READ/component/Microchip/SolutionCore/DDR_AXI4_ARBITER_PF/2.2.0/RTL/DDR_AXI4_ARBITER_PF.v (N/A, 2026-04-28 14:59:19) <-- (may instantiate this module)
                        /home/ahlemzenache/Documents/polarfire-soc-video-kit-reference-design_READ_WRITE/VKPFSOC_JPEG_WRITE_READ/component/Microchip/SolutionCore/DDR_AXI4_ARBITER_PF/2.2.0/RTL/DDR_AXI4_ARBITER_PF_Native.v (N/A, 2026-04-28 14:59:19) <-- (may instantiate this module)
                        /home/ahlemzenache/Documents/polarfire-soc-video-kit-reference-design_READ_WRITE/VKPFSOC_JPEG_WRITE_READ/component/Microchip/SolutionCore/DDR_AXI4_ARBITER_PF/2.2.0/RTL/axi_lbus_corefifo_fwft.v (N/A, 2026-04-28 14:59:19) <-- (module definition)
                        /home/ahlemzenache/Documents/polarfire-soc-video-kit-reference-design_READ_WRITE/VKPFSOC_JPEG_WRITE_READ/component/Microchip/SolutionCore/DDR_AXI4_ARBITER_PF/2.2.0/RTL/ddr_rw_arbiter.v (N/A, 2026-04-28 14:59:19) <-- (may instantiate this module)
                        /home/ahlemzenache/Documents/polarfire-soc-video-kit-reference-design_READ_WRITE/VKPFSOC_JPEG_WRITE_READ/component/Microchip/SolutionCore/DDR_AXI4_ARBITER_PF/2.2.0/RTL/video_axi_fifo.v (N/A, 2026-04-28 14:59:19) <-- (may instantiate this module)
                        /home/ahlemzenache/Documents/polarfire-soc-video-kit-reference-design_READ_WRITE/VKPFSOC_JPEG_WRITE_READ/component/work/DDR_AXI4_ARBITER_PF_C0/DDR_AXI4_ARBITER_PF_C0.v (N/A, 2026-04-28 14:59:19) <-- (may instantiate this module)
                        /home/ahlemzenache/Documents/polarfire-soc-video-kit-reference-design_READ_WRITE/VKPFSOC_JPEG_WRITE_READ/component/work/VKPFSOC_TOP/VKPFSOC_TOP.v (N/A, 2026-04-28 15:17:39) <-- (may instantiate this module)
                        /home/ahlemzenache/Documents/polarfire-soc-video-kit-reference-design_READ_WRITE/VKPFSOC_JPEG_WRITE_READ/component/work/top_ddr_write_read/top_ddr_write_read.v (N/A, 2026-04-28 14:59:32) <-- (may instantiate this module)
116      work.ddr_rw_arbiter_C0_ddr_rw_arbiter_C0_0_corefifo_grayToBinConv.verilog may have changed because the following files changed:
                        /home/ahlemzenache/Documents/polarfire-soc-video-kit-reference-design_READ_WRITE/VKPFSOC_JPEG_WRITE_READ/component/Microchip/SolutionCore/DDR_AXI4_ARBITER_PF/2.2.0/RTL/DDR_AXI4_ARBITER_PF.v (N/A, 2026-04-28 14:59:19) <-- (may instantiate this module)
                        /home/ahlemzenache/Documents/polarfire-soc-video-kit-reference-design_READ_WRITE/VKPFSOC_JPEG_WRITE_READ/component/Microchip/SolutionCore/DDR_AXI4_ARBITER_PF/2.2.0/RTL/DDR_AXI4_ARBITER_PF_Native.v (N/A, 2026-04-28 14:59:19) <-- (may instantiate this module)
                        /home/ahlemzenache/Documents/polarfire-soc-video-kit-reference-design_READ_WRITE/VKPFSOC_JPEG_WRITE_READ/component/Microchip/SolutionCore/DDR_AXI4_ARBITER_PF/2.2.0/RTL/axi_lbus_corefifo_async.v (N/A, 2026-04-28 14:59:19) <-- (may instantiate this module)
                        /home/ahlemzenache/Documents/polarfire-soc-video-kit-reference-design_READ_WRITE/VKPFSOC_JPEG_WRITE_READ/component/Microchip/SolutionCore/DDR_AXI4_ARBITER_PF/2.2.0/RTL/axi_lbus_corefifo_grayToBinConv.v (N/A, 2026-04-28 14:59:19) <-- (module definition)
                        /home/ahlemzenache/Documents/polarfire-soc-video-kit-reference-design_READ_WRITE/VKPFSOC_JPEG_WRITE_READ/component/Microchip/SolutionCore/DDR_AXI4_ARBITER_PF/2.2.0/RTL/ddr_rw_arbiter.v (N/A, 2026-04-28 14:59:19) <-- (may instantiate this module)
                        /home/ahlemzenache/Documents/polarfire-soc-video-kit-reference-design_READ_WRITE/VKPFSOC_JPEG_WRITE_READ/component/Microchip/SolutionCore/DDR_AXI4_ARBITER_PF/2.2.0/RTL/video_axi_fifo.v (N/A, 2026-04-28 14:59:19) <-- (may instantiate this module)
                        /home/ahlemzenache/Documents/polarfire-soc-video-kit-reference-design_READ_WRITE/VKPFSOC_JPEG_WRITE_READ/component/work/DDR_AXI4_ARBITER_PF_C0/DDR_AXI4_ARBITER_PF_C0.v (N/A, 2026-04-28 14:59:19) <-- (may instantiate this module)
                        /home/ahlemzenache/Documents/polarfire-soc-video-kit-reference-design_READ_WRITE/VKPFSOC_JPEG_WRITE_READ/component/work/VKPFSOC_TOP/VKPFSOC_TOP.v (N/A, 2026-04-28 15:17:39) <-- (may instantiate this module)
                        /home/ahlemzenache/Documents/polarfire-soc-video-kit-reference-design_READ_WRITE/VKPFSOC_JPEG_WRITE_READ/component/work/top_ddr_write_read/top_ddr_write_read.v (N/A, 2026-04-28 14:59:32) <-- (may instantiate this module)
117      work.ddr_rw_arbiter_C0_ddr_rw_arbiter_C0_0_corefifo_resetSync.verilog may have changed because the following files changed:
                        /home/ahlemzenache/Documents/polarfire-soc-video-kit-reference-design_READ_WRITE/VKPFSOC_JPEG_WRITE_READ/component/Microchip/SolutionCore/DDR_AXI4_ARBITER_PF/2.2.0/RTL/DDR_AXI4_ARBITER_PF.v (N/A, 2026-04-28 14:59:19) <-- (may instantiate this module)
                        /home/ahlemzenache/Documents/polarfire-soc-video-kit-reference-design_READ_WRITE/VKPFSOC_JPEG_WRITE_READ/component/Microchip/SolutionCore/DDR_AXI4_ARBITER_PF/2.2.0/RTL/DDR_AXI4_ARBITER_PF_Native.v (N/A, 2026-04-28 14:59:19) <-- (may instantiate this module)
                        /home/ahlemzenache/Documents/polarfire-soc-video-kit-reference-design_READ_WRITE/VKPFSOC_JPEG_WRITE_READ/component/Microchip/SolutionCore/DDR_AXI4_ARBITER_PF/2.2.0/RTL/axi_lbus_corefifo_resetSync.v (N/A, 2026-04-28 14:59:19) <-- (module definition)
                        /home/ahlemzenache/Documents/polarfire-soc-video-kit-reference-design_READ_WRITE/VKPFSOC_JPEG_WRITE_READ/component/Microchip/SolutionCore/DDR_AXI4_ARBITER_PF/2.2.0/RTL/ddr_rw_arbiter.v (N/A, 2026-04-28 14:59:19) <-- (may instantiate this module)
                        /home/ahlemzenache/Documents/polarfire-soc-video-kit-reference-design_READ_WRITE/VKPFSOC_JPEG_WRITE_READ/component/Microchip/SolutionCore/DDR_AXI4_ARBITER_PF/2.2.0/RTL/video_axi_fifo.v (N/A, 2026-04-28 14:59:19) <-- (may instantiate this module)
                        /home/ahlemzenache/Documents/polarfire-soc-video-kit-reference-design_READ_WRITE/VKPFSOC_JPEG_WRITE_READ/component/work/DDR_AXI4_ARBITER_PF_C0/DDR_AXI4_ARBITER_PF_C0.v (N/A, 2026-04-28 14:59:19) <-- (may instantiate this module)
                        /home/ahlemzenache/Documents/polarfire-soc-video-kit-reference-design_READ_WRITE/VKPFSOC_JPEG_WRITE_READ/component/work/VKPFSOC_TOP/VKPFSOC_TOP.v (N/A, 2026-04-28 15:17:39) <-- (may instantiate this module)
                        /home/ahlemzenache/Documents/polarfire-soc-video-kit-reference-design_READ_WRITE/VKPFSOC_JPEG_WRITE_READ/component/work/top_ddr_write_read/top_ddr_write_read.v (N/A, 2026-04-28 14:59:32) <-- (may instantiate this module)
118      work.ddr_rw_arbiter_C0_ddr_rw_arbiter_C0_0_corefifo_sync.verilog may have changed because the following files changed:
                        /home/ahlemzenache/Documents/polarfire-soc-video-kit-reference-design_READ_WRITE/VKPFSOC_JPEG_WRITE_READ/component/Microchip/SolutionCore/DDR_AXI4_ARBITER_PF/2.2.0/RTL/DDR_AXI4_ARBITER_PF.v (N/A, 2026-04-28 14:59:19) <-- (may instantiate this module)
                        /home/ahlemzenache/Documents/polarfire-soc-video-kit-reference-design_READ_WRITE/VKPFSOC_JPEG_WRITE_READ/component/Microchip/SolutionCore/DDR_AXI4_ARBITER_PF/2.2.0/RTL/DDR_AXI4_ARBITER_PF_Native.v (N/A, 2026-04-28 14:59:19) <-- (may instantiate this module)
                        /home/ahlemzenache/Documents/polarfire-soc-video-kit-reference-design_READ_WRITE/VKPFSOC_JPEG_WRITE_READ/component/Microchip/SolutionCore/DDR_AXI4_ARBITER_PF/2.2.0/RTL/axi_lbus_corefifo_sync.v (N/A, 2026-04-28 14:59:19) <-- (module definition)
                        /home/ahlemzenache/Documents/polarfire-soc-video-kit-reference-design_READ_WRITE/VKPFSOC_JPEG_WRITE_READ/component/Microchip/SolutionCore/DDR_AXI4_ARBITER_PF/2.2.0/RTL/ddr_rw_arbiter.v (N/A, 2026-04-28 14:59:19) <-- (may instantiate this module)
                        /home/ahlemzenache/Documents/polarfire-soc-video-kit-reference-design_READ_WRITE/VKPFSOC_JPEG_WRITE_READ/component/Microchip/SolutionCore/DDR_AXI4_ARBITER_PF/2.2.0/RTL/video_axi_fifo.v (N/A, 2026-04-28 14:59:19) <-- (may instantiate this module)
                        /home/ahlemzenache/Documents/polarfire-soc-video-kit-reference-design_READ_WRITE/VKPFSOC_JPEG_WRITE_READ/component/work/DDR_AXI4_ARBITER_PF_C0/DDR_AXI4_ARBITER_PF_C0.v (N/A, 2026-04-28 14:59:19) <-- (may instantiate this module)
                        /home/ahlemzenache/Documents/polarfire-soc-video-kit-reference-design_READ_WRITE/VKPFSOC_JPEG_WRITE_READ/component/work/VKPFSOC_TOP/VKPFSOC_TOP.v (N/A, 2026-04-28 15:17:39) <-- (may instantiate this module)
                        /home/ahlemzenache/Documents/polarfire-soc-video-kit-reference-design_READ_WRITE/VKPFSOC_JPEG_WRITE_READ/component/work/top_ddr_write_read/top_ddr_write_read.v (N/A, 2026-04-28 14:59:32) <-- (may instantiate this module)
119      work.ddr_rw_arbiter_C0_ddr_rw_arbiter_C0_0_corefifo_sync_scntr.verilog may have changed because the following files changed:
                        /home/ahlemzenache/Documents/polarfire-soc-video-kit-reference-design_READ_WRITE/VKPFSOC_JPEG_WRITE_READ/component/Microchip/SolutionCore/DDR_AXI4_ARBITER_PF/2.2.0/RTL/DDR_AXI4_ARBITER_PF.v (N/A, 2026-04-28 14:59:19) <-- (may instantiate this module)
                        /home/ahlemzenache/Documents/polarfire-soc-video-kit-reference-design_READ_WRITE/VKPFSOC_JPEG_WRITE_READ/component/Microchip/SolutionCore/DDR_AXI4_ARBITER_PF/2.2.0/RTL/DDR_AXI4_ARBITER_PF_Native.v (N/A, 2026-04-28 14:59:19) <-- (may instantiate this module)
                        /home/ahlemzenache/Documents/polarfire-soc-video-kit-reference-design_READ_WRITE/VKPFSOC_JPEG_WRITE_READ/component/Microchip/SolutionCore/DDR_AXI4_ARBITER_PF/2.2.0/RTL/axi_lbus_corefifo_sync_scntr.v (N/A, 2026-04-28 14:59:19) <-- (module definition)
                        /home/ahlemzenache/Documents/polarfire-soc-video-kit-reference-design_READ_WRITE/VKPFSOC_JPEG_WRITE_READ/component/Microchip/SolutionCore/DDR_AXI4_ARBITER_PF/2.2.0/RTL/ddr_rw_arbiter.v (N/A, 2026-04-28 14:59:19) <-- (may instantiate this module)
                        /home/ahlemzenache/Documents/polarfire-soc-video-kit-reference-design_READ_WRITE/VKPFSOC_JPEG_WRITE_READ/component/Microchip/SolutionCore/DDR_AXI4_ARBITER_PF/2.2.0/RTL/video_axi_fifo.v (N/A, 2026-04-28 14:59:19) <-- (may instantiate this module)
                        /home/ahlemzenache/Documents/polarfire-soc-video-kit-reference-design_READ_WRITE/VKPFSOC_JPEG_WRITE_READ/component/work/DDR_AXI4_ARBITER_PF_C0/DDR_AXI4_ARBITER_PF_C0.v (N/A, 2026-04-28 14:59:19) <-- (may instantiate this module)
                        /home/ahlemzenache/Documents/polarfire-soc-video-kit-reference-design_READ_WRITE/VKPFSOC_JPEG_WRITE_READ/component/work/VKPFSOC_TOP/VKPFSOC_TOP.v (N/A, 2026-04-28 15:17:39) <-- (may instantiate this module)
                        /home/ahlemzenache/Documents/polarfire-soc-video-kit-reference-design_READ_WRITE/VKPFSOC_JPEG_WRITE_READ/component/work/top_ddr_write_read/top_ddr_write_read.v (N/A, 2026-04-28 14:59:32) <-- (may instantiate this module)
120      work.ddr_rw_arbiter_C0_ddr_rw_arbiter_C0_0_ram_wrapper.verilog may have changed because the following files changed:
                        /home/ahlemzenache/Documents/polarfire-soc-video-kit-reference-design_READ_WRITE/VKPFSOC_JPEG_WRITE_READ/component/Microchip/SolutionCore/DDR_AXI4_ARBITER_PF/2.2.0/RTL/DDR_AXI4_ARBITER_PF.v (N/A, 2026-04-28 14:59:19) <-- (may instantiate this module)
                        /home/ahlemzenache/Documents/polarfire-soc-video-kit-reference-design_READ_WRITE/VKPFSOC_JPEG_WRITE_READ/component/Microchip/SolutionCore/DDR_AXI4_ARBITER_PF/2.2.0/RTL/DDR_AXI4_ARBITER_PF_Native.v (N/A, 2026-04-28 14:59:19) <-- (may instantiate this module)
                        /home/ahlemzenache/Documents/polarfire-soc-video-kit-reference-design_READ_WRITE/VKPFSOC_JPEG_WRITE_READ/component/Microchip/SolutionCore/DDR_AXI4_ARBITER_PF/2.2.0/RTL/axi_lbus_ram_wrapper.v (N/A, 2026-04-28 14:59:19) <-- (module definition)
                        /home/ahlemzenache/Documents/polarfire-soc-video-kit-reference-design_READ_WRITE/VKPFSOC_JPEG_WRITE_READ/component/Microchip/SolutionCore/DDR_AXI4_ARBITER_PF/2.2.0/RTL/ddr_rw_arbiter.v (N/A, 2026-04-28 14:59:19) <-- (may instantiate this module)
                        /home/ahlemzenache/Documents/polarfire-soc-video-kit-reference-design_READ_WRITE/VKPFSOC_JPEG_WRITE_READ/component/Microchip/SolutionCore/DDR_AXI4_ARBITER_PF/2.2.0/RTL/video_axi_fifo.v (N/A, 2026-04-28 14:59:19) <-- (may instantiate this module)
                        /home/ahlemzenache/Documents/polarfire-soc-video-kit-reference-design_READ_WRITE/VKPFSOC_JPEG_WRITE_READ/component/work/DDR_AXI4_ARBITER_PF_C0/DDR_AXI4_ARBITER_PF_C0.v (N/A, 2026-04-28 14:59:19) <-- (may instantiate this module)
                        /home/ahlemzenache/Documents/polarfire-soc-video-kit-reference-design_READ_WRITE/VKPFSOC_JPEG_WRITE_READ/component/work/VKPFSOC_TOP/VKPFSOC_TOP.v (N/A, 2026-04-28 15:17:39) <-- (may instantiate this module)
                        /home/ahlemzenache/Documents/polarfire-soc-video-kit-reference-design_READ_WRITE/VKPFSOC_JPEG_WRITE_READ/component/work/top_ddr_write_read/top_ddr_write_read.v (N/A, 2026-04-28 14:59:32) <-- (may instantiate this module)
121      work.ddr_rw_arbiter_C0_ddr_rw_arbiter_C0_0_video_axi_fifo.verilog may have changed because the following files changed:
                        /home/ahlemzenache/Documents/polarfire-soc-video-kit-reference-design_READ_WRITE/VKPFSOC_JPEG_WRITE_READ/component/Microchip/SolutionCore/DDR_AXI4_ARBITER_PF/2.2.0/RTL/DDR_AXI4_ARBITER_PF.v (N/A, 2026-04-28 14:59:19) <-- (may instantiate this module)
                        /home/ahlemzenache/Documents/polarfire-soc-video-kit-reference-design_READ_WRITE/VKPFSOC_JPEG_WRITE_READ/component/Microchip/SolutionCore/DDR_AXI4_ARBITER_PF/2.2.0/RTL/DDR_AXI4_ARBITER_PF_Native.v (N/A, 2026-04-28 14:59:19) <-- (may instantiate this module)
                        /home/ahlemzenache/Documents/polarfire-soc-video-kit-reference-design_READ_WRITE/VKPFSOC_JPEG_WRITE_READ/component/Microchip/SolutionCore/DDR_AXI4_ARBITER_PF/2.2.0/RTL/ddr_rw_arbiter.v (N/A, 2026-04-28 14:59:19) <-- (may instantiate this module)
                        /home/ahlemzenache/Documents/polarfire-soc-video-kit-reference-design_READ_WRITE/VKPFSOC_JPEG_WRITE_READ/component/Microchip/SolutionCore/DDR_AXI4_ARBITER_PF/2.2.0/RTL/video_axi_fifo.v (N/A, 2026-04-28 14:59:19) <-- (module definition)
                        /home/ahlemzenache/Documents/polarfire-soc-video-kit-reference-design_READ_WRITE/VKPFSOC_JPEG_WRITE_READ/component/work/DDR_AXI4_ARBITER_PF_C0/DDR_AXI4_ARBITER_PF_C0.v (N/A, 2026-04-28 14:59:19) <-- (may instantiate this module)
                        /home/ahlemzenache/Documents/polarfire-soc-video-kit-reference-design_READ_WRITE/VKPFSOC_JPEG_WRITE_READ/component/work/VKPFSOC_TOP/VKPFSOC_TOP.v (N/A, 2026-04-28 15:17:39) <-- (may instantiate this module)
                        /home/ahlemzenache/Documents/polarfire-soc-video-kit-reference-design_READ_WRITE/VKPFSOC_JPEG_WRITE_READ/component/work/top_ddr_write_read/top_ddr_write_read.v (N/A, 2026-04-28 14:59:32) <-- (may instantiate this module)
122      work.ddr_write_controller_enc.verilog may have changed because the following files changed:
                        /home/ahlemzenache/Documents/polarfire-soc-video-kit-reference-design_READ_WRITE/VKPFSOC_JPEG_WRITE_READ/component/work/DDR_WRITE_JPEG/DDR_WRITE_JPEG.v (N/A, 2026-04-28 14:59:25) <-- (may instantiate this module)
                        /home/ahlemzenache/Documents/polarfire-soc-video-kit-reference-design_READ_WRITE/VKPFSOC_JPEG_WRITE_READ/component/work/VKPFSOC_TOP/VKPFSOC_TOP.v (N/A, 2026-04-28 15:17:39) <-- (may instantiate this module)
                        /home/ahlemzenache/Documents/polarfire-soc-video-kit-reference-design_READ_WRITE/VKPFSOC_JPEG_WRITE_READ/component/work/top_ddr_write_read/top_ddr_write_read.v (N/A, 2026-04-28 14:59:32) <-- (may instantiate this module)
                        /home/ahlemzenache/Documents/polarfire-soc-video-kit-reference-design_READ_WRITE/VKPFSOC_JPEG_WRITE_READ/hdl/ddr_write_controller_enc.v (N/A, 2026-04-28 14:59:06) <-- (module definition)
123      work.jls_encoder.verilog may have changed because the following files changed:
                        /home/ahlemzenache/Documents/polarfire-soc-video-kit-reference-design_READ_WRITE/VKPFSOC_JPEG_WRITE_READ/component/work/VKPFSOC_TOP/VKPFSOC_TOP.v (N/A, 2026-04-28 15:17:39) <-- (may instantiate this module)
                        /home/ahlemzenache/Documents/polarfire-soc-video-kit-reference-design_READ_WRITE/VKPFSOC_JPEG_WRITE_READ/component/work/top_ddr_write_read/top_ddr_write_read.v (N/A, 2026-04-28 14:59:32) <-- (may instantiate this module)
                        /home/ahlemzenache/Documents/polarfire-soc-video-kit-reference-design_READ_WRITE/VKPFSOC_JPEG_WRITE_READ/hdl/jpeg_top.v (N/A, 2026-04-28 14:59:06) <-- (may instantiate this module)
                        /home/ahlemzenache/Documents/polarfire-soc-video-kit-reference-design_READ_WRITE/script_support/hdl/JPEG_WRITE_READ/jls_encoder.v (N/A, 2026-02-23 13:35:20) <-- (module definition)
124      work.jpeg_control_fsm.verilog may have changed because the following files changed:
                        /home/ahlemzenache/Documents/polarfire-soc-video-kit-reference-design_READ_WRITE/VKPFSOC_JPEG_WRITE_READ/component/work/VKPFSOC_TOP/VKPFSOC_TOP.v (N/A, 2026-04-28 15:17:39) <-- (may instantiate this module)
                        /home/ahlemzenache/Documents/polarfire-soc-video-kit-reference-design_READ_WRITE/VKPFSOC_JPEG_WRITE_READ/component/work/top_ddr_write_read/top_ddr_write_read.v (N/A, 2026-04-28 14:59:32) <-- (may instantiate this module)
                        /home/ahlemzenache/Documents/polarfire-soc-video-kit-reference-design_READ_WRITE/VKPFSOC_JPEG_WRITE_READ/hdl/jpeg_top.v (N/A, 2026-04-28 14:59:06) <-- (may instantiate this module)
                        /home/ahlemzenache/Documents/polarfire-soc-video-kit-reference-design_READ_WRITE/script_support/hdl/JPEG_WRITE_READ/jpeg_control_fsm.v (N/A, 2026-04-26 11:55:26) <-- (module definition)
125      work.jpeg_top.verilog may have changed because the following files changed:
                        /home/ahlemzenache/Documents/polarfire-soc-video-kit-reference-design_READ_WRITE/VKPFSOC_JPEG_WRITE_READ/component/work/VKPFSOC_TOP/VKPFSOC_TOP.v (N/A, 2026-04-28 15:17:39) <-- (may instantiate this module)
                        /home/ahlemzenache/Documents/polarfire-soc-video-kit-reference-design_READ_WRITE/VKPFSOC_JPEG_WRITE_READ/component/work/top_ddr_write_read/top_ddr_write_read.v (N/A, 2026-04-28 14:59:32) <-- (may instantiate this module)
                        /home/ahlemzenache/Documents/polarfire-soc-video-kit-reference-design_READ_WRITE/VKPFSOC_JPEG_WRITE_READ/hdl/jpeg_top.v (N/A, 2026-04-28 14:59:06) <-- (module definition)
126      work.ram2port.ram2port may have changed because the following files changed:
                        /home/ahlemzenache/Documents/polarfire-soc-video-kit-reference-design_READ_WRITE/VKPFSOC_JPEG_WRITE_READ/component/work/DDR_WRITE_JPEG/DDR_WRITE_JPEG.v (N/A, 2026-04-28 14:59:25) <-- (may instantiate this module)
                        /home/ahlemzenache/Documents/polarfire-soc-video-kit-reference-design_READ_WRITE/VKPFSOC_JPEG_WRITE_READ/component/work/VKPFSOC_TOP/VKPFSOC_TOP.v (N/A, 2026-04-28 15:17:39) <-- (may instantiate this module)
                        /home/ahlemzenache/Documents/polarfire-soc-video-kit-reference-design_READ_WRITE/VKPFSOC_JPEG_WRITE_READ/component/work/top_ddr_write_read/top_ddr_write_read.v (N/A, 2026-04-28 14:59:32) <-- (may instantiate this module)
                        /home/ahlemzenache/Documents/polarfire-soc-video-kit-reference-design_READ_WRITE/VKPFSOC_JPEG_WRITE_READ/hdl/ram2port.vhd (N/A, 2026-04-28 14:59:06) <-- (architecture and entity definition)
                        /home/ahlemzenache/Documents/polarfire-soc-video-kit-reference-design_READ_WRITE/VKPFSOC_JPEG_WRITE_READ/hdl/video_fifo.vhd (N/A, 2026-04-28 14:59:06) <-- (may instantiate this module)
128      work.ram2port_ddr_read.verilog may have changed because the following files changed:
                        /home/ahlemzenache/Documents/polarfire-soc-video-kit-reference-design_READ_WRITE/VKPFSOC_JPEG_WRITE_READ/component/Microchip/SolutionCore/DDR_Read/1.2.0/RTL/DDR_Read.v (N/A, 2026-04-28 15:52:07) <-- (may instantiate this module)
                        /home/ahlemzenache/Documents/polarfire-soc-video-kit-reference-design_READ_WRITE/VKPFSOC_JPEG_WRITE_READ/component/Microchip/SolutionCore/DDR_Read/1.2.0/RTL/DDR_Read_Native.v (N/A, 2026-04-28 15:52:07) <-- (may instantiate this module)
                        /home/ahlemzenache/Documents/polarfire-soc-video-kit-reference-design_READ_WRITE/VKPFSOC_JPEG_WRITE_READ/component/Microchip/SolutionCore/DDR_Read/1.2.0/RTL/ram2port_ddr_read.v (N/A, 2026-04-28 15:52:07) <-- (module definition)
                        /home/ahlemzenache/Documents/polarfire-soc-video-kit-reference-design_READ_WRITE/VKPFSOC_JPEG_WRITE_READ/component/Microchip/SolutionCore/DDR_Read/1.2.0/RTL/video_fifo_ddr_read.v (N/A, 2026-04-28 15:52:07) <-- (may instantiate this module)
                        /home/ahlemzenache/Documents/polarfire-soc-video-kit-reference-design_READ_WRITE/VKPFSOC_JPEG_WRITE_READ/component/work/DDR_Read_C0/DDR_Read_C0.v (N/A, 2026-04-28 15:52:07) <-- (may instantiate this module)
                        /home/ahlemzenache/Documents/polarfire-soc-video-kit-reference-design_READ_WRITE/VKPFSOC_JPEG_WRITE_READ/component/work/VKPFSOC_TOP/VKPFSOC_TOP.v (N/A, 2026-04-28 15:17:39) <-- (may instantiate this module)
                        /home/ahlemzenache/Documents/polarfire-soc-video-kit-reference-design_READ_WRITE/VKPFSOC_JPEG_WRITE_READ/component/work/top_ddr_write_read/top_ddr_write_read.v (N/A, 2026-04-28 14:59:32) <-- (may instantiate this module)
129      work.ram8bit_input.verilog may have changed because the following files changed:
                        /home/ahlemzenache/Documents/polarfire-soc-video-kit-reference-design_READ_WRITE/VKPFSOC_JPEG_WRITE_READ/component/work/VKPFSOC_TOP/VKPFSOC_TOP.v (N/A, 2026-04-28 15:17:39) <-- (may instantiate this module)
                        /home/ahlemzenache/Documents/polarfire-soc-video-kit-reference-design_READ_WRITE/VKPFSOC_JPEG_WRITE_READ/component/work/top_ddr_write_read/top_ddr_write_read.v (N/A, 2026-04-28 14:59:32) <-- (may instantiate this module)
                        /home/ahlemzenache/Documents/polarfire-soc-video-kit-reference-design_READ_WRITE/script_support/hdl/JPEG_WRITE_READ/ram8bit_input.v (N/A, 2026-03-05 11:39:21) <-- (module definition)
130      work.read_demux.read_demux may have changed because the following files changed:
                        /home/ahlemzenache/Documents/polarfire-soc-video-kit-reference-design_READ_WRITE/VKPFSOC_JPEG_WRITE_READ/component/Microchip/SolutionCore/DDR_AXI4_ARBITER_PF/2.2.0/RTL/DDR_AXI4_ARBITER_PF.v (N/A, 2026-04-28 14:59:19) <-- (may instantiate this module)
                        /home/ahlemzenache/Documents/polarfire-soc-video-kit-reference-design_READ_WRITE/VKPFSOC_JPEG_WRITE_READ/component/Microchip/SolutionCore/DDR_AXI4_ARBITER_PF/2.2.0/RTL/DDR_AXI4_ARBITER_PF_Native.v (N/A, 2026-04-28 14:59:19) <-- (may instantiate this module)
                        /home/ahlemzenache/Documents/polarfire-soc-video-kit-reference-design_READ_WRITE/VKPFSOC_JPEG_WRITE_READ/component/Microchip/SolutionCore/DDR_AXI4_ARBITER_PF/2.2.0/RTL/read_demux.vhd (N/A, 2026-04-28 14:59:19) <-- (architecture and entity definition)
                        /home/ahlemzenache/Documents/polarfire-soc-video-kit-reference-design_READ_WRITE/VKPFSOC_JPEG_WRITE_READ/component/Microchip/SolutionCore/DDR_AXI4_ARBITER_PF/2.2.0/RTL/read_top.v (N/A, 2026-04-28 14:59:19) <-- (may instantiate this module)
                        /home/ahlemzenache/Documents/polarfire-soc-video-kit-reference-design_READ_WRITE/VKPFSOC_JPEG_WRITE_READ/component/work/DDR_AXI4_ARBITER_PF_C0/DDR_AXI4_ARBITER_PF_C0.v (N/A, 2026-04-28 14:59:19) <-- (may instantiate this module)
                        /home/ahlemzenache/Documents/polarfire-soc-video-kit-reference-design_READ_WRITE/VKPFSOC_JPEG_WRITE_READ/component/work/VKPFSOC_TOP/VKPFSOC_TOP.v (N/A, 2026-04-28 15:17:39) <-- (may instantiate this module)
                        /home/ahlemzenache/Documents/polarfire-soc-video-kit-reference-design_READ_WRITE/VKPFSOC_JPEG_WRITE_READ/component/work/top_ddr_write_read/top_ddr_write_read.v (N/A, 2026-04-28 14:59:32) <-- (may instantiate this module)
132      work.read_mux.read_mux may have changed because the following files changed:
                        /home/ahlemzenache/Documents/polarfire-soc-video-kit-reference-design_READ_WRITE/VKPFSOC_JPEG_WRITE_READ/component/Microchip/SolutionCore/DDR_AXI4_ARBITER_PF/2.2.0/RTL/DDR_AXI4_ARBITER_PF.v (N/A, 2026-04-28 14:59:19) <-- (may instantiate this module)
                        /home/ahlemzenache/Documents/polarfire-soc-video-kit-reference-design_READ_WRITE/VKPFSOC_JPEG_WRITE_READ/component/Microchip/SolutionCore/DDR_AXI4_ARBITER_PF/2.2.0/RTL/DDR_AXI4_ARBITER_PF_Native.v (N/A, 2026-04-28 14:59:19) <-- (may instantiate this module)
                        /home/ahlemzenache/Documents/polarfire-soc-video-kit-reference-design_READ_WRITE/VKPFSOC_JPEG_WRITE_READ/component/Microchip/SolutionCore/DDR_AXI4_ARBITER_PF/2.2.0/RTL/read_mux.vhd (N/A, 2026-04-28 14:59:19) <-- (architecture and entity definition)
                        /home/ahlemzenache/Documents/polarfire-soc-video-kit-reference-design_READ_WRITE/VKPFSOC_JPEG_WRITE_READ/component/Microchip/SolutionCore/DDR_AXI4_ARBITER_PF/2.2.0/RTL/read_top.v (N/A, 2026-04-28 14:59:19) <-- (may instantiate this module)
                        /home/ahlemzenache/Documents/polarfire-soc-video-kit-reference-design_READ_WRITE/VKPFSOC_JPEG_WRITE_READ/component/work/DDR_AXI4_ARBITER_PF_C0/DDR_AXI4_ARBITER_PF_C0.v (N/A, 2026-04-28 14:59:19) <-- (may instantiate this module)
                        /home/ahlemzenache/Documents/polarfire-soc-video-kit-reference-design_READ_WRITE/VKPFSOC_JPEG_WRITE_READ/component/work/VKPFSOC_TOP/VKPFSOC_TOP.v (N/A, 2026-04-28 15:17:39) <-- (may instantiate this module)
                        /home/ahlemzenache/Documents/polarfire-soc-video-kit-reference-design_READ_WRITE/VKPFSOC_JPEG_WRITE_READ/component/work/top_ddr_write_read/top_ddr_write_read.v (N/A, 2026-04-28 14:59:32) <-- (may instantiate this module)
134      work.read_top.verilog may have changed because the following files changed:
                        /home/ahlemzenache/Documents/polarfire-soc-video-kit-reference-design_READ_WRITE/VKPFSOC_JPEG_WRITE_READ/component/Microchip/SolutionCore/DDR_AXI4_ARBITER_PF/2.2.0/RTL/DDR_AXI4_ARBITER_PF.v (N/A, 2026-04-28 14:59:19) <-- (may instantiate this module)
                        /home/ahlemzenache/Documents/polarfire-soc-video-kit-reference-design_READ_WRITE/VKPFSOC_JPEG_WRITE_READ/component/Microchip/SolutionCore/DDR_AXI4_ARBITER_PF/2.2.0/RTL/DDR_AXI4_ARBITER_PF_Native.v (N/A, 2026-04-28 14:59:19) <-- (may instantiate this module)
                        /home/ahlemzenache/Documents/polarfire-soc-video-kit-reference-design_READ_WRITE/VKPFSOC_JPEG_WRITE_READ/component/Microchip/SolutionCore/DDR_AXI4_ARBITER_PF/2.2.0/RTL/read_top.v (N/A, 2026-04-28 14:59:19) <-- (module definition)
                        /home/ahlemzenache/Documents/polarfire-soc-video-kit-reference-design_READ_WRITE/VKPFSOC_JPEG_WRITE_READ/component/work/DDR_AXI4_ARBITER_PF_C0/DDR_AXI4_ARBITER_PF_C0.v (N/A, 2026-04-28 14:59:19) <-- (may instantiate this module)
                        /home/ahlemzenache/Documents/polarfire-soc-video-kit-reference-design_READ_WRITE/VKPFSOC_JPEG_WRITE_READ/component/work/VKPFSOC_TOP/VKPFSOC_TOP.v (N/A, 2026-04-28 15:17:39) <-- (may instantiate this module)
                        /home/ahlemzenache/Documents/polarfire-soc-video-kit-reference-design_READ_WRITE/VKPFSOC_JPEG_WRITE_READ/component/work/top_ddr_write_read/top_ddr_write_read.v (N/A, 2026-04-28 14:59:32) <-- (may instantiate this module)
135      work.request_scheduler.request_scheduler may have changed because the following files changed:
                        /home/ahlemzenache/Documents/polarfire-soc-video-kit-reference-design_READ_WRITE/VKPFSOC_JPEG_WRITE_READ/component/Microchip/SolutionCore/DDR_AXI4_ARBITER_PF/2.2.0/RTL/DDR_AXI4_ARBITER_PF.v (N/A, 2026-04-28 14:59:19) <-- (may instantiate this module)
                        /home/ahlemzenache/Documents/polarfire-soc-video-kit-reference-design_READ_WRITE/VKPFSOC_JPEG_WRITE_READ/component/Microchip/SolutionCore/DDR_AXI4_ARBITER_PF/2.2.0/RTL/DDR_AXI4_ARBITER_PF_Native.v (N/A, 2026-04-28 14:59:19) <-- (may instantiate this module)
                        /home/ahlemzenache/Documents/polarfire-soc-video-kit-reference-design_READ_WRITE/VKPFSOC_JPEG_WRITE_READ/component/Microchip/SolutionCore/DDR_AXI4_ARBITER_PF/2.2.0/RTL/read_top.v (N/A, 2026-04-28 14:59:19) <-- (may instantiate this module)
                        /home/ahlemzenache/Documents/polarfire-soc-video-kit-reference-design_READ_WRITE/VKPFSOC_JPEG_WRITE_READ/component/Microchip/SolutionCore/DDR_AXI4_ARBITER_PF/2.2.0/RTL/request_scheduler.vhd (N/A, 2026-04-28 14:59:19) <-- (architecture and entity definition)
                        /home/ahlemzenache/Documents/polarfire-soc-video-kit-reference-design_READ_WRITE/VKPFSOC_JPEG_WRITE_READ/component/Microchip/SolutionCore/DDR_AXI4_ARBITER_PF/2.2.0/RTL/write_top.v (N/A, 2026-04-28 14:59:19) <-- (may instantiate this module)
                        /home/ahlemzenache/Documents/polarfire-soc-video-kit-reference-design_READ_WRITE/VKPFSOC_JPEG_WRITE_READ/component/work/DDR_AXI4_ARBITER_PF_C0/DDR_AXI4_ARBITER_PF_C0.v (N/A, 2026-04-28 14:59:19) <-- (may instantiate this module)
                        /home/ahlemzenache/Documents/polarfire-soc-video-kit-reference-design_READ_WRITE/VKPFSOC_JPEG_WRITE_READ/component/work/VKPFSOC_TOP/VKPFSOC_TOP.v (N/A, 2026-04-28 15:17:39) <-- (may instantiate this module)
                        /home/ahlemzenache/Documents/polarfire-soc-video-kit-reference-design_READ_WRITE/VKPFSOC_JPEG_WRITE_READ/component/work/top_ddr_write_read/top_ddr_write_read.v (N/A, 2026-04-28 14:59:32) <-- (may instantiate this module)
137      work.synchronizer_circuit_ddr_read.verilog may have changed because the following files changed:
                        /home/ahlemzenache/Documents/polarfire-soc-video-kit-reference-design_READ_WRITE/VKPFSOC_JPEG_WRITE_READ/component/Microchip/SolutionCore/DDR_Read/1.2.0/RTL/DDR_Read.v (N/A, 2026-04-28 15:52:07) <-- (may instantiate this module)
                        /home/ahlemzenache/Documents/polarfire-soc-video-kit-reference-design_READ_WRITE/VKPFSOC_JPEG_WRITE_READ/component/Microchip/SolutionCore/DDR_Read/1.2.0/RTL/DDR_Read_Native.v (N/A, 2026-04-28 15:52:07) <-- (may instantiate this module)
                        /home/ahlemzenache/Documents/polarfire-soc-video-kit-reference-design_READ_WRITE/VKPFSOC_JPEG_WRITE_READ/component/Microchip/SolutionCore/DDR_Read/1.2.0/RTL/synchronizer_circuit_ddr_read.v (N/A, 2026-04-28 15:52:07) <-- (module definition)
                        /home/ahlemzenache/Documents/polarfire-soc-video-kit-reference-design_READ_WRITE/VKPFSOC_JPEG_WRITE_READ/component/work/DDR_Read_C0/DDR_Read_C0.v (N/A, 2026-04-28 15:52:07) <-- (may instantiate this module)
                        /home/ahlemzenache/Documents/polarfire-soc-video-kit-reference-design_READ_WRITE/VKPFSOC_JPEG_WRITE_READ/component/work/VKPFSOC_TOP/VKPFSOC_TOP.v (N/A, 2026-04-28 15:17:39) <-- (may instantiate this module)
                        /home/ahlemzenache/Documents/polarfire-soc-video-kit-reference-design_READ_WRITE/VKPFSOC_JPEG_WRITE_READ/component/work/top_ddr_write_read/top_ddr_write_read.v (N/A, 2026-04-28 14:59:32) <-- (may instantiate this module)
138      work.top_ddr_write_read.verilog may have changed because the following files changed:
                        /home/ahlemzenache/Documents/polarfire-soc-video-kit-reference-design_READ_WRITE/VKPFSOC_JPEG_WRITE_READ/component/work/VKPFSOC_TOP/VKPFSOC_TOP.v (N/A, 2026-04-28 15:17:39) <-- (may instantiate this module)
                        /home/ahlemzenache/Documents/polarfire-soc-video-kit-reference-design_READ_WRITE/VKPFSOC_JPEG_WRITE_READ/component/work/top_ddr_write_read/top_ddr_write_read.v (N/A, 2026-04-28 14:59:32) <-- (module definition)
140      work.video_fifo.video_fifo may have changed because the following files changed:
                        /home/ahlemzenache/Documents/polarfire-soc-video-kit-reference-design_READ_WRITE/VKPFSOC_JPEG_WRITE_READ/component/work/DDR_WRITE_JPEG/DDR_WRITE_JPEG.v (N/A, 2026-04-28 14:59:25) <-- (may instantiate this module)
                        /home/ahlemzenache/Documents/polarfire-soc-video-kit-reference-design_READ_WRITE/VKPFSOC_JPEG_WRITE_READ/component/work/VKPFSOC_TOP/VKPFSOC_TOP.v (N/A, 2026-04-28 15:17:39) <-- (may instantiate this module)
                        /home/ahlemzenache/Documents/polarfire-soc-video-kit-reference-design_READ_WRITE/VKPFSOC_JPEG_WRITE_READ/component/work/top_ddr_write_read/top_ddr_write_read.v (N/A, 2026-04-28 14:59:32) <-- (may instantiate this module)
                        /home/ahlemzenache/Documents/polarfire-soc-video-kit-reference-design_READ_WRITE/VKPFSOC_JPEG_WRITE_READ/hdl/video_fifo.vhd (N/A, 2026-04-28 14:59:06) <-- (architecture and entity definition)
141      work.video_fifo_ddr_read.verilog may have changed because the following files changed:
                        /home/ahlemzenache/Documents/polarfire-soc-video-kit-reference-design_READ_WRITE/VKPFSOC_JPEG_WRITE_READ/component/Microchip/SolutionCore/DDR_Read/1.2.0/RTL/DDR_Read.v (N/A, 2026-04-28 15:52:07) <-- (may instantiate this module)
                        /home/ahlemzenache/Documents/polarfire-soc-video-kit-reference-design_READ_WRITE/VKPFSOC_JPEG_WRITE_READ/component/Microchip/SolutionCore/DDR_Read/1.2.0/RTL/DDR_Read_Native.v (N/A, 2026-04-28 15:52:07) <-- (may instantiate this module)
                        /home/ahlemzenache/Documents/polarfire-soc-video-kit-reference-design_READ_WRITE/VKPFSOC_JPEG_WRITE_READ/component/Microchip/SolutionCore/DDR_Read/1.2.0/RTL/video_fifo_ddr_read.v (N/A, 2026-04-28 15:52:07) <-- (module definition)
                        /home/ahlemzenache/Documents/polarfire-soc-video-kit-reference-design_READ_WRITE/VKPFSOC_JPEG_WRITE_READ/component/work/DDR_Read_C0/DDR_Read_C0.v (N/A, 2026-04-28 15:52:07) <-- (may instantiate this module)
                        /home/ahlemzenache/Documents/polarfire-soc-video-kit-reference-design_READ_WRITE/VKPFSOC_JPEG_WRITE_READ/component/work/VKPFSOC_TOP/VKPFSOC_TOP.v (N/A, 2026-04-28 15:17:39) <-- (may instantiate this module)
                        /home/ahlemzenache/Documents/polarfire-soc-video-kit-reference-design_READ_WRITE/VKPFSOC_JPEG_WRITE_READ/component/work/top_ddr_write_read/top_ddr_write_read.v (N/A, 2026-04-28 14:59:32) <-- (may instantiate this module)
143      work.write_demux.write_demux may have changed because the following files changed:
                        /home/ahlemzenache/Documents/polarfire-soc-video-kit-reference-design_READ_WRITE/VKPFSOC_JPEG_WRITE_READ/component/Microchip/SolutionCore/DDR_AXI4_ARBITER_PF/2.2.0/RTL/DDR_AXI4_ARBITER_PF.v (N/A, 2026-04-28 14:59:19) <-- (may instantiate this module)
                        /home/ahlemzenache/Documents/polarfire-soc-video-kit-reference-design_READ_WRITE/VKPFSOC_JPEG_WRITE_READ/component/Microchip/SolutionCore/DDR_AXI4_ARBITER_PF/2.2.0/RTL/DDR_AXI4_ARBITER_PF_Native.v (N/A, 2026-04-28 14:59:19) <-- (may instantiate this module)
                        /home/ahlemzenache/Documents/polarfire-soc-video-kit-reference-design_READ_WRITE/VKPFSOC_JPEG_WRITE_READ/component/Microchip/SolutionCore/DDR_AXI4_ARBITER_PF/2.2.0/RTL/write_demux.vhd (N/A, 2026-04-28 14:59:19) <-- (architecture and entity definition)
                        /home/ahlemzenache/Documents/polarfire-soc-video-kit-reference-design_READ_WRITE/VKPFSOC_JPEG_WRITE_READ/component/Microchip/SolutionCore/DDR_AXI4_ARBITER_PF/2.2.0/RTL/write_top.v (N/A, 2026-04-28 14:59:19) <-- (may instantiate this module)
                        /home/ahlemzenache/Documents/polarfire-soc-video-kit-reference-design_READ_WRITE/VKPFSOC_JPEG_WRITE_READ/component/work/DDR_AXI4_ARBITER_PF_C0/DDR_AXI4_ARBITER_PF_C0.v (N/A, 2026-04-28 14:59:19) <-- (may instantiate this module)
                        /home/ahlemzenache/Documents/polarfire-soc-video-kit-reference-design_READ_WRITE/VKPFSOC_JPEG_WRITE_READ/component/work/VKPFSOC_TOP/VKPFSOC_TOP.v (N/A, 2026-04-28 15:17:39) <-- (may instantiate this module)
                        /home/ahlemzenache/Documents/polarfire-soc-video-kit-reference-design_READ_WRITE/VKPFSOC_JPEG_WRITE_READ/component/work/top_ddr_write_read/top_ddr_write_read.v (N/A, 2026-04-28 14:59:32) <-- (may instantiate this module)
145      work.write_mux.write_mux may have changed because the following files changed:
                        /home/ahlemzenache/Documents/polarfire-soc-video-kit-reference-design_READ_WRITE/VKPFSOC_JPEG_WRITE_READ/component/Microchip/SolutionCore/DDR_AXI4_ARBITER_PF/2.2.0/RTL/DDR_AXI4_ARBITER_PF.v (N/A, 2026-04-28 14:59:19) <-- (may instantiate this module)
                        /home/ahlemzenache/Documents/polarfire-soc-video-kit-reference-design_READ_WRITE/VKPFSOC_JPEG_WRITE_READ/component/Microchip/SolutionCore/DDR_AXI4_ARBITER_PF/2.2.0/RTL/DDR_AXI4_ARBITER_PF_Native.v (N/A, 2026-04-28 14:59:19) <-- (may instantiate this module)
                        /home/ahlemzenache/Documents/polarfire-soc-video-kit-reference-design_READ_WRITE/VKPFSOC_JPEG_WRITE_READ/component/Microchip/SolutionCore/DDR_AXI4_ARBITER_PF/2.2.0/RTL/write_mux.vhd (N/A, 2026-04-28 14:59:19) <-- (architecture and entity definition)
                        /home/ahlemzenache/Documents/polarfire-soc-video-kit-reference-design_READ_WRITE/VKPFSOC_JPEG_WRITE_READ/component/Microchip/SolutionCore/DDR_AXI4_ARBITER_PF/2.2.0/RTL/write_top.v (N/A, 2026-04-28 14:59:19) <-- (may instantiate this module)
                        /home/ahlemzenache/Documents/polarfire-soc-video-kit-reference-design_READ_WRITE/VKPFSOC_JPEG_WRITE_READ/component/work/DDR_AXI4_ARBITER_PF_C0/DDR_AXI4_ARBITER_PF_C0.v (N/A, 2026-04-28 14:59:19) <-- (may instantiate this module)
                        /home/ahlemzenache/Documents/polarfire-soc-video-kit-reference-design_READ_WRITE/VKPFSOC_JPEG_WRITE_READ/component/work/VKPFSOC_TOP/VKPFSOC_TOP.v (N/A, 2026-04-28 15:17:39) <-- (may instantiate this module)
                        /home/ahlemzenache/Documents/polarfire-soc-video-kit-reference-design_READ_WRITE/VKPFSOC_JPEG_WRITE_READ/component/work/top_ddr_write_read/top_ddr_write_read.v (N/A, 2026-04-28 14:59:32) <-- (may instantiate this module)
146      work.write_top.verilog may have changed because the following files changed:
                        /home/ahlemzenache/Documents/polarfire-soc-video-kit-reference-design_READ_WRITE/VKPFSOC_JPEG_WRITE_READ/component/Microchip/SolutionCore/DDR_AXI4_ARBITER_PF/2.2.0/RTL/DDR_AXI4_ARBITER_PF.v (N/A, 2026-04-28 14:59:19) <-- (may instantiate this module)
                        /home/ahlemzenache/Documents/polarfire-soc-video-kit-reference-design_READ_WRITE/VKPFSOC_JPEG_WRITE_READ/component/Microchip/SolutionCore/DDR_AXI4_ARBITER_PF/2.2.0/RTL/DDR_AXI4_ARBITER_PF_Native.v (N/A, 2026-04-28 14:59:19) <-- (may instantiate this module)
                        /home/ahlemzenache/Documents/polarfire-soc-video-kit-reference-design_READ_WRITE/VKPFSOC_JPEG_WRITE_READ/component/Microchip/SolutionCore/DDR_AXI4_ARBITER_PF/2.2.0/RTL/write_top.v (N/A, 2026-04-28 14:59:19) <-- (module definition)
                        /home/ahlemzenache/Documents/polarfire-soc-video-kit-reference-design_READ_WRITE/VKPFSOC_JPEG_WRITE_READ/component/work/DDR_AXI4_ARBITER_PF_C0/DDR_AXI4_ARBITER_PF_C0.v (N/A, 2026-04-28 14:59:19) <-- (may instantiate this module)
                        /home/ahlemzenache/Documents/polarfire-soc-video-kit-reference-design_READ_WRITE/VKPFSOC_JPEG_WRITE_READ/component/work/VKPFSOC_TOP/VKPFSOC_TOP.v (N/A, 2026-04-28 15:17:39) <-- (may instantiate this module)
                        /home/ahlemzenache/Documents/polarfire-soc-video-kit-reference-design_READ_WRITE/VKPFSOC_JPEG_WRITE_READ/component/work/top_ddr_write_read/top_ddr_write_read.v (N/A, 2026-04-28 14:59:32) <-- (may instantiate this module)

*******************************************************************
Unmodified files: 0
FID:  path (timestamp)

*******************************************************************
Unchanged modules: 0
MID:  lib.cell.view
