
Copyright (C) 1994-2023 Synopsys, Inc.
This Synopsys software and all associated documentation are proprietary to Synopsys, Inc.
and may only be used pursuant to the terms and conditions of a written license agreement
with Synopsys, Inc. All other use, reproduction, modification, or distribution of the
Synopsys software or the associated documentation is strictly prohibited.
Tool: Synplify Pro (R)
Build: V-2023.09M-5
Install: /home/ahlemzenache/microchip/Libero_SoC_2025.1/Libero_SoC/Synplify_Pro
OS: Ubuntu 24.04.4 LTS
Hostname: IO-ALG-LT003
max virtual memory: unlimited (bytes)
max user processes: 53556
max stack size: 8388608 (bytes)


Implementation : synthesis
Synopsys HDL compiler and linker, Version comp202309synp1, Build 540R, Built Apr 29 2025 06:34:33, @6004905

Modified Files: 74
FID:  path (prevtimestamp, timestamp)
0        /home/ahlemzenache/Documents/polarfire-soc-video-kit-reference-design (IMG_COMP_WRITE)/VKPFSOC_JPEG_WRITE/component/Actel/DirectCore/CoreAPB3/4.2.100/rtl/vlog/core/coreapb3.v (N/A, 2026-03-17 20:43:17)
1        /home/ahlemzenache/Documents/polarfire-soc-video-kit-reference-design (IMG_COMP_WRITE)/VKPFSOC_JPEG_WRITE/component/Actel/DirectCore/CoreAPB3/4.2.100/rtl/vlog/core/coreapb3_iaddr_reg.v (N/A, 2026-03-17 20:43:17)
2        /home/ahlemzenache/Documents/polarfire-soc-video-kit-reference-design (IMG_COMP_WRITE)/VKPFSOC_JPEG_WRITE/component/Actel/DirectCore/CoreAPB3/4.2.100/rtl/vlog/core/coreapb3_muxptob3.v (N/A, 2026-03-17 20:43:17)
3        /home/ahlemzenache/Documents/polarfire-soc-video-kit-reference-design (IMG_COMP_WRITE)/VKPFSOC_JPEG_WRITE/component/Microchip/SolutionCore/DDR_AXI4_ARBITER_PF/2.2.0/RTL/AXI4_M_M_IF.v (N/A, 2026-03-17 20:43:20)
4        /home/ahlemzenache/Documents/polarfire-soc-video-kit-reference-design (IMG_COMP_WRITE)/VKPFSOC_JPEG_WRITE/component/Microchip/SolutionCore/DDR_AXI4_ARBITER_PF/2.2.0/RTL/AXI4_S_IF.v (N/A, 2026-03-17 20:43:20)
5        /home/ahlemzenache/Documents/polarfire-soc-video-kit-reference-design (IMG_COMP_WRITE)/VKPFSOC_JPEG_WRITE/component/Microchip/SolutionCore/DDR_AXI4_ARBITER_PF/2.2.0/RTL/DDR_AXI4_ARBITER_PF.v (N/A, 2026-03-17 20:43:20)
6        /home/ahlemzenache/Documents/polarfire-soc-video-kit-reference-design (IMG_COMP_WRITE)/VKPFSOC_JPEG_WRITE/component/Microchip/SolutionCore/DDR_AXI4_ARBITER_PF/2.2.0/RTL/DDR_AXI4_ARBITER_PF_Native.v (N/A, 2026-03-17 20:43:20)
7        /home/ahlemzenache/Documents/polarfire-soc-video-kit-reference-design (IMG_COMP_WRITE)/VKPFSOC_JPEG_WRITE/component/Microchip/SolutionCore/DDR_AXI4_ARBITER_PF/2.2.0/RTL/axi_lbus_LSRAM_top.v (N/A, 2026-03-17 20:43:20)
8        /home/ahlemzenache/Documents/polarfire-soc-video-kit-reference-design (IMG_COMP_WRITE)/VKPFSOC_JPEG_WRITE/component/Microchip/SolutionCore/DDR_AXI4_ARBITER_PF/2.2.0/RTL/axi_lbus_corefifo_NstagesSync.v (N/A, 2026-03-17 20:43:20)
9        /home/ahlemzenache/Documents/polarfire-soc-video-kit-reference-design (IMG_COMP_WRITE)/VKPFSOC_JPEG_WRITE/component/Microchip/SolutionCore/DDR_AXI4_ARBITER_PF/2.2.0/RTL/axi_lbus_corefifo_async.v (N/A, 2026-03-17 20:43:20)
10       /home/ahlemzenache/Documents/polarfire-soc-video-kit-reference-design (IMG_COMP_WRITE)/VKPFSOC_JPEG_WRITE/component/Microchip/SolutionCore/DDR_AXI4_ARBITER_PF/2.2.0/RTL/axi_lbus_corefifo_fwft.v (N/A, 2026-03-17 20:43:20)
11       /home/ahlemzenache/Documents/polarfire-soc-video-kit-reference-design (IMG_COMP_WRITE)/VKPFSOC_JPEG_WRITE/component/Microchip/SolutionCore/DDR_AXI4_ARBITER_PF/2.2.0/RTL/axi_lbus_corefifo_grayToBinConv.v (N/A, 2026-03-17 20:43:20)
12       /home/ahlemzenache/Documents/polarfire-soc-video-kit-reference-design (IMG_COMP_WRITE)/VKPFSOC_JPEG_WRITE/component/Microchip/SolutionCore/DDR_AXI4_ARBITER_PF/2.2.0/RTL/axi_lbus_corefifo_resetSync.v (N/A, 2026-03-17 20:43:20)
13       /home/ahlemzenache/Documents/polarfire-soc-video-kit-reference-design (IMG_COMP_WRITE)/VKPFSOC_JPEG_WRITE/component/Microchip/SolutionCore/DDR_AXI4_ARBITER_PF/2.2.0/RTL/axi_lbus_corefifo_sync.v (N/A, 2026-03-17 20:43:20)
14       /home/ahlemzenache/Documents/polarfire-soc-video-kit-reference-design (IMG_COMP_WRITE)/VKPFSOC_JPEG_WRITE/component/Microchip/SolutionCore/DDR_AXI4_ARBITER_PF/2.2.0/RTL/axi_lbus_corefifo_sync_scntr.v (N/A, 2026-03-17 20:43:20)
15       /home/ahlemzenache/Documents/polarfire-soc-video-kit-reference-design (IMG_COMP_WRITE)/VKPFSOC_JPEG_WRITE/component/Microchip/SolutionCore/DDR_AXI4_ARBITER_PF/2.2.0/RTL/axi_lbus_ram_wrapper.v (N/A, 2026-03-17 20:43:20)
16       /home/ahlemzenache/Documents/polarfire-soc-video-kit-reference-design (IMG_COMP_WRITE)/VKPFSOC_JPEG_WRITE/component/Microchip/SolutionCore/DDR_AXI4_ARBITER_PF/2.2.0/RTL/ddr_rw_arbiter.v (N/A, 2026-03-17 20:43:20)
17       /home/ahlemzenache/Documents/polarfire-soc-video-kit-reference-design (IMG_COMP_WRITE)/VKPFSOC_JPEG_WRITE/component/Microchip/SolutionCore/DDR_AXI4_ARBITER_PF/2.2.0/RTL/read_demux.vhd (N/A, 2026-03-17 20:43:20)
18       /home/ahlemzenache/Documents/polarfire-soc-video-kit-reference-design (IMG_COMP_WRITE)/VKPFSOC_JPEG_WRITE/component/Microchip/SolutionCore/DDR_AXI4_ARBITER_PF/2.2.0/RTL/read_mux.vhd (N/A, 2026-03-17 20:43:20)
19       /home/ahlemzenache/Documents/polarfire-soc-video-kit-reference-design (IMG_COMP_WRITE)/VKPFSOC_JPEG_WRITE/component/Microchip/SolutionCore/DDR_AXI4_ARBITER_PF/2.2.0/RTL/read_top.v (N/A, 2026-03-17 20:43:20)
20       /home/ahlemzenache/Documents/polarfire-soc-video-kit-reference-design (IMG_COMP_WRITE)/VKPFSOC_JPEG_WRITE/component/Microchip/SolutionCore/DDR_AXI4_ARBITER_PF/2.2.0/RTL/request_scheduler.vhd (N/A, 2026-03-17 20:43:20)
21       /home/ahlemzenache/Documents/polarfire-soc-video-kit-reference-design (IMG_COMP_WRITE)/VKPFSOC_JPEG_WRITE/component/Microchip/SolutionCore/DDR_AXI4_ARBITER_PF/2.2.0/RTL/video_axi_fifo.v (N/A, 2026-03-17 20:43:20)
22       /home/ahlemzenache/Documents/polarfire-soc-video-kit-reference-design (IMG_COMP_WRITE)/VKPFSOC_JPEG_WRITE/component/Microchip/SolutionCore/DDR_AXI4_ARBITER_PF/2.2.0/RTL/write_demux.vhd (N/A, 2026-03-17 20:43:20)
23       /home/ahlemzenache/Documents/polarfire-soc-video-kit-reference-design (IMG_COMP_WRITE)/VKPFSOC_JPEG_WRITE/component/Microchip/SolutionCore/DDR_AXI4_ARBITER_PF/2.2.0/RTL/write_mux.vhd (N/A, 2026-03-17 20:43:20)
24       /home/ahlemzenache/Documents/polarfire-soc-video-kit-reference-design (IMG_COMP_WRITE)/VKPFSOC_JPEG_WRITE/component/Microchip/SolutionCore/DDR_AXI4_ARBITER_PF/2.2.0/RTL/write_top.v (N/A, 2026-03-17 20:43:20)
25       /home/ahlemzenache/Documents/polarfire-soc-video-kit-reference-design (IMG_COMP_WRITE)/VKPFSOC_JPEG_WRITE/component/syn_comps.v (N/A, 2026-06-07 15:51:20)
26       /home/ahlemzenache/Documents/polarfire-soc-video-kit-reference-design (IMG_COMP_WRITE)/VKPFSOC_JPEG_WRITE/component/work/CLOCKS_AND_RESETS/CLOCKS_AND_RESETS.v (N/A, 2026-03-17 20:43:17)
27       /home/ahlemzenache/Documents/polarfire-soc-video-kit-reference-design (IMG_COMP_WRITE)/VKPFSOC_JPEG_WRITE/component/work/CORERESET/CORERESET.v (N/A, 2026-03-17 20:43:10)
28       /home/ahlemzenache/Documents/polarfire-soc-video-kit-reference-design (IMG_COMP_WRITE)/VKPFSOC_JPEG_WRITE/component/work/CORERESET/CORERESET_0/core/corereset_pf.v (N/A, 2026-03-17 20:43:10)
29       /home/ahlemzenache/Documents/polarfire-soc-video-kit-reference-design (IMG_COMP_WRITE)/VKPFSOC_JPEG_WRITE/component/work/CORERESET_PF_C5/CORERESET_PF_C5.v (N/A, 2026-03-17 20:43:10)
30       /home/ahlemzenache/Documents/polarfire-soc-video-kit-reference-design (IMG_COMP_WRITE)/VKPFSOC_JPEG_WRITE/component/work/CORERESET_PF_C5/CORERESET_PF_C5_0/core/corereset_pf.v (N/A, 2026-03-17 20:43:10)
31       /home/ahlemzenache/Documents/polarfire-soc-video-kit-reference-design (IMG_COMP_WRITE)/VKPFSOC_JPEG_WRITE/component/work/CoreAPB3_C0/CoreAPB3_C0.v (N/A, 2026-03-17 20:43:17)
32       /home/ahlemzenache/Documents/polarfire-soc-video-kit-reference-design (IMG_COMP_WRITE)/VKPFSOC_JPEG_WRITE/component/work/DDR_AXI4_ARBITER_PF_C0/DDR_AXI4_ARBITER_PF_C0.v (N/A, 2026-03-17 20:43:20)
33       /home/ahlemzenache/Documents/polarfire-soc-video-kit-reference-design (IMG_COMP_WRITE)/VKPFSOC_JPEG_WRITE/component/work/DDR_WRITE_JPEG/DDR_WRITE_JPEG.v (N/A, 2026-03-17 20:43:25)
34       /home/ahlemzenache/Documents/polarfire-soc-video-kit-reference-design (IMG_COMP_WRITE)/VKPFSOC_JPEG_WRITE/component/work/FIC_CONVERTER/FIC_CONVERTER.v (N/A, 2026-03-17 20:43:19)
35       /home/ahlemzenache/Documents/polarfire-soc-video-kit-reference-design (IMG_COMP_WRITE)/VKPFSOC_JPEG_WRITE/component/work/INIT_MONITOR/INIT_MONITOR.v (N/A, 2026-03-17 20:43:10)
36       /home/ahlemzenache/Documents/polarfire-soc-video-kit-reference-design (IMG_COMP_WRITE)/VKPFSOC_JPEG_WRITE/component/work/INIT_MONITOR/INIT_MONITOR_0/INIT_MONITOR_INIT_MONITOR_0_PFSOC_INIT_MONITOR.v (N/A, 2026-03-17 20:43:10)
37       /home/ahlemzenache/Documents/polarfire-soc-video-kit-reference-design (IMG_COMP_WRITE)/VKPFSOC_JPEG_WRITE/component/work/MSS_VIDEO_KIT_H264/MSS_BYP_NOBYP_BYP_BYP_BYP_syn_comps.v (N/A, 2026-03-17 20:43:08)
38       /home/ahlemzenache/Documents/polarfire-soc-video-kit-reference-design (IMG_COMP_WRITE)/VKPFSOC_JPEG_WRITE/component/work/MSS_VIDEO_KIT_H264/MSS_VIDEO_KIT_H264.v (N/A, 2026-03-17 20:43:07)
39       /home/ahlemzenache/Documents/polarfire-soc-video-kit-reference-design (IMG_COMP_WRITE)/VKPFSOC_JPEG_WRITE/component/work/PF_CCC_C0/PF_CCC_C0.v (N/A, 2026-03-17 20:43:12)
40       /home/ahlemzenache/Documents/polarfire-soc-video-kit-reference-design (IMG_COMP_WRITE)/VKPFSOC_JPEG_WRITE/component/work/PF_CCC_C0/PF_CCC_C0_0/PF_CCC_C0_PF_CCC_C0_0_PF_CCC.v (N/A, 2026-03-17 20:43:12)
41       /home/ahlemzenache/Documents/polarfire-soc-video-kit-reference-design (IMG_COMP_WRITE)/VKPFSOC_JPEG_WRITE/component/work/PF_CLK_DIV_C0/PF_CLK_DIV_C0.v (N/A, 2026-03-17 20:43:13)
42       /home/ahlemzenache/Documents/polarfire-soc-video-kit-reference-design (IMG_COMP_WRITE)/VKPFSOC_JPEG_WRITE/component/work/PF_CLK_DIV_C0/PF_CLK_DIV_C0_0/PF_CLK_DIV_C0_PF_CLK_DIV_C0_0_PF_CLK_DIV.v (N/A, 2026-03-17 20:43:13)
43       /home/ahlemzenache/Documents/polarfire-soc-video-kit-reference-design (IMG_COMP_WRITE)/VKPFSOC_JPEG_WRITE/component/work/PF_OSC_C0/PF_OSC_C0.v (N/A, 2026-03-17 20:43:13)
44       /home/ahlemzenache/Documents/polarfire-soc-video-kit-reference-design (IMG_COMP_WRITE)/VKPFSOC_JPEG_WRITE/component/work/PF_OSC_C0/PF_OSC_C0_0/PF_OSC_C0_PF_OSC_C0_0_PF_OSC.v (N/A, 2026-03-17 20:43:13)
45       /home/ahlemzenache/Documents/polarfire-soc-video-kit-reference-design (IMG_COMP_WRITE)/VKPFSOC_JPEG_WRITE/component/work/PF_XCVR_REF_CLK_C0/PF_XCVR_REF_CLK_C0.v (N/A, 2026-03-17 20:43:13)
46       /home/ahlemzenache/Documents/polarfire-soc-video-kit-reference-design (IMG_COMP_WRITE)/VKPFSOC_JPEG_WRITE/component/work/PF_XCVR_REF_CLK_C0/PF_XCVR_REF_CLK_C0_0/PF_XCVR_REF_CLK_C0_PF_XCVR_REF_CLK_C0_0_PF_XCVR_REF_CLK.v (N/A, 2026-03-17 20:43:13)
47       /home/ahlemzenache/Documents/polarfire-soc-video-kit-reference-design (IMG_COMP_WRITE)/VKPFSOC_JPEG_WRITE/component/work/VKPFSOC_TOP/VKPFSOC_TOP.v (N/A, 2026-04-27 09:22:11)
48       /home/ahlemzenache/Documents/polarfire-soc-video-kit-reference-design (IMG_COMP_WRITE)/VKPFSOC_JPEG_WRITE/component/work/top_ddr_write/top_ddr_write.v (N/A, 2026-04-27 09:21:23)
49       /home/ahlemzenache/Documents/polarfire-soc-video-kit-reference-design (IMG_COMP_WRITE)/VKPFSOC_JPEG_WRITE/hdl/data_packer.vhd (N/A, 2026-03-17 20:43:08)
50       /home/ahlemzenache/Documents/polarfire-soc-video-kit-reference-design (IMG_COMP_WRITE)/VKPFSOC_JPEG_WRITE/hdl/ddr_write_controller_enc.v (N/A, 2026-06-07 12:39:13)
51       /home/ahlemzenache/Documents/polarfire-soc-video-kit-reference-design (IMG_COMP_WRITE)/VKPFSOC_JPEG_WRITE/hdl/jpeg_top.v (N/A, 2026-04-27 09:18:20)
52       /home/ahlemzenache/Documents/polarfire-soc-video-kit-reference-design (IMG_COMP_WRITE)/VKPFSOC_JPEG_WRITE/hdl/ram2port.vhd (N/A, 2026-03-17 20:43:08)
53       /home/ahlemzenache/Documents/polarfire-soc-video-kit-reference-design (IMG_COMP_WRITE)/VKPFSOC_JPEG_WRITE/hdl/video_fifo.vhd (N/A, 2026-03-17 20:43:08)
54       /home/ahlemzenache/Documents/polarfire-soc-video-kit-reference-design (IMG_COMP_WRITE)/script_support/hdl/JPEG_WRITE/apb_wrapper.v (N/A, 2026-04-27 09:17:26)
55       /home/ahlemzenache/Documents/polarfire-soc-video-kit-reference-design (IMG_COMP_WRITE)/script_support/hdl/JPEG_WRITE/jls_encoder.v (N/A, 2026-02-23 13:35:20)
56       /home/ahlemzenache/Documents/polarfire-soc-video-kit-reference-design (IMG_COMP_WRITE)/script_support/hdl/JPEG_WRITE/jpeg_control_fsm.v (N/A, 2026-03-10 11:12:04)
57       /home/ahlemzenache/Documents/polarfire-soc-video-kit-reference-design (IMG_COMP_WRITE)/script_support/hdl/JPEG_WRITE/ram8bit_input.v (N/A, 2026-03-10 10:58:55)
58       /home/ahlemzenache/microchip/Libero_SoC_2025.1/Libero_SoC/Synplify_Pro/lib/generic/acg5.v (N/A, 2025-04-29 14:08:00)
59       /home/ahlemzenache/microchip/Libero_SoC_2025.1/Libero_SoC/Synplify_Pro/lib/vhd/hyperents.vhd (N/A, 2025-04-29 14:27:56)
60       /home/ahlemzenache/microchip/Libero_SoC_2025.1/Libero_SoC/Synplify_Pro/lib/vhd/math_real.vhd (N/A, 2025-04-29 14:38:21)
61       /home/ahlemzenache/microchip/Libero_SoC_2025.1/Libero_SoC/Synplify_Pro/lib/vhd/snps_haps_pkg.vhd (N/A, 2025-04-29 14:27:56)
62       /home/ahlemzenache/microchip/Libero_SoC_2025.1/Libero_SoC/Synplify_Pro/lib/vhd/umr_capim.vhd (N/A, 2025-04-29 14:27:57)
63       /home/ahlemzenache/microchip/Libero_SoC_2025.1/Libero_SoC/Synplify_Pro/lib/vhd2008/arith.vhd (N/A, 2025-04-29 14:27:56)
64       /home/ahlemzenache/microchip/Libero_SoC_2025.1/Libero_SoC/Synplify_Pro/lib/vhd2008/location.map (N/A, 2025-04-29 14:27:57)
65       /home/ahlemzenache/microchip/Libero_SoC_2025.1/Libero_SoC/Synplify_Pro/lib/vhd2008/numeric.vhd (N/A, 2025-04-29 14:38:21)
66       /home/ahlemzenache/microchip/Libero_SoC_2025.1/Libero_SoC/Synplify_Pro/lib/vhd2008/std.vhd (N/A, 2025-04-29 14:27:57)
67       /home/ahlemzenache/microchip/Libero_SoC_2025.1/Libero_SoC/Synplify_Pro/lib/vhd2008/std1164.vhd (N/A, 2025-04-29 14:27:57)
68       /home/ahlemzenache/microchip/Libero_SoC_2025.1/Libero_SoC/Synplify_Pro/lib/vhd2008/std_textio.vhd (N/A, 2025-04-29 14:27:57)
69       /home/ahlemzenache/microchip/Libero_SoC_2025.1/Libero_SoC/Synplify_Pro/lib/vhd2008/unsigned.vhd (N/A, 2025-04-29 14:27:57)
70       /home/ahlemzenache/microchip/Libero_SoC_2025.1/Libero_SoC/Synplify_Pro/lib/vlog/hypermods.v (N/A, 2025-04-29 14:27:56)
71       /home/ahlemzenache/microchip/Libero_SoC_2025.1/Libero_SoC/Synplify_Pro/lib/vlog/scemi_objects.v (N/A, 2025-04-29 14:27:56)
72       /home/ahlemzenache/microchip/Libero_SoC_2025.1/Libero_SoC/Synplify_Pro/lib/vlog/scemi_pipes.svh (N/A, 2025-04-29 14:27:56)
73       /home/ahlemzenache/microchip/Libero_SoC_2025.1/Libero_SoC/Synplify_Pro/lib/vlog/umr_capim.v (N/A, 2025-04-29 14:08:12)

*******************************************************************
Modules that may have changed as a result of file changes: 129
MID:  lib.cell.view
0        COREAPB3_LIB.COREAPB3_MUXPTOB3.verilog may have changed because the following files changed:
                        /home/ahlemzenache/Documents/polarfire-soc-video-kit-reference-design (IMG_COMP_WRITE)/VKPFSOC_JPEG_WRITE/component/Actel/DirectCore/CoreAPB3/4.2.100/rtl/vlog/core/coreapb3.v (N/A, 2026-03-17 20:43:17) <-- (may instantiate this module)
                        /home/ahlemzenache/Documents/polarfire-soc-video-kit-reference-design (IMG_COMP_WRITE)/VKPFSOC_JPEG_WRITE/component/Actel/DirectCore/CoreAPB3/4.2.100/rtl/vlog/core/coreapb3_muxptob3.v (N/A, 2026-03-17 20:43:17) <-- (module definition)
                        /home/ahlemzenache/Documents/polarfire-soc-video-kit-reference-design (IMG_COMP_WRITE)/VKPFSOC_JPEG_WRITE/component/work/CoreAPB3_C0/CoreAPB3_C0.v (N/A, 2026-03-17 20:43:17) <-- (may instantiate this module)
                        /home/ahlemzenache/Documents/polarfire-soc-video-kit-reference-design (IMG_COMP_WRITE)/VKPFSOC_JPEG_WRITE/component/work/FIC_CONVERTER/FIC_CONVERTER.v (N/A, 2026-03-17 20:43:19) <-- (may instantiate this module)
                        /home/ahlemzenache/Documents/polarfire-soc-video-kit-reference-design (IMG_COMP_WRITE)/VKPFSOC_JPEG_WRITE/component/work/VKPFSOC_TOP/VKPFSOC_TOP.v (N/A, 2026-04-27 09:22:11) <-- (may instantiate this module)
1        COREAPB3_LIB.CoreAPB3.verilog may have changed because the following files changed:
                        /home/ahlemzenache/Documents/polarfire-soc-video-kit-reference-design (IMG_COMP_WRITE)/VKPFSOC_JPEG_WRITE/component/Actel/DirectCore/CoreAPB3/4.2.100/rtl/vlog/core/coreapb3.v (N/A, 2026-03-17 20:43:17) <-- (module definition)
                        /home/ahlemzenache/Documents/polarfire-soc-video-kit-reference-design (IMG_COMP_WRITE)/VKPFSOC_JPEG_WRITE/component/work/CoreAPB3_C0/CoreAPB3_C0.v (N/A, 2026-03-17 20:43:17) <-- (may instantiate this module)
                        /home/ahlemzenache/Documents/polarfire-soc-video-kit-reference-design (IMG_COMP_WRITE)/VKPFSOC_JPEG_WRITE/component/work/FIC_CONVERTER/FIC_CONVERTER.v (N/A, 2026-03-17 20:43:19) <-- (may instantiate this module)
                        /home/ahlemzenache/Documents/polarfire-soc-video-kit-reference-design (IMG_COMP_WRITE)/VKPFSOC_JPEG_WRITE/component/work/VKPFSOC_TOP/VKPFSOC_TOP.v (N/A, 2026-04-27 09:22:11) <-- (may instantiate this module)
2        COREAPB3_LIB.coreapb3_iaddr_reg.verilog may have changed because the following files changed:
                        /home/ahlemzenache/Documents/polarfire-soc-video-kit-reference-design (IMG_COMP_WRITE)/VKPFSOC_JPEG_WRITE/component/Actel/DirectCore/CoreAPB3/4.2.100/rtl/vlog/core/coreapb3.v (N/A, 2026-03-17 20:43:17) <-- (may instantiate this module)
                        /home/ahlemzenache/Documents/polarfire-soc-video-kit-reference-design (IMG_COMP_WRITE)/VKPFSOC_JPEG_WRITE/component/Actel/DirectCore/CoreAPB3/4.2.100/rtl/vlog/core/coreapb3_iaddr_reg.v (N/A, 2026-03-17 20:43:17) <-- (module definition)
                        /home/ahlemzenache/Documents/polarfire-soc-video-kit-reference-design (IMG_COMP_WRITE)/VKPFSOC_JPEG_WRITE/component/work/CoreAPB3_C0/CoreAPB3_C0.v (N/A, 2026-03-17 20:43:17) <-- (may instantiate this module)
                        /home/ahlemzenache/Documents/polarfire-soc-video-kit-reference-design (IMG_COMP_WRITE)/VKPFSOC_JPEG_WRITE/component/work/FIC_CONVERTER/FIC_CONVERTER.v (N/A, 2026-03-17 20:43:19) <-- (may instantiate this module)
                        /home/ahlemzenache/Documents/polarfire-soc-video-kit-reference-design (IMG_COMP_WRITE)/VKPFSOC_JPEG_WRITE/component/work/VKPFSOC_TOP/VKPFSOC_TOP.v (N/A, 2026-04-27 09:22:11) <-- (may instantiate this module)
3        work.APBM.verilog may have changed because the following files changed:
                        /home/ahlemzenache/Documents/polarfire-soc-video-kit-reference-design (IMG_COMP_WRITE)/VKPFSOC_JPEG_WRITE/component/syn_comps.v (N/A, 2026-06-07 15:51:20) <-- (module definition)
                        /home/ahlemzenache/Documents/polarfire-soc-video-kit-reference-design (IMG_COMP_WRITE)/VKPFSOC_JPEG_WRITE/component/work/CLOCKS_AND_RESETS/CLOCKS_AND_RESETS.v (N/A, 2026-03-17 20:43:17) <-- (may instantiate this module)
                        /home/ahlemzenache/Documents/polarfire-soc-video-kit-reference-design (IMG_COMP_WRITE)/VKPFSOC_JPEG_WRITE/component/work/INIT_MONITOR/INIT_MONITOR.v (N/A, 2026-03-17 20:43:10) <-- (may instantiate this module)
                        /home/ahlemzenache/Documents/polarfire-soc-video-kit-reference-design (IMG_COMP_WRITE)/VKPFSOC_JPEG_WRITE/component/work/INIT_MONITOR/INIT_MONITOR_0/INIT_MONITOR_INIT_MONITOR_0_PFSOC_INIT_MONITOR.v (N/A, 2026-03-17 20:43:10) <-- (may instantiate this module)
                        /home/ahlemzenache/Documents/polarfire-soc-video-kit-reference-design (IMG_COMP_WRITE)/VKPFSOC_JPEG_WRITE/component/work/PF_CCC_C0/PF_CCC_C0.v (N/A, 2026-03-17 20:43:12) <-- (may instantiate this module)
                        /home/ahlemzenache/Documents/polarfire-soc-video-kit-reference-design (IMG_COMP_WRITE)/VKPFSOC_JPEG_WRITE/component/work/PF_CCC_C0/PF_CCC_C0_0/PF_CCC_C0_PF_CCC_C0_0_PF_CCC.v (N/A, 2026-03-17 20:43:12) <-- (may instantiate this module)
                        /home/ahlemzenache/Documents/polarfire-soc-video-kit-reference-design (IMG_COMP_WRITE)/VKPFSOC_JPEG_WRITE/component/work/PF_CLK_DIV_C0/PF_CLK_DIV_C0.v (N/A, 2026-03-17 20:43:13) <-- (may instantiate this module)
                        /home/ahlemzenache/Documents/polarfire-soc-video-kit-reference-design (IMG_COMP_WRITE)/VKPFSOC_JPEG_WRITE/component/work/PF_CLK_DIV_C0/PF_CLK_DIV_C0_0/PF_CLK_DIV_C0_PF_CLK_DIV_C0_0_PF_CLK_DIV.v (N/A, 2026-03-17 20:43:13) <-- (may instantiate this module)
                        /home/ahlemzenache/Documents/polarfire-soc-video-kit-reference-design (IMG_COMP_WRITE)/VKPFSOC_JPEG_WRITE/component/work/PF_OSC_C0/PF_OSC_C0.v (N/A, 2026-03-17 20:43:13) <-- (may instantiate this module)
                        /home/ahlemzenache/Documents/polarfire-soc-video-kit-reference-design (IMG_COMP_WRITE)/VKPFSOC_JPEG_WRITE/component/work/PF_OSC_C0/PF_OSC_C0_0/PF_OSC_C0_PF_OSC_C0_0_PF_OSC.v (N/A, 2026-03-17 20:43:13) <-- (may instantiate this module)
                        /home/ahlemzenache/Documents/polarfire-soc-video-kit-reference-design (IMG_COMP_WRITE)/VKPFSOC_JPEG_WRITE/component/work/PF_XCVR_REF_CLK_C0/PF_XCVR_REF_CLK_C0.v (N/A, 2026-03-17 20:43:13) <-- (may instantiate this module)
                        /home/ahlemzenache/Documents/polarfire-soc-video-kit-reference-design (IMG_COMP_WRITE)/VKPFSOC_JPEG_WRITE/component/work/PF_XCVR_REF_CLK_C0/PF_XCVR_REF_CLK_C0_0/PF_XCVR_REF_CLK_C0_PF_XCVR_REF_CLK_C0_0_PF_XCVR_REF_CLK.v (N/A, 2026-03-17 20:43:13) <-- (may instantiate this module)
                        /home/ahlemzenache/Documents/polarfire-soc-video-kit-reference-design (IMG_COMP_WRITE)/VKPFSOC_JPEG_WRITE/component/work/VKPFSOC_TOP/VKPFSOC_TOP.v (N/A, 2026-04-27 09:22:11) <-- (may instantiate this module)
4        work.APBS.verilog may have changed because the following files changed:
                        /home/ahlemzenache/Documents/polarfire-soc-video-kit-reference-design (IMG_COMP_WRITE)/VKPFSOC_JPEG_WRITE/component/syn_comps.v (N/A, 2026-06-07 15:51:20) <-- (module definition)
                        /home/ahlemzenache/Documents/polarfire-soc-video-kit-reference-design (IMG_COMP_WRITE)/VKPFSOC_JPEG_WRITE/component/work/CLOCKS_AND_RESETS/CLOCKS_AND_RESETS.v (N/A, 2026-03-17 20:43:17) <-- (may instantiate this module)
                        /home/ahlemzenache/Documents/polarfire-soc-video-kit-reference-design (IMG_COMP_WRITE)/VKPFSOC_JPEG_WRITE/component/work/INIT_MONITOR/INIT_MONITOR.v (N/A, 2026-03-17 20:43:10) <-- (may instantiate this module)
                        /home/ahlemzenache/Documents/polarfire-soc-video-kit-reference-design (IMG_COMP_WRITE)/VKPFSOC_JPEG_WRITE/component/work/INIT_MONITOR/INIT_MONITOR_0/INIT_MONITOR_INIT_MONITOR_0_PFSOC_INIT_MONITOR.v (N/A, 2026-03-17 20:43:10) <-- (may instantiate this module)
                        /home/ahlemzenache/Documents/polarfire-soc-video-kit-reference-design (IMG_COMP_WRITE)/VKPFSOC_JPEG_WRITE/component/work/PF_CCC_C0/PF_CCC_C0.v (N/A, 2026-03-17 20:43:12) <-- (may instantiate this module)
                        /home/ahlemzenache/Documents/polarfire-soc-video-kit-reference-design (IMG_COMP_WRITE)/VKPFSOC_JPEG_WRITE/component/work/PF_CCC_C0/PF_CCC_C0_0/PF_CCC_C0_PF_CCC_C0_0_PF_CCC.v (N/A, 2026-03-17 20:43:12) <-- (may instantiate this module)
                        /home/ahlemzenache/Documents/polarfire-soc-video-kit-reference-design (IMG_COMP_WRITE)/VKPFSOC_JPEG_WRITE/component/work/PF_CLK_DIV_C0/PF_CLK_DIV_C0.v (N/A, 2026-03-17 20:43:13) <-- (may instantiate this module)
                        /home/ahlemzenache/Documents/polarfire-soc-video-kit-reference-design (IMG_COMP_WRITE)/VKPFSOC_JPEG_WRITE/component/work/PF_CLK_DIV_C0/PF_CLK_DIV_C0_0/PF_CLK_DIV_C0_PF_CLK_DIV_C0_0_PF_CLK_DIV.v (N/A, 2026-03-17 20:43:13) <-- (may instantiate this module)
                        /home/ahlemzenache/Documents/polarfire-soc-video-kit-reference-design (IMG_COMP_WRITE)/VKPFSOC_JPEG_WRITE/component/work/PF_OSC_C0/PF_OSC_C0.v (N/A, 2026-03-17 20:43:13) <-- (may instantiate this module)
                        /home/ahlemzenache/Documents/polarfire-soc-video-kit-reference-design (IMG_COMP_WRITE)/VKPFSOC_JPEG_WRITE/component/work/PF_OSC_C0/PF_OSC_C0_0/PF_OSC_C0_PF_OSC_C0_0_PF_OSC.v (N/A, 2026-03-17 20:43:13) <-- (may instantiate this module)
                        /home/ahlemzenache/Documents/polarfire-soc-video-kit-reference-design (IMG_COMP_WRITE)/VKPFSOC_JPEG_WRITE/component/work/PF_XCVR_REF_CLK_C0/PF_XCVR_REF_CLK_C0.v (N/A, 2026-03-17 20:43:13) <-- (may instantiate this module)
                        /home/ahlemzenache/Documents/polarfire-soc-video-kit-reference-design (IMG_COMP_WRITE)/VKPFSOC_JPEG_WRITE/component/work/PF_XCVR_REF_CLK_C0/PF_XCVR_REF_CLK_C0_0/PF_XCVR_REF_CLK_C0_PF_XCVR_REF_CLK_C0_0_PF_XCVR_REF_CLK.v (N/A, 2026-03-17 20:43:13) <-- (may instantiate this module)
                        /home/ahlemzenache/Documents/polarfire-soc-video-kit-reference-design (IMG_COMP_WRITE)/VKPFSOC_JPEG_WRITE/component/work/VKPFSOC_TOP/VKPFSOC_TOP.v (N/A, 2026-04-27 09:22:11) <-- (may instantiate this module)
5        work.AXI4_M_M_IF.verilog may have changed because the following files changed:
                        /home/ahlemzenache/Documents/polarfire-soc-video-kit-reference-design (IMG_COMP_WRITE)/VKPFSOC_JPEG_WRITE/component/Microchip/SolutionCore/DDR_AXI4_ARBITER_PF/2.2.0/RTL/AXI4_M_M_IF.v (N/A, 2026-03-17 20:43:20) <-- (module definition)
                        /home/ahlemzenache/Documents/polarfire-soc-video-kit-reference-design (IMG_COMP_WRITE)/VKPFSOC_JPEG_WRITE/component/Microchip/SolutionCore/DDR_AXI4_ARBITER_PF/2.2.0/RTL/DDR_AXI4_ARBITER_PF.v (N/A, 2026-03-17 20:43:20) <-- (may instantiate this module)
                        /home/ahlemzenache/Documents/polarfire-soc-video-kit-reference-design (IMG_COMP_WRITE)/VKPFSOC_JPEG_WRITE/component/work/DDR_AXI4_ARBITER_PF_C0/DDR_AXI4_ARBITER_PF_C0.v (N/A, 2026-03-17 20:43:20) <-- (may instantiate this module)
                        /home/ahlemzenache/Documents/polarfire-soc-video-kit-reference-design (IMG_COMP_WRITE)/VKPFSOC_JPEG_WRITE/component/work/VKPFSOC_TOP/VKPFSOC_TOP.v (N/A, 2026-04-27 09:22:11) <-- (may instantiate this module)
                        /home/ahlemzenache/Documents/polarfire-soc-video-kit-reference-design (IMG_COMP_WRITE)/VKPFSOC_JPEG_WRITE/component/work/top_ddr_write/top_ddr_write.v (N/A, 2026-04-27 09:21:23) <-- (may instantiate this module)
6        work.AXI4_S_IF.verilog may have changed because the following files changed:
                        /home/ahlemzenache/Documents/polarfire-soc-video-kit-reference-design (IMG_COMP_WRITE)/VKPFSOC_JPEG_WRITE/component/Microchip/SolutionCore/DDR_AXI4_ARBITER_PF/2.2.0/RTL/AXI4_S_IF.v (N/A, 2026-03-17 20:43:20) <-- (module definition)
                        /home/ahlemzenache/Documents/polarfire-soc-video-kit-reference-design (IMG_COMP_WRITE)/VKPFSOC_JPEG_WRITE/component/Microchip/SolutionCore/DDR_AXI4_ARBITER_PF/2.2.0/RTL/DDR_AXI4_ARBITER_PF.v (N/A, 2026-03-17 20:43:20) <-- (may instantiate this module)
                        /home/ahlemzenache/Documents/polarfire-soc-video-kit-reference-design (IMG_COMP_WRITE)/VKPFSOC_JPEG_WRITE/component/work/DDR_AXI4_ARBITER_PF_C0/DDR_AXI4_ARBITER_PF_C0.v (N/A, 2026-03-17 20:43:20) <-- (may instantiate this module)
                        /home/ahlemzenache/Documents/polarfire-soc-video-kit-reference-design (IMG_COMP_WRITE)/VKPFSOC_JPEG_WRITE/component/work/VKPFSOC_TOP/VKPFSOC_TOP.v (N/A, 2026-04-27 09:22:11) <-- (may instantiate this module)
                        /home/ahlemzenache/Documents/polarfire-soc-video-kit-reference-design (IMG_COMP_WRITE)/VKPFSOC_JPEG_WRITE/component/work/top_ddr_write/top_ddr_write.v (N/A, 2026-04-27 09:21:23) <-- (may instantiate this module)
7        work.BANKCTRLM.verilog may have changed because the following files changed:
                        /home/ahlemzenache/Documents/polarfire-soc-video-kit-reference-design (IMG_COMP_WRITE)/VKPFSOC_JPEG_WRITE/component/syn_comps.v (N/A, 2026-06-07 15:51:20) <-- (module definition)
                        /home/ahlemzenache/Documents/polarfire-soc-video-kit-reference-design (IMG_COMP_WRITE)/VKPFSOC_JPEG_WRITE/component/work/CLOCKS_AND_RESETS/CLOCKS_AND_RESETS.v (N/A, 2026-03-17 20:43:17) <-- (may instantiate this module)
                        /home/ahlemzenache/Documents/polarfire-soc-video-kit-reference-design (IMG_COMP_WRITE)/VKPFSOC_JPEG_WRITE/component/work/INIT_MONITOR/INIT_MONITOR.v (N/A, 2026-03-17 20:43:10) <-- (may instantiate this module)
                        /home/ahlemzenache/Documents/polarfire-soc-video-kit-reference-design (IMG_COMP_WRITE)/VKPFSOC_JPEG_WRITE/component/work/INIT_MONITOR/INIT_MONITOR_0/INIT_MONITOR_INIT_MONITOR_0_PFSOC_INIT_MONITOR.v (N/A, 2026-03-17 20:43:10) <-- (may instantiate this module)
                        /home/ahlemzenache/Documents/polarfire-soc-video-kit-reference-design (IMG_COMP_WRITE)/VKPFSOC_JPEG_WRITE/component/work/PF_CCC_C0/PF_CCC_C0.v (N/A, 2026-03-17 20:43:12) <-- (may instantiate this module)
                        /home/ahlemzenache/Documents/polarfire-soc-video-kit-reference-design (IMG_COMP_WRITE)/VKPFSOC_JPEG_WRITE/component/work/PF_CCC_C0/PF_CCC_C0_0/PF_CCC_C0_PF_CCC_C0_0_PF_CCC.v (N/A, 2026-03-17 20:43:12) <-- (may instantiate this module)
                        /home/ahlemzenache/Documents/polarfire-soc-video-kit-reference-design (IMG_COMP_WRITE)/VKPFSOC_JPEG_WRITE/component/work/PF_CLK_DIV_C0/PF_CLK_DIV_C0.v (N/A, 2026-03-17 20:43:13) <-- (may instantiate this module)
                        /home/ahlemzenache/Documents/polarfire-soc-video-kit-reference-design (IMG_COMP_WRITE)/VKPFSOC_JPEG_WRITE/component/work/PF_CLK_DIV_C0/PF_CLK_DIV_C0_0/PF_CLK_DIV_C0_PF_CLK_DIV_C0_0_PF_CLK_DIV.v (N/A, 2026-03-17 20:43:13) <-- (may instantiate this module)
                        /home/ahlemzenache/Documents/polarfire-soc-video-kit-reference-design (IMG_COMP_WRITE)/VKPFSOC_JPEG_WRITE/component/work/PF_OSC_C0/PF_OSC_C0.v (N/A, 2026-03-17 20:43:13) <-- (may instantiate this module)
                        /home/ahlemzenache/Documents/polarfire-soc-video-kit-reference-design (IMG_COMP_WRITE)/VKPFSOC_JPEG_WRITE/component/work/PF_OSC_C0/PF_OSC_C0_0/PF_OSC_C0_PF_OSC_C0_0_PF_OSC.v (N/A, 2026-03-17 20:43:13) <-- (may instantiate this module)
                        /home/ahlemzenache/Documents/polarfire-soc-video-kit-reference-design (IMG_COMP_WRITE)/VKPFSOC_JPEG_WRITE/component/work/PF_XCVR_REF_CLK_C0/PF_XCVR_REF_CLK_C0.v (N/A, 2026-03-17 20:43:13) <-- (may instantiate this module)
                        /home/ahlemzenache/Documents/polarfire-soc-video-kit-reference-design (IMG_COMP_WRITE)/VKPFSOC_JPEG_WRITE/component/work/PF_XCVR_REF_CLK_C0/PF_XCVR_REF_CLK_C0_0/PF_XCVR_REF_CLK_C0_PF_XCVR_REF_CLK_C0_0_PF_XCVR_REF_CLK.v (N/A, 2026-03-17 20:43:13) <-- (may instantiate this module)
                        /home/ahlemzenache/Documents/polarfire-soc-video-kit-reference-design (IMG_COMP_WRITE)/VKPFSOC_JPEG_WRITE/component/work/VKPFSOC_TOP/VKPFSOC_TOP.v (N/A, 2026-04-27 09:22:11) <-- (may instantiate this module)
8        work.BANKCTRL_GPIO.verilog may have changed because the following files changed:
                        /home/ahlemzenache/Documents/polarfire-soc-video-kit-reference-design (IMG_COMP_WRITE)/VKPFSOC_JPEG_WRITE/component/syn_comps.v (N/A, 2026-06-07 15:51:20) <-- (module definition)
                        /home/ahlemzenache/Documents/polarfire-soc-video-kit-reference-design (IMG_COMP_WRITE)/VKPFSOC_JPEG_WRITE/component/work/CLOCKS_AND_RESETS/CLOCKS_AND_RESETS.v (N/A, 2026-03-17 20:43:17) <-- (may instantiate this module)
                        /home/ahlemzenache/Documents/polarfire-soc-video-kit-reference-design (IMG_COMP_WRITE)/VKPFSOC_JPEG_WRITE/component/work/INIT_MONITOR/INIT_MONITOR.v (N/A, 2026-03-17 20:43:10) <-- (may instantiate this module)
                        /home/ahlemzenache/Documents/polarfire-soc-video-kit-reference-design (IMG_COMP_WRITE)/VKPFSOC_JPEG_WRITE/component/work/INIT_MONITOR/INIT_MONITOR_0/INIT_MONITOR_INIT_MONITOR_0_PFSOC_INIT_MONITOR.v (N/A, 2026-03-17 20:43:10) <-- (may instantiate this module)
                        /home/ahlemzenache/Documents/polarfire-soc-video-kit-reference-design (IMG_COMP_WRITE)/VKPFSOC_JPEG_WRITE/component/work/PF_CCC_C0/PF_CCC_C0.v (N/A, 2026-03-17 20:43:12) <-- (may instantiate this module)
                        /home/ahlemzenache/Documents/polarfire-soc-video-kit-reference-design (IMG_COMP_WRITE)/VKPFSOC_JPEG_WRITE/component/work/PF_CCC_C0/PF_CCC_C0_0/PF_CCC_C0_PF_CCC_C0_0_PF_CCC.v (N/A, 2026-03-17 20:43:12) <-- (may instantiate this module)
                        /home/ahlemzenache/Documents/polarfire-soc-video-kit-reference-design (IMG_COMP_WRITE)/VKPFSOC_JPEG_WRITE/component/work/PF_CLK_DIV_C0/PF_CLK_DIV_C0.v (N/A, 2026-03-17 20:43:13) <-- (may instantiate this module)
                        /home/ahlemzenache/Documents/polarfire-soc-video-kit-reference-design (IMG_COMP_WRITE)/VKPFSOC_JPEG_WRITE/component/work/PF_CLK_DIV_C0/PF_CLK_DIV_C0_0/PF_CLK_DIV_C0_PF_CLK_DIV_C0_0_PF_CLK_DIV.v (N/A, 2026-03-17 20:43:13) <-- (may instantiate this module)
                        /home/ahlemzenache/Documents/polarfire-soc-video-kit-reference-design (IMG_COMP_WRITE)/VKPFSOC_JPEG_WRITE/component/work/PF_OSC_C0/PF_OSC_C0.v (N/A, 2026-03-17 20:43:13) <-- (may instantiate this module)
                        /home/ahlemzenache/Documents/polarfire-soc-video-kit-reference-design (IMG_COMP_WRITE)/VKPFSOC_JPEG_WRITE/component/work/PF_OSC_C0/PF_OSC_C0_0/PF_OSC_C0_PF_OSC_C0_0_PF_OSC.v (N/A, 2026-03-17 20:43:13) <-- (may instantiate this module)
                        /home/ahlemzenache/Documents/polarfire-soc-video-kit-reference-design (IMG_COMP_WRITE)/VKPFSOC_JPEG_WRITE/component/work/PF_XCVR_REF_CLK_C0/PF_XCVR_REF_CLK_C0.v (N/A, 2026-03-17 20:43:13) <-- (may instantiate this module)
                        /home/ahlemzenache/Documents/polarfire-soc-video-kit-reference-design (IMG_COMP_WRITE)/VKPFSOC_JPEG_WRITE/component/work/PF_XCVR_REF_CLK_C0/PF_XCVR_REF_CLK_C0_0/PF_XCVR_REF_CLK_C0_PF_XCVR_REF_CLK_C0_0_PF_XCVR_REF_CLK.v (N/A, 2026-03-17 20:43:13) <-- (may instantiate this module)
                        /home/ahlemzenache/Documents/polarfire-soc-video-kit-reference-design (IMG_COMP_WRITE)/VKPFSOC_JPEG_WRITE/component/work/VKPFSOC_TOP/VKPFSOC_TOP.v (N/A, 2026-04-27 09:22:11) <-- (may instantiate this module)
9        work.BANKCTRL_HSIO.verilog may have changed because the following files changed:
                        /home/ahlemzenache/Documents/polarfire-soc-video-kit-reference-design (IMG_COMP_WRITE)/VKPFSOC_JPEG_WRITE/component/syn_comps.v (N/A, 2026-06-07 15:51:20) <-- (module definition)
                        /home/ahlemzenache/Documents/polarfire-soc-video-kit-reference-design (IMG_COMP_WRITE)/VKPFSOC_JPEG_WRITE/component/work/CLOCKS_AND_RESETS/CLOCKS_AND_RESETS.v (N/A, 2026-03-17 20:43:17) <-- (may instantiate this module)
                        /home/ahlemzenache/Documents/polarfire-soc-video-kit-reference-design (IMG_COMP_WRITE)/VKPFSOC_JPEG_WRITE/component/work/INIT_MONITOR/INIT_MONITOR.v (N/A, 2026-03-17 20:43:10) <-- (may instantiate this module)
                        /home/ahlemzenache/Documents/polarfire-soc-video-kit-reference-design (IMG_COMP_WRITE)/VKPFSOC_JPEG_WRITE/component/work/INIT_MONITOR/INIT_MONITOR_0/INIT_MONITOR_INIT_MONITOR_0_PFSOC_INIT_MONITOR.v (N/A, 2026-03-17 20:43:10) <-- (may instantiate this module)
                        /home/ahlemzenache/Documents/polarfire-soc-video-kit-reference-design (IMG_COMP_WRITE)/VKPFSOC_JPEG_WRITE/component/work/PF_CCC_C0/PF_CCC_C0.v (N/A, 2026-03-17 20:43:12) <-- (may instantiate this module)
                        /home/ahlemzenache/Documents/polarfire-soc-video-kit-reference-design (IMG_COMP_WRITE)/VKPFSOC_JPEG_WRITE/component/work/PF_CCC_C0/PF_CCC_C0_0/PF_CCC_C0_PF_CCC_C0_0_PF_CCC.v (N/A, 2026-03-17 20:43:12) <-- (may instantiate this module)
                        /home/ahlemzenache/Documents/polarfire-soc-video-kit-reference-design (IMG_COMP_WRITE)/VKPFSOC_JPEG_WRITE/component/work/PF_CLK_DIV_C0/PF_CLK_DIV_C0.v (N/A, 2026-03-17 20:43:13) <-- (may instantiate this module)
                        /home/ahlemzenache/Documents/polarfire-soc-video-kit-reference-design (IMG_COMP_WRITE)/VKPFSOC_JPEG_WRITE/component/work/PF_CLK_DIV_C0/PF_CLK_DIV_C0_0/PF_CLK_DIV_C0_PF_CLK_DIV_C0_0_PF_CLK_DIV.v (N/A, 2026-03-17 20:43:13) <-- (may instantiate this module)
                        /home/ahlemzenache/Documents/polarfire-soc-video-kit-reference-design (IMG_COMP_WRITE)/VKPFSOC_JPEG_WRITE/component/work/PF_OSC_C0/PF_OSC_C0.v (N/A, 2026-03-17 20:43:13) <-- (may instantiate this module)
                        /home/ahlemzenache/Documents/polarfire-soc-video-kit-reference-design (IMG_COMP_WRITE)/VKPFSOC_JPEG_WRITE/component/work/PF_OSC_C0/PF_OSC_C0_0/PF_OSC_C0_PF_OSC_C0_0_PF_OSC.v (N/A, 2026-03-17 20:43:13) <-- (may instantiate this module)
                        /home/ahlemzenache/Documents/polarfire-soc-video-kit-reference-design (IMG_COMP_WRITE)/VKPFSOC_JPEG_WRITE/component/work/PF_XCVR_REF_CLK_C0/PF_XCVR_REF_CLK_C0.v (N/A, 2026-03-17 20:43:13) <-- (may instantiate this module)
                        /home/ahlemzenache/Documents/polarfire-soc-video-kit-reference-design (IMG_COMP_WRITE)/VKPFSOC_JPEG_WRITE/component/work/PF_XCVR_REF_CLK_C0/PF_XCVR_REF_CLK_C0_0/PF_XCVR_REF_CLK_C0_PF_XCVR_REF_CLK_C0_0_PF_XCVR_REF_CLK.v (N/A, 2026-03-17 20:43:13) <-- (may instantiate this module)
                        /home/ahlemzenache/Documents/polarfire-soc-video-kit-reference-design (IMG_COMP_WRITE)/VKPFSOC_JPEG_WRITE/component/work/VKPFSOC_TOP/VKPFSOC_TOP.v (N/A, 2026-04-27 09:22:11) <-- (may instantiate this module)
10       work.BANKEN.verilog may have changed because the following files changed:
                        /home/ahlemzenache/Documents/polarfire-soc-video-kit-reference-design (IMG_COMP_WRITE)/VKPFSOC_JPEG_WRITE/component/syn_comps.v (N/A, 2026-06-07 15:51:20) <-- (module definition)
                        /home/ahlemzenache/Documents/polarfire-soc-video-kit-reference-design (IMG_COMP_WRITE)/VKPFSOC_JPEG_WRITE/component/work/CLOCKS_AND_RESETS/CLOCKS_AND_RESETS.v (N/A, 2026-03-17 20:43:17) <-- (may instantiate this module)
                        /home/ahlemzenache/Documents/polarfire-soc-video-kit-reference-design (IMG_COMP_WRITE)/VKPFSOC_JPEG_WRITE/component/work/INIT_MONITOR/INIT_MONITOR.v (N/A, 2026-03-17 20:43:10) <-- (may instantiate this module)
                        /home/ahlemzenache/Documents/polarfire-soc-video-kit-reference-design (IMG_COMP_WRITE)/VKPFSOC_JPEG_WRITE/component/work/INIT_MONITOR/INIT_MONITOR_0/INIT_MONITOR_INIT_MONITOR_0_PFSOC_INIT_MONITOR.v (N/A, 2026-03-17 20:43:10) <-- (may instantiate this module)
                        /home/ahlemzenache/Documents/polarfire-soc-video-kit-reference-design (IMG_COMP_WRITE)/VKPFSOC_JPEG_WRITE/component/work/PF_CCC_C0/PF_CCC_C0.v (N/A, 2026-03-17 20:43:12) <-- (may instantiate this module)
                        /home/ahlemzenache/Documents/polarfire-soc-video-kit-reference-design (IMG_COMP_WRITE)/VKPFSOC_JPEG_WRITE/component/work/PF_CCC_C0/PF_CCC_C0_0/PF_CCC_C0_PF_CCC_C0_0_PF_CCC.v (N/A, 2026-03-17 20:43:12) <-- (may instantiate this module)
                        /home/ahlemzenache/Documents/polarfire-soc-video-kit-reference-design (IMG_COMP_WRITE)/VKPFSOC_JPEG_WRITE/component/work/PF_CLK_DIV_C0/PF_CLK_DIV_C0.v (N/A, 2026-03-17 20:43:13) <-- (may instantiate this module)
                        /home/ahlemzenache/Documents/polarfire-soc-video-kit-reference-design (IMG_COMP_WRITE)/VKPFSOC_JPEG_WRITE/component/work/PF_CLK_DIV_C0/PF_CLK_DIV_C0_0/PF_CLK_DIV_C0_PF_CLK_DIV_C0_0_PF_CLK_DIV.v (N/A, 2026-03-17 20:43:13) <-- (may instantiate this module)
                        /home/ahlemzenache/Documents/polarfire-soc-video-kit-reference-design (IMG_COMP_WRITE)/VKPFSOC_JPEG_WRITE/component/work/PF_OSC_C0/PF_OSC_C0.v (N/A, 2026-03-17 20:43:13) <-- (may instantiate this module)
                        /home/ahlemzenache/Documents/polarfire-soc-video-kit-reference-design (IMG_COMP_WRITE)/VKPFSOC_JPEG_WRITE/component/work/PF_OSC_C0/PF_OSC_C0_0/PF_OSC_C0_PF_OSC_C0_0_PF_OSC.v (N/A, 2026-03-17 20:43:13) <-- (may instantiate this module)
                        /home/ahlemzenache/Documents/polarfire-soc-video-kit-reference-design (IMG_COMP_WRITE)/VKPFSOC_JPEG_WRITE/component/work/PF_XCVR_REF_CLK_C0/PF_XCVR_REF_CLK_C0.v (N/A, 2026-03-17 20:43:13) <-- (may instantiate this module)
                        /home/ahlemzenache/Documents/polarfire-soc-video-kit-reference-design (IMG_COMP_WRITE)/VKPFSOC_JPEG_WRITE/component/work/PF_XCVR_REF_CLK_C0/PF_XCVR_REF_CLK_C0_0/PF_XCVR_REF_CLK_C0_PF_XCVR_REF_CLK_C0_0_PF_XCVR_REF_CLK.v (N/A, 2026-03-17 20:43:13) <-- (may instantiate this module)
                        /home/ahlemzenache/Documents/polarfire-soc-video-kit-reference-design (IMG_COMP_WRITE)/VKPFSOC_JPEG_WRITE/component/work/VKPFSOC_TOP/VKPFSOC_TOP.v (N/A, 2026-04-27 09:22:11) <-- (may instantiate this module)
11       work.CLKBUF_DIFF.verilog may have changed because the following files changed:
                        /home/ahlemzenache/Documents/polarfire-soc-video-kit-reference-design (IMG_COMP_WRITE)/VKPFSOC_JPEG_WRITE/component/syn_comps.v (N/A, 2026-06-07 15:51:20) <-- (module definition)
                        /home/ahlemzenache/Documents/polarfire-soc-video-kit-reference-design (IMG_COMP_WRITE)/VKPFSOC_JPEG_WRITE/component/work/CLOCKS_AND_RESETS/CLOCKS_AND_RESETS.v (N/A, 2026-03-17 20:43:17) <-- (may instantiate this module)
                        /home/ahlemzenache/Documents/polarfire-soc-video-kit-reference-design (IMG_COMP_WRITE)/VKPFSOC_JPEG_WRITE/component/work/INIT_MONITOR/INIT_MONITOR.v (N/A, 2026-03-17 20:43:10) <-- (may instantiate this module)
                        /home/ahlemzenache/Documents/polarfire-soc-video-kit-reference-design (IMG_COMP_WRITE)/VKPFSOC_JPEG_WRITE/component/work/INIT_MONITOR/INIT_MONITOR_0/INIT_MONITOR_INIT_MONITOR_0_PFSOC_INIT_MONITOR.v (N/A, 2026-03-17 20:43:10) <-- (may instantiate this module)
                        /home/ahlemzenache/Documents/polarfire-soc-video-kit-reference-design (IMG_COMP_WRITE)/VKPFSOC_JPEG_WRITE/component/work/PF_CCC_C0/PF_CCC_C0.v (N/A, 2026-03-17 20:43:12) <-- (may instantiate this module)
                        /home/ahlemzenache/Documents/polarfire-soc-video-kit-reference-design (IMG_COMP_WRITE)/VKPFSOC_JPEG_WRITE/component/work/PF_CCC_C0/PF_CCC_C0_0/PF_CCC_C0_PF_CCC_C0_0_PF_CCC.v (N/A, 2026-03-17 20:43:12) <-- (may instantiate this module)
                        /home/ahlemzenache/Documents/polarfire-soc-video-kit-reference-design (IMG_COMP_WRITE)/VKPFSOC_JPEG_WRITE/component/work/PF_CLK_DIV_C0/PF_CLK_DIV_C0.v (N/A, 2026-03-17 20:43:13) <-- (may instantiate this module)
                        /home/ahlemzenache/Documents/polarfire-soc-video-kit-reference-design (IMG_COMP_WRITE)/VKPFSOC_JPEG_WRITE/component/work/PF_CLK_DIV_C0/PF_CLK_DIV_C0_0/PF_CLK_DIV_C0_PF_CLK_DIV_C0_0_PF_CLK_DIV.v (N/A, 2026-03-17 20:43:13) <-- (may instantiate this module)
                        /home/ahlemzenache/Documents/polarfire-soc-video-kit-reference-design (IMG_COMP_WRITE)/VKPFSOC_JPEG_WRITE/component/work/PF_OSC_C0/PF_OSC_C0.v (N/A, 2026-03-17 20:43:13) <-- (may instantiate this module)
                        /home/ahlemzenache/Documents/polarfire-soc-video-kit-reference-design (IMG_COMP_WRITE)/VKPFSOC_JPEG_WRITE/component/work/PF_OSC_C0/PF_OSC_C0_0/PF_OSC_C0_PF_OSC_C0_0_PF_OSC.v (N/A, 2026-03-17 20:43:13) <-- (may instantiate this module)
                        /home/ahlemzenache/Documents/polarfire-soc-video-kit-reference-design (IMG_COMP_WRITE)/VKPFSOC_JPEG_WRITE/component/work/PF_XCVR_REF_CLK_C0/PF_XCVR_REF_CLK_C0.v (N/A, 2026-03-17 20:43:13) <-- (may instantiate this module)
                        /home/ahlemzenache/Documents/polarfire-soc-video-kit-reference-design (IMG_COMP_WRITE)/VKPFSOC_JPEG_WRITE/component/work/PF_XCVR_REF_CLK_C0/PF_XCVR_REF_CLK_C0_0/PF_XCVR_REF_CLK_C0_PF_XCVR_REF_CLK_C0_0_PF_XCVR_REF_CLK.v (N/A, 2026-03-17 20:43:13) <-- (may instantiate this module)
                        /home/ahlemzenache/Documents/polarfire-soc-video-kit-reference-design (IMG_COMP_WRITE)/VKPFSOC_JPEG_WRITE/component/work/VKPFSOC_TOP/VKPFSOC_TOP.v (N/A, 2026-04-27 09:22:11) <-- (may instantiate this module)
12       work.CLKBUF_DIFF_ODT.verilog may have changed because the following files changed:
                        /home/ahlemzenache/Documents/polarfire-soc-video-kit-reference-design (IMG_COMP_WRITE)/VKPFSOC_JPEG_WRITE/component/syn_comps.v (N/A, 2026-06-07 15:51:20) <-- (module definition)
                        /home/ahlemzenache/Documents/polarfire-soc-video-kit-reference-design (IMG_COMP_WRITE)/VKPFSOC_JPEG_WRITE/component/work/CLOCKS_AND_RESETS/CLOCKS_AND_RESETS.v (N/A, 2026-03-17 20:43:17) <-- (may instantiate this module)
                        /home/ahlemzenache/Documents/polarfire-soc-video-kit-reference-design (IMG_COMP_WRITE)/VKPFSOC_JPEG_WRITE/component/work/INIT_MONITOR/INIT_MONITOR.v (N/A, 2026-03-17 20:43:10) <-- (may instantiate this module)
                        /home/ahlemzenache/Documents/polarfire-soc-video-kit-reference-design (IMG_COMP_WRITE)/VKPFSOC_JPEG_WRITE/component/work/INIT_MONITOR/INIT_MONITOR_0/INIT_MONITOR_INIT_MONITOR_0_PFSOC_INIT_MONITOR.v (N/A, 2026-03-17 20:43:10) <-- (may instantiate this module)
                        /home/ahlemzenache/Documents/polarfire-soc-video-kit-reference-design (IMG_COMP_WRITE)/VKPFSOC_JPEG_WRITE/component/work/PF_CCC_C0/PF_CCC_C0.v (N/A, 2026-03-17 20:43:12) <-- (may instantiate this module)
                        /home/ahlemzenache/Documents/polarfire-soc-video-kit-reference-design (IMG_COMP_WRITE)/VKPFSOC_JPEG_WRITE/component/work/PF_CCC_C0/PF_CCC_C0_0/PF_CCC_C0_PF_CCC_C0_0_PF_CCC.v (N/A, 2026-03-17 20:43:12) <-- (may instantiate this module)
                        /home/ahlemzenache/Documents/polarfire-soc-video-kit-reference-design (IMG_COMP_WRITE)/VKPFSOC_JPEG_WRITE/component/work/PF_CLK_DIV_C0/PF_CLK_DIV_C0.v (N/A, 2026-03-17 20:43:13) <-- (may instantiate this module)
                        /home/ahlemzenache/Documents/polarfire-soc-video-kit-reference-design (IMG_COMP_WRITE)/VKPFSOC_JPEG_WRITE/component/work/PF_CLK_DIV_C0/PF_CLK_DIV_C0_0/PF_CLK_DIV_C0_PF_CLK_DIV_C0_0_PF_CLK_DIV.v (N/A, 2026-03-17 20:43:13) <-- (may instantiate this module)
                        /home/ahlemzenache/Documents/polarfire-soc-video-kit-reference-design (IMG_COMP_WRITE)/VKPFSOC_JPEG_WRITE/component/work/PF_OSC_C0/PF_OSC_C0.v (N/A, 2026-03-17 20:43:13) <-- (may instantiate this module)
                        /home/ahlemzenache/Documents/polarfire-soc-video-kit-reference-design (IMG_COMP_WRITE)/VKPFSOC_JPEG_WRITE/component/work/PF_OSC_C0/PF_OSC_C0_0/PF_OSC_C0_PF_OSC_C0_0_PF_OSC.v (N/A, 2026-03-17 20:43:13) <-- (may instantiate this module)
                        /home/ahlemzenache/Documents/polarfire-soc-video-kit-reference-design (IMG_COMP_WRITE)/VKPFSOC_JPEG_WRITE/component/work/PF_XCVR_REF_CLK_C0/PF_XCVR_REF_CLK_C0.v (N/A, 2026-03-17 20:43:13) <-- (may instantiate this module)
                        /home/ahlemzenache/Documents/polarfire-soc-video-kit-reference-design (IMG_COMP_WRITE)/VKPFSOC_JPEG_WRITE/component/work/PF_XCVR_REF_CLK_C0/PF_XCVR_REF_CLK_C0_0/PF_XCVR_REF_CLK_C0_PF_XCVR_REF_CLK_C0_0_PF_XCVR_REF_CLK.v (N/A, 2026-03-17 20:43:13) <-- (may instantiate this module)
                        /home/ahlemzenache/Documents/polarfire-soc-video-kit-reference-design (IMG_COMP_WRITE)/VKPFSOC_JPEG_WRITE/component/work/VKPFSOC_TOP/VKPFSOC_TOP.v (N/A, 2026-04-27 09:22:11) <-- (may instantiate this module)
13       work.CLOCKS_AND_RESETS.verilog may have changed because the following files changed:
                        /home/ahlemzenache/Documents/polarfire-soc-video-kit-reference-design (IMG_COMP_WRITE)/VKPFSOC_JPEG_WRITE/component/work/CLOCKS_AND_RESETS/CLOCKS_AND_RESETS.v (N/A, 2026-03-17 20:43:17) <-- (module definition)
                        /home/ahlemzenache/Documents/polarfire-soc-video-kit-reference-design (IMG_COMP_WRITE)/VKPFSOC_JPEG_WRITE/component/work/VKPFSOC_TOP/VKPFSOC_TOP.v (N/A, 2026-04-27 09:22:11) <-- (may instantiate this module)
14       work.CORELNKTMR_V.verilog may have changed because the following files changed:
                        /home/ahlemzenache/Documents/polarfire-soc-video-kit-reference-design (IMG_COMP_WRITE)/VKPFSOC_JPEG_WRITE/component/syn_comps.v (N/A, 2026-06-07 15:51:20) <-- (module definition)
                        /home/ahlemzenache/Documents/polarfire-soc-video-kit-reference-design (IMG_COMP_WRITE)/VKPFSOC_JPEG_WRITE/component/work/CLOCKS_AND_RESETS/CLOCKS_AND_RESETS.v (N/A, 2026-03-17 20:43:17) <-- (may instantiate this module)
                        /home/ahlemzenache/Documents/polarfire-soc-video-kit-reference-design (IMG_COMP_WRITE)/VKPFSOC_JPEG_WRITE/component/work/INIT_MONITOR/INIT_MONITOR.v (N/A, 2026-03-17 20:43:10) <-- (may instantiate this module)
                        /home/ahlemzenache/Documents/polarfire-soc-video-kit-reference-design (IMG_COMP_WRITE)/VKPFSOC_JPEG_WRITE/component/work/INIT_MONITOR/INIT_MONITOR_0/INIT_MONITOR_INIT_MONITOR_0_PFSOC_INIT_MONITOR.v (N/A, 2026-03-17 20:43:10) <-- (may instantiate this module)
                        /home/ahlemzenache/Documents/polarfire-soc-video-kit-reference-design (IMG_COMP_WRITE)/VKPFSOC_JPEG_WRITE/component/work/PF_CCC_C0/PF_CCC_C0.v (N/A, 2026-03-17 20:43:12) <-- (may instantiate this module)
                        /home/ahlemzenache/Documents/polarfire-soc-video-kit-reference-design (IMG_COMP_WRITE)/VKPFSOC_JPEG_WRITE/component/work/PF_CCC_C0/PF_CCC_C0_0/PF_CCC_C0_PF_CCC_C0_0_PF_CCC.v (N/A, 2026-03-17 20:43:12) <-- (may instantiate this module)
                        /home/ahlemzenache/Documents/polarfire-soc-video-kit-reference-design (IMG_COMP_WRITE)/VKPFSOC_JPEG_WRITE/component/work/PF_CLK_DIV_C0/PF_CLK_DIV_C0.v (N/A, 2026-03-17 20:43:13) <-- (may instantiate this module)
                        /home/ahlemzenache/Documents/polarfire-soc-video-kit-reference-design (IMG_COMP_WRITE)/VKPFSOC_JPEG_WRITE/component/work/PF_CLK_DIV_C0/PF_CLK_DIV_C0_0/PF_CLK_DIV_C0_PF_CLK_DIV_C0_0_PF_CLK_DIV.v (N/A, 2026-03-17 20:43:13) <-- (may instantiate this module)
                        /home/ahlemzenache/Documents/polarfire-soc-video-kit-reference-design (IMG_COMP_WRITE)/VKPFSOC_JPEG_WRITE/component/work/PF_OSC_C0/PF_OSC_C0.v (N/A, 2026-03-17 20:43:13) <-- (may instantiate this module)
                        /home/ahlemzenache/Documents/polarfire-soc-video-kit-reference-design (IMG_COMP_WRITE)/VKPFSOC_JPEG_WRITE/component/work/PF_OSC_C0/PF_OSC_C0_0/PF_OSC_C0_PF_OSC_C0_0_PF_OSC.v (N/A, 2026-03-17 20:43:13) <-- (may instantiate this module)
                        /home/ahlemzenache/Documents/polarfire-soc-video-kit-reference-design (IMG_COMP_WRITE)/VKPFSOC_JPEG_WRITE/component/work/PF_XCVR_REF_CLK_C0/PF_XCVR_REF_CLK_C0.v (N/A, 2026-03-17 20:43:13) <-- (may instantiate this module)
                        /home/ahlemzenache/Documents/polarfire-soc-video-kit-reference-design (IMG_COMP_WRITE)/VKPFSOC_JPEG_WRITE/component/work/PF_XCVR_REF_CLK_C0/PF_XCVR_REF_CLK_C0_0/PF_XCVR_REF_CLK_C0_PF_XCVR_REF_CLK_C0_0_PF_XCVR_REF_CLK.v (N/A, 2026-03-17 20:43:13) <-- (may instantiate this module)
                        /home/ahlemzenache/Documents/polarfire-soc-video-kit-reference-design (IMG_COMP_WRITE)/VKPFSOC_JPEG_WRITE/component/work/VKPFSOC_TOP/VKPFSOC_TOP.v (N/A, 2026-04-27 09:22:11) <-- (may instantiate this module)
15       work.CORERESET.verilog may have changed because the following files changed:
                        /home/ahlemzenache/Documents/polarfire-soc-video-kit-reference-design (IMG_COMP_WRITE)/VKPFSOC_JPEG_WRITE/component/work/CLOCKS_AND_RESETS/CLOCKS_AND_RESETS.v (N/A, 2026-03-17 20:43:17) <-- (may instantiate this module)
                        /home/ahlemzenache/Documents/polarfire-soc-video-kit-reference-design (IMG_COMP_WRITE)/VKPFSOC_JPEG_WRITE/component/work/CORERESET/CORERESET.v (N/A, 2026-03-17 20:43:10) <-- (module definition)
                        /home/ahlemzenache/Documents/polarfire-soc-video-kit-reference-design (IMG_COMP_WRITE)/VKPFSOC_JPEG_WRITE/component/work/VKPFSOC_TOP/VKPFSOC_TOP.v (N/A, 2026-04-27 09:22:11) <-- (may instantiate this module)
16       work.CORERESET_CORERESET_0_CORERESET_PF.verilog may have changed because the following files changed:
                        /home/ahlemzenache/Documents/polarfire-soc-video-kit-reference-design (IMG_COMP_WRITE)/VKPFSOC_JPEG_WRITE/component/work/CLOCKS_AND_RESETS/CLOCKS_AND_RESETS.v (N/A, 2026-03-17 20:43:17) <-- (may instantiate this module)
                        /home/ahlemzenache/Documents/polarfire-soc-video-kit-reference-design (IMG_COMP_WRITE)/VKPFSOC_JPEG_WRITE/component/work/CORERESET/CORERESET.v (N/A, 2026-03-17 20:43:10) <-- (may instantiate this module)
                        /home/ahlemzenache/Documents/polarfire-soc-video-kit-reference-design (IMG_COMP_WRITE)/VKPFSOC_JPEG_WRITE/component/work/CORERESET/CORERESET_0/core/corereset_pf.v (N/A, 2026-03-17 20:43:10) <-- (module definition)
                        /home/ahlemzenache/Documents/polarfire-soc-video-kit-reference-design (IMG_COMP_WRITE)/VKPFSOC_JPEG_WRITE/component/work/VKPFSOC_TOP/VKPFSOC_TOP.v (N/A, 2026-04-27 09:22:11) <-- (may instantiate this module)
17       work.CORERESET_PF_C5.verilog may have changed because the following files changed:
                        /home/ahlemzenache/Documents/polarfire-soc-video-kit-reference-design (IMG_COMP_WRITE)/VKPFSOC_JPEG_WRITE/component/work/CLOCKS_AND_RESETS/CLOCKS_AND_RESETS.v (N/A, 2026-03-17 20:43:17) <-- (may instantiate this module)
                        /home/ahlemzenache/Documents/polarfire-soc-video-kit-reference-design (IMG_COMP_WRITE)/VKPFSOC_JPEG_WRITE/component/work/CORERESET_PF_C5/CORERESET_PF_C5.v (N/A, 2026-03-17 20:43:10) <-- (module definition)
                        /home/ahlemzenache/Documents/polarfire-soc-video-kit-reference-design (IMG_COMP_WRITE)/VKPFSOC_JPEG_WRITE/component/work/VKPFSOC_TOP/VKPFSOC_TOP.v (N/A, 2026-04-27 09:22:11) <-- (may instantiate this module)
18       work.CORERESET_PF_C5_CORERESET_PF_C5_0_CORERESET_PF.verilog may have changed because the following files changed:
                        /home/ahlemzenache/Documents/polarfire-soc-video-kit-reference-design (IMG_COMP_WRITE)/VKPFSOC_JPEG_WRITE/component/work/CLOCKS_AND_RESETS/CLOCKS_AND_RESETS.v (N/A, 2026-03-17 20:43:17) <-- (may instantiate this module)
                        /home/ahlemzenache/Documents/polarfire-soc-video-kit-reference-design (IMG_COMP_WRITE)/VKPFSOC_JPEG_WRITE/component/work/CORERESET_PF_C5/CORERESET_PF_C5.v (N/A, 2026-03-17 20:43:10) <-- (may instantiate this module)
                        /home/ahlemzenache/Documents/polarfire-soc-video-kit-reference-design (IMG_COMP_WRITE)/VKPFSOC_JPEG_WRITE/component/work/CORERESET_PF_C5/CORERESET_PF_C5_0/core/corereset_pf.v (N/A, 2026-03-17 20:43:10) <-- (module definition)
                        /home/ahlemzenache/Documents/polarfire-soc-video-kit-reference-design (IMG_COMP_WRITE)/VKPFSOC_JPEG_WRITE/component/work/VKPFSOC_TOP/VKPFSOC_TOP.v (N/A, 2026-04-27 09:22:11) <-- (may instantiate this module)
19       work.CRN_COMMON.verilog may have changed because the following files changed:
                        /home/ahlemzenache/Documents/polarfire-soc-video-kit-reference-design (IMG_COMP_WRITE)/VKPFSOC_JPEG_WRITE/component/syn_comps.v (N/A, 2026-06-07 15:51:20) <-- (module definition)
                        /home/ahlemzenache/Documents/polarfire-soc-video-kit-reference-design (IMG_COMP_WRITE)/VKPFSOC_JPEG_WRITE/component/work/CLOCKS_AND_RESETS/CLOCKS_AND_RESETS.v (N/A, 2026-03-17 20:43:17) <-- (may instantiate this module)
                        /home/ahlemzenache/Documents/polarfire-soc-video-kit-reference-design (IMG_COMP_WRITE)/VKPFSOC_JPEG_WRITE/component/work/INIT_MONITOR/INIT_MONITOR.v (N/A, 2026-03-17 20:43:10) <-- (may instantiate this module)
                        /home/ahlemzenache/Documents/polarfire-soc-video-kit-reference-design (IMG_COMP_WRITE)/VKPFSOC_JPEG_WRITE/component/work/INIT_MONITOR/INIT_MONITOR_0/INIT_MONITOR_INIT_MONITOR_0_PFSOC_INIT_MONITOR.v (N/A, 2026-03-17 20:43:10) <-- (may instantiate this module)
                        /home/ahlemzenache/Documents/polarfire-soc-video-kit-reference-design (IMG_COMP_WRITE)/VKPFSOC_JPEG_WRITE/component/work/PF_CCC_C0/PF_CCC_C0.v (N/A, 2026-03-17 20:43:12) <-- (may instantiate this module)
                        /home/ahlemzenache/Documents/polarfire-soc-video-kit-reference-design (IMG_COMP_WRITE)/VKPFSOC_JPEG_WRITE/component/work/PF_CCC_C0/PF_CCC_C0_0/PF_CCC_C0_PF_CCC_C0_0_PF_CCC.v (N/A, 2026-03-17 20:43:12) <-- (may instantiate this module)
                        /home/ahlemzenache/Documents/polarfire-soc-video-kit-reference-design (IMG_COMP_WRITE)/VKPFSOC_JPEG_WRITE/component/work/PF_CLK_DIV_C0/PF_CLK_DIV_C0.v (N/A, 2026-03-17 20:43:13) <-- (may instantiate this module)
                        /home/ahlemzenache/Documents/polarfire-soc-video-kit-reference-design (IMG_COMP_WRITE)/VKPFSOC_JPEG_WRITE/component/work/PF_CLK_DIV_C0/PF_CLK_DIV_C0_0/PF_CLK_DIV_C0_PF_CLK_DIV_C0_0_PF_CLK_DIV.v (N/A, 2026-03-17 20:43:13) <-- (may instantiate this module)
                        /home/ahlemzenache/Documents/polarfire-soc-video-kit-reference-design (IMG_COMP_WRITE)/VKPFSOC_JPEG_WRITE/component/work/PF_OSC_C0/PF_OSC_C0.v (N/A, 2026-03-17 20:43:13) <-- (may instantiate this module)
                        /home/ahlemzenache/Documents/polarfire-soc-video-kit-reference-design (IMG_COMP_WRITE)/VKPFSOC_JPEG_WRITE/component/work/PF_OSC_C0/PF_OSC_C0_0/PF_OSC_C0_PF_OSC_C0_0_PF_OSC.v (N/A, 2026-03-17 20:43:13) <-- (may instantiate this module)
                        /home/ahlemzenache/Documents/polarfire-soc-video-kit-reference-design (IMG_COMP_WRITE)/VKPFSOC_JPEG_WRITE/component/work/PF_XCVR_REF_CLK_C0/PF_XCVR_REF_CLK_C0.v (N/A, 2026-03-17 20:43:13) <-- (may instantiate this module)
                        /home/ahlemzenache/Documents/polarfire-soc-video-kit-reference-design (IMG_COMP_WRITE)/VKPFSOC_JPEG_WRITE/component/work/PF_XCVR_REF_CLK_C0/PF_XCVR_REF_CLK_C0_0/PF_XCVR_REF_CLK_C0_PF_XCVR_REF_CLK_C0_0_PF_XCVR_REF_CLK.v (N/A, 2026-03-17 20:43:13) <-- (may instantiate this module)
                        /home/ahlemzenache/Documents/polarfire-soc-video-kit-reference-design (IMG_COMP_WRITE)/VKPFSOC_JPEG_WRITE/component/work/VKPFSOC_TOP/VKPFSOC_TOP.v (N/A, 2026-04-27 09:22:11) <-- (may instantiate this module)
20       work.CRN_INT.verilog may have changed because the following files changed:
                        /home/ahlemzenache/Documents/polarfire-soc-video-kit-reference-design (IMG_COMP_WRITE)/VKPFSOC_JPEG_WRITE/component/syn_comps.v (N/A, 2026-06-07 15:51:20) <-- (module definition)
                        /home/ahlemzenache/Documents/polarfire-soc-video-kit-reference-design (IMG_COMP_WRITE)/VKPFSOC_JPEG_WRITE/component/work/CLOCKS_AND_RESETS/CLOCKS_AND_RESETS.v (N/A, 2026-03-17 20:43:17) <-- (may instantiate this module)
                        /home/ahlemzenache/Documents/polarfire-soc-video-kit-reference-design (IMG_COMP_WRITE)/VKPFSOC_JPEG_WRITE/component/work/INIT_MONITOR/INIT_MONITOR.v (N/A, 2026-03-17 20:43:10) <-- (may instantiate this module)
                        /home/ahlemzenache/Documents/polarfire-soc-video-kit-reference-design (IMG_COMP_WRITE)/VKPFSOC_JPEG_WRITE/component/work/INIT_MONITOR/INIT_MONITOR_0/INIT_MONITOR_INIT_MONITOR_0_PFSOC_INIT_MONITOR.v (N/A, 2026-03-17 20:43:10) <-- (may instantiate this module)
                        /home/ahlemzenache/Documents/polarfire-soc-video-kit-reference-design (IMG_COMP_WRITE)/VKPFSOC_JPEG_WRITE/component/work/PF_CCC_C0/PF_CCC_C0.v (N/A, 2026-03-17 20:43:12) <-- (may instantiate this module)
                        /home/ahlemzenache/Documents/polarfire-soc-video-kit-reference-design (IMG_COMP_WRITE)/VKPFSOC_JPEG_WRITE/component/work/PF_CCC_C0/PF_CCC_C0_0/PF_CCC_C0_PF_CCC_C0_0_PF_CCC.v (N/A, 2026-03-17 20:43:12) <-- (may instantiate this module)
                        /home/ahlemzenache/Documents/polarfire-soc-video-kit-reference-design (IMG_COMP_WRITE)/VKPFSOC_JPEG_WRITE/component/work/PF_CLK_DIV_C0/PF_CLK_DIV_C0.v (N/A, 2026-03-17 20:43:13) <-- (may instantiate this module)
                        /home/ahlemzenache/Documents/polarfire-soc-video-kit-reference-design (IMG_COMP_WRITE)/VKPFSOC_JPEG_WRITE/component/work/PF_CLK_DIV_C0/PF_CLK_DIV_C0_0/PF_CLK_DIV_C0_PF_CLK_DIV_C0_0_PF_CLK_DIV.v (N/A, 2026-03-17 20:43:13) <-- (may instantiate this module)
                        /home/ahlemzenache/Documents/polarfire-soc-video-kit-reference-design (IMG_COMP_WRITE)/VKPFSOC_JPEG_WRITE/component/work/PF_OSC_C0/PF_OSC_C0.v (N/A, 2026-03-17 20:43:13) <-- (may instantiate this module)
                        /home/ahlemzenache/Documents/polarfire-soc-video-kit-reference-design (IMG_COMP_WRITE)/VKPFSOC_JPEG_WRITE/component/work/PF_OSC_C0/PF_OSC_C0_0/PF_OSC_C0_PF_OSC_C0_0_PF_OSC.v (N/A, 2026-03-17 20:43:13) <-- (may instantiate this module)
                        /home/ahlemzenache/Documents/polarfire-soc-video-kit-reference-design (IMG_COMP_WRITE)/VKPFSOC_JPEG_WRITE/component/work/PF_XCVR_REF_CLK_C0/PF_XCVR_REF_CLK_C0.v (N/A, 2026-03-17 20:43:13) <-- (may instantiate this module)
                        /home/ahlemzenache/Documents/polarfire-soc-video-kit-reference-design (IMG_COMP_WRITE)/VKPFSOC_JPEG_WRITE/component/work/PF_XCVR_REF_CLK_C0/PF_XCVR_REF_CLK_C0_0/PF_XCVR_REF_CLK_C0_PF_XCVR_REF_CLK_C0_0_PF_XCVR_REF_CLK.v (N/A, 2026-03-17 20:43:13) <-- (may instantiate this module)
                        /home/ahlemzenache/Documents/polarfire-soc-video-kit-reference-design (IMG_COMP_WRITE)/VKPFSOC_JPEG_WRITE/component/work/VKPFSOC_TOP/VKPFSOC_TOP.v (N/A, 2026-04-27 09:22:11) <-- (may instantiate this module)
21       work.CRYPTO.verilog may have changed because the following files changed:
                        /home/ahlemzenache/Documents/polarfire-soc-video-kit-reference-design (IMG_COMP_WRITE)/VKPFSOC_JPEG_WRITE/component/syn_comps.v (N/A, 2026-06-07 15:51:20) <-- (module definition)
                        /home/ahlemzenache/Documents/polarfire-soc-video-kit-reference-design (IMG_COMP_WRITE)/VKPFSOC_JPEG_WRITE/component/work/CLOCKS_AND_RESETS/CLOCKS_AND_RESETS.v (N/A, 2026-03-17 20:43:17) <-- (may instantiate this module)
                        /home/ahlemzenache/Documents/polarfire-soc-video-kit-reference-design (IMG_COMP_WRITE)/VKPFSOC_JPEG_WRITE/component/work/INIT_MONITOR/INIT_MONITOR.v (N/A, 2026-03-17 20:43:10) <-- (may instantiate this module)
                        /home/ahlemzenache/Documents/polarfire-soc-video-kit-reference-design (IMG_COMP_WRITE)/VKPFSOC_JPEG_WRITE/component/work/INIT_MONITOR/INIT_MONITOR_0/INIT_MONITOR_INIT_MONITOR_0_PFSOC_INIT_MONITOR.v (N/A, 2026-03-17 20:43:10) <-- (may instantiate this module)
                        /home/ahlemzenache/Documents/polarfire-soc-video-kit-reference-design (IMG_COMP_WRITE)/VKPFSOC_JPEG_WRITE/component/work/PF_CCC_C0/PF_CCC_C0.v (N/A, 2026-03-17 20:43:12) <-- (may instantiate this module)
                        /home/ahlemzenache/Documents/polarfire-soc-video-kit-reference-design (IMG_COMP_WRITE)/VKPFSOC_JPEG_WRITE/component/work/PF_CCC_C0/PF_CCC_C0_0/PF_CCC_C0_PF_CCC_C0_0_PF_CCC.v (N/A, 2026-03-17 20:43:12) <-- (may instantiate this module)
                        /home/ahlemzenache/Documents/polarfire-soc-video-kit-reference-design (IMG_COMP_WRITE)/VKPFSOC_JPEG_WRITE/component/work/PF_CLK_DIV_C0/PF_CLK_DIV_C0.v (N/A, 2026-03-17 20:43:13) <-- (may instantiate this module)
                        /home/ahlemzenache/Documents/polarfire-soc-video-kit-reference-design (IMG_COMP_WRITE)/VKPFSOC_JPEG_WRITE/component/work/PF_CLK_DIV_C0/PF_CLK_DIV_C0_0/PF_CLK_DIV_C0_PF_CLK_DIV_C0_0_PF_CLK_DIV.v (N/A, 2026-03-17 20:43:13) <-- (may instantiate this module)
                        /home/ahlemzenache/Documents/polarfire-soc-video-kit-reference-design (IMG_COMP_WRITE)/VKPFSOC_JPEG_WRITE/component/work/PF_OSC_C0/PF_OSC_C0.v (N/A, 2026-03-17 20:43:13) <-- (may instantiate this module)
                        /home/ahlemzenache/Documents/polarfire-soc-video-kit-reference-design (IMG_COMP_WRITE)/VKPFSOC_JPEG_WRITE/component/work/PF_OSC_C0/PF_OSC_C0_0/PF_OSC_C0_PF_OSC_C0_0_PF_OSC.v (N/A, 2026-03-17 20:43:13) <-- (may instantiate this module)
                        /home/ahlemzenache/Documents/polarfire-soc-video-kit-reference-design (IMG_COMP_WRITE)/VKPFSOC_JPEG_WRITE/component/work/PF_XCVR_REF_CLK_C0/PF_XCVR_REF_CLK_C0.v (N/A, 2026-03-17 20:43:13) <-- (may instantiate this module)
                        /home/ahlemzenache/Documents/polarfire-soc-video-kit-reference-design (IMG_COMP_WRITE)/VKPFSOC_JPEG_WRITE/component/work/PF_XCVR_REF_CLK_C0/PF_XCVR_REF_CLK_C0_0/PF_XCVR_REF_CLK_C0_PF_XCVR_REF_CLK_C0_0_PF_XCVR_REF_CLK.v (N/A, 2026-03-17 20:43:13) <-- (may instantiate this module)
                        /home/ahlemzenache/Documents/polarfire-soc-video-kit-reference-design (IMG_COMP_WRITE)/VKPFSOC_JPEG_WRITE/component/work/VKPFSOC_TOP/VKPFSOC_TOP.v (N/A, 2026-04-27 09:22:11) <-- (may instantiate this module)
22       work.CRYPTO_SOC.verilog may have changed because the following files changed:
                        /home/ahlemzenache/Documents/polarfire-soc-video-kit-reference-design (IMG_COMP_WRITE)/VKPFSOC_JPEG_WRITE/component/syn_comps.v (N/A, 2026-06-07 15:51:20) <-- (module definition)
                        /home/ahlemzenache/Documents/polarfire-soc-video-kit-reference-design (IMG_COMP_WRITE)/VKPFSOC_JPEG_WRITE/component/work/CLOCKS_AND_RESETS/CLOCKS_AND_RESETS.v (N/A, 2026-03-17 20:43:17) <-- (may instantiate this module)
                        /home/ahlemzenache/Documents/polarfire-soc-video-kit-reference-design (IMG_COMP_WRITE)/VKPFSOC_JPEG_WRITE/component/work/INIT_MONITOR/INIT_MONITOR.v (N/A, 2026-03-17 20:43:10) <-- (may instantiate this module)
                        /home/ahlemzenache/Documents/polarfire-soc-video-kit-reference-design (IMG_COMP_WRITE)/VKPFSOC_JPEG_WRITE/component/work/INIT_MONITOR/INIT_MONITOR_0/INIT_MONITOR_INIT_MONITOR_0_PFSOC_INIT_MONITOR.v (N/A, 2026-03-17 20:43:10) <-- (may instantiate this module)
                        /home/ahlemzenache/Documents/polarfire-soc-video-kit-reference-design (IMG_COMP_WRITE)/VKPFSOC_JPEG_WRITE/component/work/PF_CCC_C0/PF_CCC_C0.v (N/A, 2026-03-17 20:43:12) <-- (may instantiate this module)
                        /home/ahlemzenache/Documents/polarfire-soc-video-kit-reference-design (IMG_COMP_WRITE)/VKPFSOC_JPEG_WRITE/component/work/PF_CCC_C0/PF_CCC_C0_0/PF_CCC_C0_PF_CCC_C0_0_PF_CCC.v (N/A, 2026-03-17 20:43:12) <-- (may instantiate this module)
                        /home/ahlemzenache/Documents/polarfire-soc-video-kit-reference-design (IMG_COMP_WRITE)/VKPFSOC_JPEG_WRITE/component/work/PF_CLK_DIV_C0/PF_CLK_DIV_C0.v (N/A, 2026-03-17 20:43:13) <-- (may instantiate this module)
                        /home/ahlemzenache/Documents/polarfire-soc-video-kit-reference-design (IMG_COMP_WRITE)/VKPFSOC_JPEG_WRITE/component/work/PF_CLK_DIV_C0/PF_CLK_DIV_C0_0/PF_CLK_DIV_C0_PF_CLK_DIV_C0_0_PF_CLK_DIV.v (N/A, 2026-03-17 20:43:13) <-- (may instantiate this module)
                        /home/ahlemzenache/Documents/polarfire-soc-video-kit-reference-design (IMG_COMP_WRITE)/VKPFSOC_JPEG_WRITE/component/work/PF_OSC_C0/PF_OSC_C0.v (N/A, 2026-03-17 20:43:13) <-- (may instantiate this module)
                        /home/ahlemzenache/Documents/polarfire-soc-video-kit-reference-design (IMG_COMP_WRITE)/VKPFSOC_JPEG_WRITE/component/work/PF_OSC_C0/PF_OSC_C0_0/PF_OSC_C0_PF_OSC_C0_0_PF_OSC.v (N/A, 2026-03-17 20:43:13) <-- (may instantiate this module)
                        /home/ahlemzenache/Documents/polarfire-soc-video-kit-reference-design (IMG_COMP_WRITE)/VKPFSOC_JPEG_WRITE/component/work/PF_XCVR_REF_CLK_C0/PF_XCVR_REF_CLK_C0.v (N/A, 2026-03-17 20:43:13) <-- (may instantiate this module)
                        /home/ahlemzenache/Documents/polarfire-soc-video-kit-reference-design (IMG_COMP_WRITE)/VKPFSOC_JPEG_WRITE/component/work/PF_XCVR_REF_CLK_C0/PF_XCVR_REF_CLK_C0_0/PF_XCVR_REF_CLK_C0_PF_XCVR_REF_CLK_C0_0_PF_XCVR_REF_CLK.v (N/A, 2026-03-17 20:43:13) <-- (may instantiate this module)
                        /home/ahlemzenache/Documents/polarfire-soc-video-kit-reference-design (IMG_COMP_WRITE)/VKPFSOC_JPEG_WRITE/component/work/VKPFSOC_TOP/VKPFSOC_TOP.v (N/A, 2026-04-27 09:22:11) <-- (may instantiate this module)
23       work.CoreAPB3_C0.verilog may have changed because the following files changed:
                        /home/ahlemzenache/Documents/polarfire-soc-video-kit-reference-design (IMG_COMP_WRITE)/VKPFSOC_JPEG_WRITE/component/work/CoreAPB3_C0/CoreAPB3_C0.v (N/A, 2026-03-17 20:43:17) <-- (module definition)
                        /home/ahlemzenache/Documents/polarfire-soc-video-kit-reference-design (IMG_COMP_WRITE)/VKPFSOC_JPEG_WRITE/component/work/FIC_CONVERTER/FIC_CONVERTER.v (N/A, 2026-03-17 20:43:19) <-- (may instantiate this module)
                        /home/ahlemzenache/Documents/polarfire-soc-video-kit-reference-design (IMG_COMP_WRITE)/VKPFSOC_JPEG_WRITE/component/work/VKPFSOC_TOP/VKPFSOC_TOP.v (N/A, 2026-04-27 09:22:11) <-- (may instantiate this module)
24       work.DDR_AXI4_ARBITER_PF.verilog may have changed because the following files changed:
                        /home/ahlemzenache/Documents/polarfire-soc-video-kit-reference-design (IMG_COMP_WRITE)/VKPFSOC_JPEG_WRITE/component/Microchip/SolutionCore/DDR_AXI4_ARBITER_PF/2.2.0/RTL/DDR_AXI4_ARBITER_PF.v (N/A, 2026-03-17 20:43:20) <-- (module definition)
                        /home/ahlemzenache/Documents/polarfire-soc-video-kit-reference-design (IMG_COMP_WRITE)/VKPFSOC_JPEG_WRITE/component/work/DDR_AXI4_ARBITER_PF_C0/DDR_AXI4_ARBITER_PF_C0.v (N/A, 2026-03-17 20:43:20) <-- (may instantiate this module)
                        /home/ahlemzenache/Documents/polarfire-soc-video-kit-reference-design (IMG_COMP_WRITE)/VKPFSOC_JPEG_WRITE/component/work/VKPFSOC_TOP/VKPFSOC_TOP.v (N/A, 2026-04-27 09:22:11) <-- (may instantiate this module)
                        /home/ahlemzenache/Documents/polarfire-soc-video-kit-reference-design (IMG_COMP_WRITE)/VKPFSOC_JPEG_WRITE/component/work/top_ddr_write/top_ddr_write.v (N/A, 2026-04-27 09:21:23) <-- (may instantiate this module)
25       work.DDR_AXI4_ARBITER_PF_C0.verilog may have changed because the following files changed:
                        /home/ahlemzenache/Documents/polarfire-soc-video-kit-reference-design (IMG_COMP_WRITE)/VKPFSOC_JPEG_WRITE/component/work/DDR_AXI4_ARBITER_PF_C0/DDR_AXI4_ARBITER_PF_C0.v (N/A, 2026-03-17 20:43:20) <-- (module definition)
                        /home/ahlemzenache/Documents/polarfire-soc-video-kit-reference-design (IMG_COMP_WRITE)/VKPFSOC_JPEG_WRITE/component/work/VKPFSOC_TOP/VKPFSOC_TOP.v (N/A, 2026-04-27 09:22:11) <-- (may instantiate this module)
                        /home/ahlemzenache/Documents/polarfire-soc-video-kit-reference-design (IMG_COMP_WRITE)/VKPFSOC_JPEG_WRITE/component/work/top_ddr_write/top_ddr_write.v (N/A, 2026-04-27 09:21:23) <-- (may instantiate this module)
26       work.DDR_AXI4_ARBITER_PF_Native.verilog may have changed because the following files changed:
                        /home/ahlemzenache/Documents/polarfire-soc-video-kit-reference-design (IMG_COMP_WRITE)/VKPFSOC_JPEG_WRITE/component/Microchip/SolutionCore/DDR_AXI4_ARBITER_PF/2.2.0/RTL/DDR_AXI4_ARBITER_PF.v (N/A, 2026-03-17 20:43:20) <-- (may instantiate this module)
                        /home/ahlemzenache/Documents/polarfire-soc-video-kit-reference-design (IMG_COMP_WRITE)/VKPFSOC_JPEG_WRITE/component/Microchip/SolutionCore/DDR_AXI4_ARBITER_PF/2.2.0/RTL/DDR_AXI4_ARBITER_PF_Native.v (N/A, 2026-03-17 20:43:20) <-- (module definition)
                        /home/ahlemzenache/Documents/polarfire-soc-video-kit-reference-design (IMG_COMP_WRITE)/VKPFSOC_JPEG_WRITE/component/work/DDR_AXI4_ARBITER_PF_C0/DDR_AXI4_ARBITER_PF_C0.v (N/A, 2026-03-17 20:43:20) <-- (may instantiate this module)
                        /home/ahlemzenache/Documents/polarfire-soc-video-kit-reference-design (IMG_COMP_WRITE)/VKPFSOC_JPEG_WRITE/component/work/VKPFSOC_TOP/VKPFSOC_TOP.v (N/A, 2026-04-27 09:22:11) <-- (may instantiate this module)
                        /home/ahlemzenache/Documents/polarfire-soc-video-kit-reference-design (IMG_COMP_WRITE)/VKPFSOC_JPEG_WRITE/component/work/top_ddr_write/top_ddr_write.v (N/A, 2026-04-27 09:21:23) <-- (may instantiate this module)
27       work.DDR_WRITE_JPEG.verilog may have changed because the following files changed:
                        /home/ahlemzenache/Documents/polarfire-soc-video-kit-reference-design (IMG_COMP_WRITE)/VKPFSOC_JPEG_WRITE/component/work/DDR_WRITE_JPEG/DDR_WRITE_JPEG.v (N/A, 2026-03-17 20:43:25) <-- (module definition)
                        /home/ahlemzenache/Documents/polarfire-soc-video-kit-reference-design (IMG_COMP_WRITE)/VKPFSOC_JPEG_WRITE/component/work/VKPFSOC_TOP/VKPFSOC_TOP.v (N/A, 2026-04-27 09:22:11) <-- (may instantiate this module)
                        /home/ahlemzenache/Documents/polarfire-soc-video-kit-reference-design (IMG_COMP_WRITE)/VKPFSOC_JPEG_WRITE/component/work/top_ddr_write/top_ddr_write.v (N/A, 2026-04-27 09:21:23) <-- (may instantiate this module)
28       work.DEBUG.verilog may have changed because the following files changed:
                        /home/ahlemzenache/Documents/polarfire-soc-video-kit-reference-design (IMG_COMP_WRITE)/VKPFSOC_JPEG_WRITE/component/syn_comps.v (N/A, 2026-06-07 15:51:20) <-- (module definition)
                        /home/ahlemzenache/Documents/polarfire-soc-video-kit-reference-design (IMG_COMP_WRITE)/VKPFSOC_JPEG_WRITE/component/work/CLOCKS_AND_RESETS/CLOCKS_AND_RESETS.v (N/A, 2026-03-17 20:43:17) <-- (may instantiate this module)
                        /home/ahlemzenache/Documents/polarfire-soc-video-kit-reference-design (IMG_COMP_WRITE)/VKPFSOC_JPEG_WRITE/component/work/INIT_MONITOR/INIT_MONITOR.v (N/A, 2026-03-17 20:43:10) <-- (may instantiate this module)
                        /home/ahlemzenache/Documents/polarfire-soc-video-kit-reference-design (IMG_COMP_WRITE)/VKPFSOC_JPEG_WRITE/component/work/INIT_MONITOR/INIT_MONITOR_0/INIT_MONITOR_INIT_MONITOR_0_PFSOC_INIT_MONITOR.v (N/A, 2026-03-17 20:43:10) <-- (may instantiate this module)
                        /home/ahlemzenache/Documents/polarfire-soc-video-kit-reference-design (IMG_COMP_WRITE)/VKPFSOC_JPEG_WRITE/component/work/PF_CCC_C0/PF_CCC_C0.v (N/A, 2026-03-17 20:43:12) <-- (may instantiate this module)
                        /home/ahlemzenache/Documents/polarfire-soc-video-kit-reference-design (IMG_COMP_WRITE)/VKPFSOC_JPEG_WRITE/component/work/PF_CCC_C0/PF_CCC_C0_0/PF_CCC_C0_PF_CCC_C0_0_PF_CCC.v (N/A, 2026-03-17 20:43:12) <-- (may instantiate this module)
                        /home/ahlemzenache/Documents/polarfire-soc-video-kit-reference-design (IMG_COMP_WRITE)/VKPFSOC_JPEG_WRITE/component/work/PF_CLK_DIV_C0/PF_CLK_DIV_C0.v (N/A, 2026-03-17 20:43:13) <-- (may instantiate this module)
                        /home/ahlemzenache/Documents/polarfire-soc-video-kit-reference-design (IMG_COMP_WRITE)/VKPFSOC_JPEG_WRITE/component/work/PF_CLK_DIV_C0/PF_CLK_DIV_C0_0/PF_CLK_DIV_C0_PF_CLK_DIV_C0_0_PF_CLK_DIV.v (N/A, 2026-03-17 20:43:13) <-- (may instantiate this module)
                        /home/ahlemzenache/Documents/polarfire-soc-video-kit-reference-design (IMG_COMP_WRITE)/VKPFSOC_JPEG_WRITE/component/work/PF_OSC_C0/PF_OSC_C0.v (N/A, 2026-03-17 20:43:13) <-- (may instantiate this module)
                        /home/ahlemzenache/Documents/polarfire-soc-video-kit-reference-design (IMG_COMP_WRITE)/VKPFSOC_JPEG_WRITE/component/work/PF_OSC_C0/PF_OSC_C0_0/PF_OSC_C0_PF_OSC_C0_0_PF_OSC.v (N/A, 2026-03-17 20:43:13) <-- (may instantiate this module)
                        /home/ahlemzenache/Documents/polarfire-soc-video-kit-reference-design (IMG_COMP_WRITE)/VKPFSOC_JPEG_WRITE/component/work/PF_XCVR_REF_CLK_C0/PF_XCVR_REF_CLK_C0.v (N/A, 2026-03-17 20:43:13) <-- (may instantiate this module)
                        /home/ahlemzenache/Documents/polarfire-soc-video-kit-reference-design (IMG_COMP_WRITE)/VKPFSOC_JPEG_WRITE/component/work/PF_XCVR_REF_CLK_C0/PF_XCVR_REF_CLK_C0_0/PF_XCVR_REF_CLK_C0_PF_XCVR_REF_CLK_C0_0_PF_XCVR_REF_CLK.v (N/A, 2026-03-17 20:43:13) <-- (may instantiate this module)
                        /home/ahlemzenache/Documents/polarfire-soc-video-kit-reference-design (IMG_COMP_WRITE)/VKPFSOC_JPEG_WRITE/component/work/VKPFSOC_TOP/VKPFSOC_TOP.v (N/A, 2026-04-27 09:22:11) <-- (may instantiate this module)
29       work.DLL.verilog may have changed because the following files changed:
                        /home/ahlemzenache/Documents/polarfire-soc-video-kit-reference-design (IMG_COMP_WRITE)/VKPFSOC_JPEG_WRITE/component/syn_comps.v (N/A, 2026-06-07 15:51:20) <-- (module definition)
                        /home/ahlemzenache/Documents/polarfire-soc-video-kit-reference-design (IMG_COMP_WRITE)/VKPFSOC_JPEG_WRITE/component/work/CLOCKS_AND_RESETS/CLOCKS_AND_RESETS.v (N/A, 2026-03-17 20:43:17) <-- (may instantiate this module)
                        /home/ahlemzenache/Documents/polarfire-soc-video-kit-reference-design (IMG_COMP_WRITE)/VKPFSOC_JPEG_WRITE/component/work/INIT_MONITOR/INIT_MONITOR.v (N/A, 2026-03-17 20:43:10) <-- (may instantiate this module)
                        /home/ahlemzenache/Documents/polarfire-soc-video-kit-reference-design (IMG_COMP_WRITE)/VKPFSOC_JPEG_WRITE/component/work/INIT_MONITOR/INIT_MONITOR_0/INIT_MONITOR_INIT_MONITOR_0_PFSOC_INIT_MONITOR.v (N/A, 2026-03-17 20:43:10) <-- (may instantiate this module)
                        /home/ahlemzenache/Documents/polarfire-soc-video-kit-reference-design (IMG_COMP_WRITE)/VKPFSOC_JPEG_WRITE/component/work/PF_CCC_C0/PF_CCC_C0.v (N/A, 2026-03-17 20:43:12) <-- (may instantiate this module)
                        /home/ahlemzenache/Documents/polarfire-soc-video-kit-reference-design (IMG_COMP_WRITE)/VKPFSOC_JPEG_WRITE/component/work/PF_CCC_C0/PF_CCC_C0_0/PF_CCC_C0_PF_CCC_C0_0_PF_CCC.v (N/A, 2026-03-17 20:43:12) <-- (may instantiate this module)
                        /home/ahlemzenache/Documents/polarfire-soc-video-kit-reference-design (IMG_COMP_WRITE)/VKPFSOC_JPEG_WRITE/component/work/PF_CLK_DIV_C0/PF_CLK_DIV_C0.v (N/A, 2026-03-17 20:43:13) <-- (may instantiate this module)
                        /home/ahlemzenache/Documents/polarfire-soc-video-kit-reference-design (IMG_COMP_WRITE)/VKPFSOC_JPEG_WRITE/component/work/PF_CLK_DIV_C0/PF_CLK_DIV_C0_0/PF_CLK_DIV_C0_PF_CLK_DIV_C0_0_PF_CLK_DIV.v (N/A, 2026-03-17 20:43:13) <-- (may instantiate this module)
                        /home/ahlemzenache/Documents/polarfire-soc-video-kit-reference-design (IMG_COMP_WRITE)/VKPFSOC_JPEG_WRITE/component/work/PF_OSC_C0/PF_OSC_C0.v (N/A, 2026-03-17 20:43:13) <-- (may instantiate this module)
                        /home/ahlemzenache/Documents/polarfire-soc-video-kit-reference-design (IMG_COMP_WRITE)/VKPFSOC_JPEG_WRITE/component/work/PF_OSC_C0/PF_OSC_C0_0/PF_OSC_C0_PF_OSC_C0_0_PF_OSC.v (N/A, 2026-03-17 20:43:13) <-- (may instantiate this module)
                        /home/ahlemzenache/Documents/polarfire-soc-video-kit-reference-design (IMG_COMP_WRITE)/VKPFSOC_JPEG_WRITE/component/work/PF_XCVR_REF_CLK_C0/PF_XCVR_REF_CLK_C0.v (N/A, 2026-03-17 20:43:13) <-- (may instantiate this module)
                        /home/ahlemzenache/Documents/polarfire-soc-video-kit-reference-design (IMG_COMP_WRITE)/VKPFSOC_JPEG_WRITE/component/work/PF_XCVR_REF_CLK_C0/PF_XCVR_REF_CLK_C0_0/PF_XCVR_REF_CLK_C0_PF_XCVR_REF_CLK_C0_0_PF_XCVR_REF_CLK.v (N/A, 2026-03-17 20:43:13) <-- (may instantiate this module)
                        /home/ahlemzenache/Documents/polarfire-soc-video-kit-reference-design (IMG_COMP_WRITE)/VKPFSOC_JPEG_WRITE/component/work/VKPFSOC_TOP/VKPFSOC_TOP.v (N/A, 2026-04-27 09:22:11) <-- (may instantiate this module)
30       work.DRI.verilog may have changed because the following files changed:
                        /home/ahlemzenache/Documents/polarfire-soc-video-kit-reference-design (IMG_COMP_WRITE)/VKPFSOC_JPEG_WRITE/component/syn_comps.v (N/A, 2026-06-07 15:51:20) <-- (module definition)
                        /home/ahlemzenache/Documents/polarfire-soc-video-kit-reference-design (IMG_COMP_WRITE)/VKPFSOC_JPEG_WRITE/component/work/CLOCKS_AND_RESETS/CLOCKS_AND_RESETS.v (N/A, 2026-03-17 20:43:17) <-- (may instantiate this module)
                        /home/ahlemzenache/Documents/polarfire-soc-video-kit-reference-design (IMG_COMP_WRITE)/VKPFSOC_JPEG_WRITE/component/work/INIT_MONITOR/INIT_MONITOR.v (N/A, 2026-03-17 20:43:10) <-- (may instantiate this module)
                        /home/ahlemzenache/Documents/polarfire-soc-video-kit-reference-design (IMG_COMP_WRITE)/VKPFSOC_JPEG_WRITE/component/work/INIT_MONITOR/INIT_MONITOR_0/INIT_MONITOR_INIT_MONITOR_0_PFSOC_INIT_MONITOR.v (N/A, 2026-03-17 20:43:10) <-- (may instantiate this module)
                        /home/ahlemzenache/Documents/polarfire-soc-video-kit-reference-design (IMG_COMP_WRITE)/VKPFSOC_JPEG_WRITE/component/work/PF_CCC_C0/PF_CCC_C0.v (N/A, 2026-03-17 20:43:12) <-- (may instantiate this module)
                        /home/ahlemzenache/Documents/polarfire-soc-video-kit-reference-design (IMG_COMP_WRITE)/VKPFSOC_JPEG_WRITE/component/work/PF_CCC_C0/PF_CCC_C0_0/PF_CCC_C0_PF_CCC_C0_0_PF_CCC.v (N/A, 2026-03-17 20:43:12) <-- (may instantiate this module)
                        /home/ahlemzenache/Documents/polarfire-soc-video-kit-reference-design (IMG_COMP_WRITE)/VKPFSOC_JPEG_WRITE/component/work/PF_CLK_DIV_C0/PF_CLK_DIV_C0.v (N/A, 2026-03-17 20:43:13) <-- (may instantiate this module)
                        /home/ahlemzenache/Documents/polarfire-soc-video-kit-reference-design (IMG_COMP_WRITE)/VKPFSOC_JPEG_WRITE/component/work/PF_CLK_DIV_C0/PF_CLK_DIV_C0_0/PF_CLK_DIV_C0_PF_CLK_DIV_C0_0_PF_CLK_DIV.v (N/A, 2026-03-17 20:43:13) <-- (may instantiate this module)
                        /home/ahlemzenache/Documents/polarfire-soc-video-kit-reference-design (IMG_COMP_WRITE)/VKPFSOC_JPEG_WRITE/component/work/PF_OSC_C0/PF_OSC_C0.v (N/A, 2026-03-17 20:43:13) <-- (may instantiate this module)
                        /home/ahlemzenache/Documents/polarfire-soc-video-kit-reference-design (IMG_COMP_WRITE)/VKPFSOC_JPEG_WRITE/component/work/PF_OSC_C0/PF_OSC_C0_0/PF_OSC_C0_PF_OSC_C0_0_PF_OSC.v (N/A, 2026-03-17 20:43:13) <-- (may instantiate this module)
                        /home/ahlemzenache/Documents/polarfire-soc-video-kit-reference-design (IMG_COMP_WRITE)/VKPFSOC_JPEG_WRITE/component/work/PF_XCVR_REF_CLK_C0/PF_XCVR_REF_CLK_C0.v (N/A, 2026-03-17 20:43:13) <-- (may instantiate this module)
                        /home/ahlemzenache/Documents/polarfire-soc-video-kit-reference-design (IMG_COMP_WRITE)/VKPFSOC_JPEG_WRITE/component/work/PF_XCVR_REF_CLK_C0/PF_XCVR_REF_CLK_C0_0/PF_XCVR_REF_CLK_C0_PF_XCVR_REF_CLK_C0_0_PF_XCVR_REF_CLK.v (N/A, 2026-03-17 20:43:13) <-- (may instantiate this module)
                        /home/ahlemzenache/Documents/polarfire-soc-video-kit-reference-design (IMG_COMP_WRITE)/VKPFSOC_JPEG_WRITE/component/work/VKPFSOC_TOP/VKPFSOC_TOP.v (N/A, 2026-04-27 09:22:11) <-- (may instantiate this module)
31       work.ENFORCE.verilog may have changed because the following files changed:
                        /home/ahlemzenache/Documents/polarfire-soc-video-kit-reference-design (IMG_COMP_WRITE)/VKPFSOC_JPEG_WRITE/component/syn_comps.v (N/A, 2026-06-07 15:51:20) <-- (module definition)
                        /home/ahlemzenache/Documents/polarfire-soc-video-kit-reference-design (IMG_COMP_WRITE)/VKPFSOC_JPEG_WRITE/component/work/CLOCKS_AND_RESETS/CLOCKS_AND_RESETS.v (N/A, 2026-03-17 20:43:17) <-- (may instantiate this module)
                        /home/ahlemzenache/Documents/polarfire-soc-video-kit-reference-design (IMG_COMP_WRITE)/VKPFSOC_JPEG_WRITE/component/work/INIT_MONITOR/INIT_MONITOR.v (N/A, 2026-03-17 20:43:10) <-- (may instantiate this module)
                        /home/ahlemzenache/Documents/polarfire-soc-video-kit-reference-design (IMG_COMP_WRITE)/VKPFSOC_JPEG_WRITE/component/work/INIT_MONITOR/INIT_MONITOR_0/INIT_MONITOR_INIT_MONITOR_0_PFSOC_INIT_MONITOR.v (N/A, 2026-03-17 20:43:10) <-- (may instantiate this module)
                        /home/ahlemzenache/Documents/polarfire-soc-video-kit-reference-design (IMG_COMP_WRITE)/VKPFSOC_JPEG_WRITE/component/work/PF_CCC_C0/PF_CCC_C0.v (N/A, 2026-03-17 20:43:12) <-- (may instantiate this module)
                        /home/ahlemzenache/Documents/polarfire-soc-video-kit-reference-design (IMG_COMP_WRITE)/VKPFSOC_JPEG_WRITE/component/work/PF_CCC_C0/PF_CCC_C0_0/PF_CCC_C0_PF_CCC_C0_0_PF_CCC.v (N/A, 2026-03-17 20:43:12) <-- (may instantiate this module)
                        /home/ahlemzenache/Documents/polarfire-soc-video-kit-reference-design (IMG_COMP_WRITE)/VKPFSOC_JPEG_WRITE/component/work/PF_CLK_DIV_C0/PF_CLK_DIV_C0.v (N/A, 2026-03-17 20:43:13) <-- (may instantiate this module)
                        /home/ahlemzenache/Documents/polarfire-soc-video-kit-reference-design (IMG_COMP_WRITE)/VKPFSOC_JPEG_WRITE/component/work/PF_CLK_DIV_C0/PF_CLK_DIV_C0_0/PF_CLK_DIV_C0_PF_CLK_DIV_C0_0_PF_CLK_DIV.v (N/A, 2026-03-17 20:43:13) <-- (may instantiate this module)
                        /home/ahlemzenache/Documents/polarfire-soc-video-kit-reference-design (IMG_COMP_WRITE)/VKPFSOC_JPEG_WRITE/component/work/PF_OSC_C0/PF_OSC_C0.v (N/A, 2026-03-17 20:43:13) <-- (may instantiate this module)
                        /home/ahlemzenache/Documents/polarfire-soc-video-kit-reference-design (IMG_COMP_WRITE)/VKPFSOC_JPEG_WRITE/component/work/PF_OSC_C0/PF_OSC_C0_0/PF_OSC_C0_PF_OSC_C0_0_PF_OSC.v (N/A, 2026-03-17 20:43:13) <-- (may instantiate this module)
                        /home/ahlemzenache/Documents/polarfire-soc-video-kit-reference-design (IMG_COMP_WRITE)/VKPFSOC_JPEG_WRITE/component/work/PF_XCVR_REF_CLK_C0/PF_XCVR_REF_CLK_C0.v (N/A, 2026-03-17 20:43:13) <-- (may instantiate this module)
                        /home/ahlemzenache/Documents/polarfire-soc-video-kit-reference-design (IMG_COMP_WRITE)/VKPFSOC_JPEG_WRITE/component/work/PF_XCVR_REF_CLK_C0/PF_XCVR_REF_CLK_C0_0/PF_XCVR_REF_CLK_C0_PF_XCVR_REF_CLK_C0_0_PF_XCVR_REF_CLK.v (N/A, 2026-03-17 20:43:13) <-- (may instantiate this module)
                        /home/ahlemzenache/Documents/polarfire-soc-video-kit-reference-design (IMG_COMP_WRITE)/VKPFSOC_JPEG_WRITE/component/work/VKPFSOC_TOP/VKPFSOC_TOP.v (N/A, 2026-04-27 09:22:11) <-- (may instantiate this module)
32       work.FIC_CONVERTER.verilog may have changed because the following files changed:
                        /home/ahlemzenache/Documents/polarfire-soc-video-kit-reference-design (IMG_COMP_WRITE)/VKPFSOC_JPEG_WRITE/component/work/FIC_CONVERTER/FIC_CONVERTER.v (N/A, 2026-03-17 20:43:19) <-- (module definition)
                        /home/ahlemzenache/Documents/polarfire-soc-video-kit-reference-design (IMG_COMP_WRITE)/VKPFSOC_JPEG_WRITE/component/work/VKPFSOC_TOP/VKPFSOC_TOP.v (N/A, 2026-04-27 09:22:11) <-- (may instantiate this module)
33       work.GLITCHDETECT.verilog may have changed because the following files changed:
                        /home/ahlemzenache/Documents/polarfire-soc-video-kit-reference-design (IMG_COMP_WRITE)/VKPFSOC_JPEG_WRITE/component/syn_comps.v (N/A, 2026-06-07 15:51:20) <-- (module definition)
                        /home/ahlemzenache/Documents/polarfire-soc-video-kit-reference-design (IMG_COMP_WRITE)/VKPFSOC_JPEG_WRITE/component/work/CLOCKS_AND_RESETS/CLOCKS_AND_RESETS.v (N/A, 2026-03-17 20:43:17) <-- (may instantiate this module)
                        /home/ahlemzenache/Documents/polarfire-soc-video-kit-reference-design (IMG_COMP_WRITE)/VKPFSOC_JPEG_WRITE/component/work/INIT_MONITOR/INIT_MONITOR.v (N/A, 2026-03-17 20:43:10) <-- (may instantiate this module)
                        /home/ahlemzenache/Documents/polarfire-soc-video-kit-reference-design (IMG_COMP_WRITE)/VKPFSOC_JPEG_WRITE/component/work/INIT_MONITOR/INIT_MONITOR_0/INIT_MONITOR_INIT_MONITOR_0_PFSOC_INIT_MONITOR.v (N/A, 2026-03-17 20:43:10) <-- (may instantiate this module)
                        /home/ahlemzenache/Documents/polarfire-soc-video-kit-reference-design (IMG_COMP_WRITE)/VKPFSOC_JPEG_WRITE/component/work/PF_CCC_C0/PF_CCC_C0.v (N/A, 2026-03-17 20:43:12) <-- (may instantiate this module)
                        /home/ahlemzenache/Documents/polarfire-soc-video-kit-reference-design (IMG_COMP_WRITE)/VKPFSOC_JPEG_WRITE/component/work/PF_CCC_C0/PF_CCC_C0_0/PF_CCC_C0_PF_CCC_C0_0_PF_CCC.v (N/A, 2026-03-17 20:43:12) <-- (may instantiate this module)
                        /home/ahlemzenache/Documents/polarfire-soc-video-kit-reference-design (IMG_COMP_WRITE)/VKPFSOC_JPEG_WRITE/component/work/PF_CLK_DIV_C0/PF_CLK_DIV_C0.v (N/A, 2026-03-17 20:43:13) <-- (may instantiate this module)
                        /home/ahlemzenache/Documents/polarfire-soc-video-kit-reference-design (IMG_COMP_WRITE)/VKPFSOC_JPEG_WRITE/component/work/PF_CLK_DIV_C0/PF_CLK_DIV_C0_0/PF_CLK_DIV_C0_PF_CLK_DIV_C0_0_PF_CLK_DIV.v (N/A, 2026-03-17 20:43:13) <-- (may instantiate this module)
                        /home/ahlemzenache/Documents/polarfire-soc-video-kit-reference-design (IMG_COMP_WRITE)/VKPFSOC_JPEG_WRITE/component/work/PF_OSC_C0/PF_OSC_C0.v (N/A, 2026-03-17 20:43:13) <-- (may instantiate this module)
                        /home/ahlemzenache/Documents/polarfire-soc-video-kit-reference-design (IMG_COMP_WRITE)/VKPFSOC_JPEG_WRITE/component/work/PF_OSC_C0/PF_OSC_C0_0/PF_OSC_C0_PF_OSC_C0_0_PF_OSC.v (N/A, 2026-03-17 20:43:13) <-- (may instantiate this module)
                        /home/ahlemzenache/Documents/polarfire-soc-video-kit-reference-design (IMG_COMP_WRITE)/VKPFSOC_JPEG_WRITE/component/work/PF_XCVR_REF_CLK_C0/PF_XCVR_REF_CLK_C0.v (N/A, 2026-03-17 20:43:13) <-- (may instantiate this module)
                        /home/ahlemzenache/Documents/polarfire-soc-video-kit-reference-design (IMG_COMP_WRITE)/VKPFSOC_JPEG_WRITE/component/work/PF_XCVR_REF_CLK_C0/PF_XCVR_REF_CLK_C0_0/PF_XCVR_REF_CLK_C0_PF_XCVR_REF_CLK_C0_0_PF_XCVR_REF_CLK.v (N/A, 2026-03-17 20:43:13) <-- (may instantiate this module)
                        /home/ahlemzenache/Documents/polarfire-soc-video-kit-reference-design (IMG_COMP_WRITE)/VKPFSOC_JPEG_WRITE/component/work/VKPFSOC_TOP/VKPFSOC_TOP.v (N/A, 2026-04-27 09:22:11) <-- (may instantiate this module)
34       work.GPSS_COMMON.verilog may have changed because the following files changed:
                        /home/ahlemzenache/Documents/polarfire-soc-video-kit-reference-design (IMG_COMP_WRITE)/VKPFSOC_JPEG_WRITE/component/syn_comps.v (N/A, 2026-06-07 15:51:20) <-- (module definition)
                        /home/ahlemzenache/Documents/polarfire-soc-video-kit-reference-design (IMG_COMP_WRITE)/VKPFSOC_JPEG_WRITE/component/work/CLOCKS_AND_RESETS/CLOCKS_AND_RESETS.v (N/A, 2026-03-17 20:43:17) <-- (may instantiate this module)
                        /home/ahlemzenache/Documents/polarfire-soc-video-kit-reference-design (IMG_COMP_WRITE)/VKPFSOC_JPEG_WRITE/component/work/INIT_MONITOR/INIT_MONITOR.v (N/A, 2026-03-17 20:43:10) <-- (may instantiate this module)
                        /home/ahlemzenache/Documents/polarfire-soc-video-kit-reference-design (IMG_COMP_WRITE)/VKPFSOC_JPEG_WRITE/component/work/INIT_MONITOR/INIT_MONITOR_0/INIT_MONITOR_INIT_MONITOR_0_PFSOC_INIT_MONITOR.v (N/A, 2026-03-17 20:43:10) <-- (may instantiate this module)
                        /home/ahlemzenache/Documents/polarfire-soc-video-kit-reference-design (IMG_COMP_WRITE)/VKPFSOC_JPEG_WRITE/component/work/PF_CCC_C0/PF_CCC_C0.v (N/A, 2026-03-17 20:43:12) <-- (may instantiate this module)
                        /home/ahlemzenache/Documents/polarfire-soc-video-kit-reference-design (IMG_COMP_WRITE)/VKPFSOC_JPEG_WRITE/component/work/PF_CCC_C0/PF_CCC_C0_0/PF_CCC_C0_PF_CCC_C0_0_PF_CCC.v (N/A, 2026-03-17 20:43:12) <-- (may instantiate this module)
                        /home/ahlemzenache/Documents/polarfire-soc-video-kit-reference-design (IMG_COMP_WRITE)/VKPFSOC_JPEG_WRITE/component/work/PF_CLK_DIV_C0/PF_CLK_DIV_C0.v (N/A, 2026-03-17 20:43:13) <-- (may instantiate this module)
                        /home/ahlemzenache/Documents/polarfire-soc-video-kit-reference-design (IMG_COMP_WRITE)/VKPFSOC_JPEG_WRITE/component/work/PF_CLK_DIV_C0/PF_CLK_DIV_C0_0/PF_CLK_DIV_C0_PF_CLK_DIV_C0_0_PF_CLK_DIV.v (N/A, 2026-03-17 20:43:13) <-- (may instantiate this module)
                        /home/ahlemzenache/Documents/polarfire-soc-video-kit-reference-design (IMG_COMP_WRITE)/VKPFSOC_JPEG_WRITE/component/work/PF_OSC_C0/PF_OSC_C0.v (N/A, 2026-03-17 20:43:13) <-- (may instantiate this module)
                        /home/ahlemzenache/Documents/polarfire-soc-video-kit-reference-design (IMG_COMP_WRITE)/VKPFSOC_JPEG_WRITE/component/work/PF_OSC_C0/PF_OSC_C0_0/PF_OSC_C0_PF_OSC_C0_0_PF_OSC.v (N/A, 2026-03-17 20:43:13) <-- (may instantiate this module)
                        /home/ahlemzenache/Documents/polarfire-soc-video-kit-reference-design (IMG_COMP_WRITE)/VKPFSOC_JPEG_WRITE/component/work/PF_XCVR_REF_CLK_C0/PF_XCVR_REF_CLK_C0.v (N/A, 2026-03-17 20:43:13) <-- (may instantiate this module)
                        /home/ahlemzenache/Documents/polarfire-soc-video-kit-reference-design (IMG_COMP_WRITE)/VKPFSOC_JPEG_WRITE/component/work/PF_XCVR_REF_CLK_C0/PF_XCVR_REF_CLK_C0_0/PF_XCVR_REF_CLK_C0_PF_XCVR_REF_CLK_C0_0_PF_XCVR_REF_CLK.v (N/A, 2026-03-17 20:43:13) <-- (may instantiate this module)
                        /home/ahlemzenache/Documents/polarfire-soc-video-kit-reference-design (IMG_COMP_WRITE)/VKPFSOC_JPEG_WRITE/component/work/VKPFSOC_TOP/VKPFSOC_TOP.v (N/A, 2026-04-27 09:22:11) <-- (may instantiate this module)
35       work.HS_IO_CLK.verilog may have changed because the following files changed:
                        /home/ahlemzenache/Documents/polarfire-soc-video-kit-reference-design (IMG_COMP_WRITE)/VKPFSOC_JPEG_WRITE/component/syn_comps.v (N/A, 2026-06-07 15:51:20) <-- (module definition)
                        /home/ahlemzenache/Documents/polarfire-soc-video-kit-reference-design (IMG_COMP_WRITE)/VKPFSOC_JPEG_WRITE/component/work/CLOCKS_AND_RESETS/CLOCKS_AND_RESETS.v (N/A, 2026-03-17 20:43:17) <-- (may instantiate this module)
                        /home/ahlemzenache/Documents/polarfire-soc-video-kit-reference-design (IMG_COMP_WRITE)/VKPFSOC_JPEG_WRITE/component/work/INIT_MONITOR/INIT_MONITOR.v (N/A, 2026-03-17 20:43:10) <-- (may instantiate this module)
                        /home/ahlemzenache/Documents/polarfire-soc-video-kit-reference-design (IMG_COMP_WRITE)/VKPFSOC_JPEG_WRITE/component/work/INIT_MONITOR/INIT_MONITOR_0/INIT_MONITOR_INIT_MONITOR_0_PFSOC_INIT_MONITOR.v (N/A, 2026-03-17 20:43:10) <-- (may instantiate this module)
                        /home/ahlemzenache/Documents/polarfire-soc-video-kit-reference-design (IMG_COMP_WRITE)/VKPFSOC_JPEG_WRITE/component/work/PF_CCC_C0/PF_CCC_C0.v (N/A, 2026-03-17 20:43:12) <-- (may instantiate this module)
                        /home/ahlemzenache/Documents/polarfire-soc-video-kit-reference-design (IMG_COMP_WRITE)/VKPFSOC_JPEG_WRITE/component/work/PF_CCC_C0/PF_CCC_C0_0/PF_CCC_C0_PF_CCC_C0_0_PF_CCC.v (N/A, 2026-03-17 20:43:12) <-- (may instantiate this module)
                        /home/ahlemzenache/Documents/polarfire-soc-video-kit-reference-design (IMG_COMP_WRITE)/VKPFSOC_JPEG_WRITE/component/work/PF_CLK_DIV_C0/PF_CLK_DIV_C0.v (N/A, 2026-03-17 20:43:13) <-- (may instantiate this module)
                        /home/ahlemzenache/Documents/polarfire-soc-video-kit-reference-design (IMG_COMP_WRITE)/VKPFSOC_JPEG_WRITE/component/work/PF_CLK_DIV_C0/PF_CLK_DIV_C0_0/PF_CLK_DIV_C0_PF_CLK_DIV_C0_0_PF_CLK_DIV.v (N/A, 2026-03-17 20:43:13) <-- (may instantiate this module)
                        /home/ahlemzenache/Documents/polarfire-soc-video-kit-reference-design (IMG_COMP_WRITE)/VKPFSOC_JPEG_WRITE/component/work/PF_OSC_C0/PF_OSC_C0.v (N/A, 2026-03-17 20:43:13) <-- (may instantiate this module)
                        /home/ahlemzenache/Documents/polarfire-soc-video-kit-reference-design (IMG_COMP_WRITE)/VKPFSOC_JPEG_WRITE/component/work/PF_OSC_C0/PF_OSC_C0_0/PF_OSC_C0_PF_OSC_C0_0_PF_OSC.v (N/A, 2026-03-17 20:43:13) <-- (may instantiate this module)
                        /home/ahlemzenache/Documents/polarfire-soc-video-kit-reference-design (IMG_COMP_WRITE)/VKPFSOC_JPEG_WRITE/component/work/PF_XCVR_REF_CLK_C0/PF_XCVR_REF_CLK_C0.v (N/A, 2026-03-17 20:43:13) <-- (may instantiate this module)
                        /home/ahlemzenache/Documents/polarfire-soc-video-kit-reference-design (IMG_COMP_WRITE)/VKPFSOC_JPEG_WRITE/component/work/PF_XCVR_REF_CLK_C0/PF_XCVR_REF_CLK_C0_0/PF_XCVR_REF_CLK_C0_PF_XCVR_REF_CLK_C0_0_PF_XCVR_REF_CLK.v (N/A, 2026-03-17 20:43:13) <-- (may instantiate this module)
                        /home/ahlemzenache/Documents/polarfire-soc-video-kit-reference-design (IMG_COMP_WRITE)/VKPFSOC_JPEG_WRITE/component/work/VKPFSOC_TOP/VKPFSOC_TOP.v (N/A, 2026-04-27 09:22:11) <-- (may instantiate this module)
36       work.ICB_BANKCLK.verilog may have changed because the following files changed:
                        /home/ahlemzenache/Documents/polarfire-soc-video-kit-reference-design (IMG_COMP_WRITE)/VKPFSOC_JPEG_WRITE/component/syn_comps.v (N/A, 2026-06-07 15:51:20) <-- (module definition)
                        /home/ahlemzenache/Documents/polarfire-soc-video-kit-reference-design (IMG_COMP_WRITE)/VKPFSOC_JPEG_WRITE/component/work/CLOCKS_AND_RESETS/CLOCKS_AND_RESETS.v (N/A, 2026-03-17 20:43:17) <-- (may instantiate this module)
                        /home/ahlemzenache/Documents/polarfire-soc-video-kit-reference-design (IMG_COMP_WRITE)/VKPFSOC_JPEG_WRITE/component/work/INIT_MONITOR/INIT_MONITOR.v (N/A, 2026-03-17 20:43:10) <-- (may instantiate this module)
                        /home/ahlemzenache/Documents/polarfire-soc-video-kit-reference-design (IMG_COMP_WRITE)/VKPFSOC_JPEG_WRITE/component/work/INIT_MONITOR/INIT_MONITOR_0/INIT_MONITOR_INIT_MONITOR_0_PFSOC_INIT_MONITOR.v (N/A, 2026-03-17 20:43:10) <-- (may instantiate this module)
                        /home/ahlemzenache/Documents/polarfire-soc-video-kit-reference-design (IMG_COMP_WRITE)/VKPFSOC_JPEG_WRITE/component/work/PF_CCC_C0/PF_CCC_C0.v (N/A, 2026-03-17 20:43:12) <-- (may instantiate this module)
                        /home/ahlemzenache/Documents/polarfire-soc-video-kit-reference-design (IMG_COMP_WRITE)/VKPFSOC_JPEG_WRITE/component/work/PF_CCC_C0/PF_CCC_C0_0/PF_CCC_C0_PF_CCC_C0_0_PF_CCC.v (N/A, 2026-03-17 20:43:12) <-- (may instantiate this module)
                        /home/ahlemzenache/Documents/polarfire-soc-video-kit-reference-design (IMG_COMP_WRITE)/VKPFSOC_JPEG_WRITE/component/work/PF_CLK_DIV_C0/PF_CLK_DIV_C0.v (N/A, 2026-03-17 20:43:13) <-- (may instantiate this module)
                        /home/ahlemzenache/Documents/polarfire-soc-video-kit-reference-design (IMG_COMP_WRITE)/VKPFSOC_JPEG_WRITE/component/work/PF_CLK_DIV_C0/PF_CLK_DIV_C0_0/PF_CLK_DIV_C0_PF_CLK_DIV_C0_0_PF_CLK_DIV.v (N/A, 2026-03-17 20:43:13) <-- (may instantiate this module)
                        /home/ahlemzenache/Documents/polarfire-soc-video-kit-reference-design (IMG_COMP_WRITE)/VKPFSOC_JPEG_WRITE/component/work/PF_OSC_C0/PF_OSC_C0.v (N/A, 2026-03-17 20:43:13) <-- (may instantiate this module)
                        /home/ahlemzenache/Documents/polarfire-soc-video-kit-reference-design (IMG_COMP_WRITE)/VKPFSOC_JPEG_WRITE/component/work/PF_OSC_C0/PF_OSC_C0_0/PF_OSC_C0_PF_OSC_C0_0_PF_OSC.v (N/A, 2026-03-17 20:43:13) <-- (may instantiate this module)
                        /home/ahlemzenache/Documents/polarfire-soc-video-kit-reference-design (IMG_COMP_WRITE)/VKPFSOC_JPEG_WRITE/component/work/PF_XCVR_REF_CLK_C0/PF_XCVR_REF_CLK_C0.v (N/A, 2026-03-17 20:43:13) <-- (may instantiate this module)
                        /home/ahlemzenache/Documents/polarfire-soc-video-kit-reference-design (IMG_COMP_WRITE)/VKPFSOC_JPEG_WRITE/component/work/PF_XCVR_REF_CLK_C0/PF_XCVR_REF_CLK_C0_0/PF_XCVR_REF_CLK_C0_PF_XCVR_REF_CLK_C0_0_PF_XCVR_REF_CLK.v (N/A, 2026-03-17 20:43:13) <-- (may instantiate this module)
                        /home/ahlemzenache/Documents/polarfire-soc-video-kit-reference-design (IMG_COMP_WRITE)/VKPFSOC_JPEG_WRITE/component/work/VKPFSOC_TOP/VKPFSOC_TOP.v (N/A, 2026-04-27 09:22:11) <-- (may instantiate this module)
37       work.ICB_CLKDIV.verilog may have changed because the following files changed:
                        /home/ahlemzenache/Documents/polarfire-soc-video-kit-reference-design (IMG_COMP_WRITE)/VKPFSOC_JPEG_WRITE/component/syn_comps.v (N/A, 2026-06-07 15:51:20) <-- (module definition)
                        /home/ahlemzenache/Documents/polarfire-soc-video-kit-reference-design (IMG_COMP_WRITE)/VKPFSOC_JPEG_WRITE/component/work/CLOCKS_AND_RESETS/CLOCKS_AND_RESETS.v (N/A, 2026-03-17 20:43:17) <-- (may instantiate this module)
                        /home/ahlemzenache/Documents/polarfire-soc-video-kit-reference-design (IMG_COMP_WRITE)/VKPFSOC_JPEG_WRITE/component/work/INIT_MONITOR/INIT_MONITOR.v (N/A, 2026-03-17 20:43:10) <-- (may instantiate this module)
                        /home/ahlemzenache/Documents/polarfire-soc-video-kit-reference-design (IMG_COMP_WRITE)/VKPFSOC_JPEG_WRITE/component/work/INIT_MONITOR/INIT_MONITOR_0/INIT_MONITOR_INIT_MONITOR_0_PFSOC_INIT_MONITOR.v (N/A, 2026-03-17 20:43:10) <-- (may instantiate this module)
                        /home/ahlemzenache/Documents/polarfire-soc-video-kit-reference-design (IMG_COMP_WRITE)/VKPFSOC_JPEG_WRITE/component/work/PF_CCC_C0/PF_CCC_C0.v (N/A, 2026-03-17 20:43:12) <-- (may instantiate this module)
                        /home/ahlemzenache/Documents/polarfire-soc-video-kit-reference-design (IMG_COMP_WRITE)/VKPFSOC_JPEG_WRITE/component/work/PF_CCC_C0/PF_CCC_C0_0/PF_CCC_C0_PF_CCC_C0_0_PF_CCC.v (N/A, 2026-03-17 20:43:12) <-- (may instantiate this module)
                        /home/ahlemzenache/Documents/polarfire-soc-video-kit-reference-design (IMG_COMP_WRITE)/VKPFSOC_JPEG_WRITE/component/work/PF_CLK_DIV_C0/PF_CLK_DIV_C0.v (N/A, 2026-03-17 20:43:13) <-- (may instantiate this module)
                        /home/ahlemzenache/Documents/polarfire-soc-video-kit-reference-design (IMG_COMP_WRITE)/VKPFSOC_JPEG_WRITE/component/work/PF_CLK_DIV_C0/PF_CLK_DIV_C0_0/PF_CLK_DIV_C0_PF_CLK_DIV_C0_0_PF_CLK_DIV.v (N/A, 2026-03-17 20:43:13) <-- (may instantiate this module)
                        /home/ahlemzenache/Documents/polarfire-soc-video-kit-reference-design (IMG_COMP_WRITE)/VKPFSOC_JPEG_WRITE/component/work/PF_OSC_C0/PF_OSC_C0.v (N/A, 2026-03-17 20:43:13) <-- (may instantiate this module)
                        /home/ahlemzenache/Documents/polarfire-soc-video-kit-reference-design (IMG_COMP_WRITE)/VKPFSOC_JPEG_WRITE/component/work/PF_OSC_C0/PF_OSC_C0_0/PF_OSC_C0_PF_OSC_C0_0_PF_OSC.v (N/A, 2026-03-17 20:43:13) <-- (may instantiate this module)
                        /home/ahlemzenache/Documents/polarfire-soc-video-kit-reference-design (IMG_COMP_WRITE)/VKPFSOC_JPEG_WRITE/component/work/PF_XCVR_REF_CLK_C0/PF_XCVR_REF_CLK_C0.v (N/A, 2026-03-17 20:43:13) <-- (may instantiate this module)
                        /home/ahlemzenache/Documents/polarfire-soc-video-kit-reference-design (IMG_COMP_WRITE)/VKPFSOC_JPEG_WRITE/component/work/PF_XCVR_REF_CLK_C0/PF_XCVR_REF_CLK_C0_0/PF_XCVR_REF_CLK_C0_PF_XCVR_REF_CLK_C0_0_PF_XCVR_REF_CLK.v (N/A, 2026-03-17 20:43:13) <-- (may instantiate this module)
                        /home/ahlemzenache/Documents/polarfire-soc-video-kit-reference-design (IMG_COMP_WRITE)/VKPFSOC_JPEG_WRITE/component/work/VKPFSOC_TOP/VKPFSOC_TOP.v (N/A, 2026-04-27 09:22:11) <-- (may instantiate this module)
38       work.ICB_CLKDIVDELAY.verilog may have changed because the following files changed:
                        /home/ahlemzenache/Documents/polarfire-soc-video-kit-reference-design (IMG_COMP_WRITE)/VKPFSOC_JPEG_WRITE/component/syn_comps.v (N/A, 2026-06-07 15:51:20) <-- (module definition)
                        /home/ahlemzenache/Documents/polarfire-soc-video-kit-reference-design (IMG_COMP_WRITE)/VKPFSOC_JPEG_WRITE/component/work/CLOCKS_AND_RESETS/CLOCKS_AND_RESETS.v (N/A, 2026-03-17 20:43:17) <-- (may instantiate this module)
                        /home/ahlemzenache/Documents/polarfire-soc-video-kit-reference-design (IMG_COMP_WRITE)/VKPFSOC_JPEG_WRITE/component/work/INIT_MONITOR/INIT_MONITOR.v (N/A, 2026-03-17 20:43:10) <-- (may instantiate this module)
                        /home/ahlemzenache/Documents/polarfire-soc-video-kit-reference-design (IMG_COMP_WRITE)/VKPFSOC_JPEG_WRITE/component/work/INIT_MONITOR/INIT_MONITOR_0/INIT_MONITOR_INIT_MONITOR_0_PFSOC_INIT_MONITOR.v (N/A, 2026-03-17 20:43:10) <-- (may instantiate this module)
                        /home/ahlemzenache/Documents/polarfire-soc-video-kit-reference-design (IMG_COMP_WRITE)/VKPFSOC_JPEG_WRITE/component/work/PF_CCC_C0/PF_CCC_C0.v (N/A, 2026-03-17 20:43:12) <-- (may instantiate this module)
                        /home/ahlemzenache/Documents/polarfire-soc-video-kit-reference-design (IMG_COMP_WRITE)/VKPFSOC_JPEG_WRITE/component/work/PF_CCC_C0/PF_CCC_C0_0/PF_CCC_C0_PF_CCC_C0_0_PF_CCC.v (N/A, 2026-03-17 20:43:12) <-- (may instantiate this module)
                        /home/ahlemzenache/Documents/polarfire-soc-video-kit-reference-design (IMG_COMP_WRITE)/VKPFSOC_JPEG_WRITE/component/work/PF_CLK_DIV_C0/PF_CLK_DIV_C0.v (N/A, 2026-03-17 20:43:13) <-- (may instantiate this module)
                        /home/ahlemzenache/Documents/polarfire-soc-video-kit-reference-design (IMG_COMP_WRITE)/VKPFSOC_JPEG_WRITE/component/work/PF_CLK_DIV_C0/PF_CLK_DIV_C0_0/PF_CLK_DIV_C0_PF_CLK_DIV_C0_0_PF_CLK_DIV.v (N/A, 2026-03-17 20:43:13) <-- (may instantiate this module)
                        /home/ahlemzenache/Documents/polarfire-soc-video-kit-reference-design (IMG_COMP_WRITE)/VKPFSOC_JPEG_WRITE/component/work/PF_OSC_C0/PF_OSC_C0.v (N/A, 2026-03-17 20:43:13) <-- (may instantiate this module)
                        /home/ahlemzenache/Documents/polarfire-soc-video-kit-reference-design (IMG_COMP_WRITE)/VKPFSOC_JPEG_WRITE/component/work/PF_OSC_C0/PF_OSC_C0_0/PF_OSC_C0_PF_OSC_C0_0_PF_OSC.v (N/A, 2026-03-17 20:43:13) <-- (may instantiate this module)
                        /home/ahlemzenache/Documents/polarfire-soc-video-kit-reference-design (IMG_COMP_WRITE)/VKPFSOC_JPEG_WRITE/component/work/PF_XCVR_REF_CLK_C0/PF_XCVR_REF_CLK_C0.v (N/A, 2026-03-17 20:43:13) <-- (may instantiate this module)
                        /home/ahlemzenache/Documents/polarfire-soc-video-kit-reference-design (IMG_COMP_WRITE)/VKPFSOC_JPEG_WRITE/component/work/PF_XCVR_REF_CLK_C0/PF_XCVR_REF_CLK_C0_0/PF_XCVR_REF_CLK_C0_PF_XCVR_REF_CLK_C0_0_PF_XCVR_REF_CLK.v (N/A, 2026-03-17 20:43:13) <-- (may instantiate this module)
                        /home/ahlemzenache/Documents/polarfire-soc-video-kit-reference-design (IMG_COMP_WRITE)/VKPFSOC_JPEG_WRITE/component/work/VKPFSOC_TOP/VKPFSOC_TOP.v (N/A, 2026-04-27 09:22:11) <-- (may instantiate this module)
39       work.ICB_CLKINT.verilog may have changed because the following files changed:
                        /home/ahlemzenache/Documents/polarfire-soc-video-kit-reference-design (IMG_COMP_WRITE)/VKPFSOC_JPEG_WRITE/component/syn_comps.v (N/A, 2026-06-07 15:51:20) <-- (module definition)
                        /home/ahlemzenache/Documents/polarfire-soc-video-kit-reference-design (IMG_COMP_WRITE)/VKPFSOC_JPEG_WRITE/component/work/CLOCKS_AND_RESETS/CLOCKS_AND_RESETS.v (N/A, 2026-03-17 20:43:17) <-- (may instantiate this module)
                        /home/ahlemzenache/Documents/polarfire-soc-video-kit-reference-design (IMG_COMP_WRITE)/VKPFSOC_JPEG_WRITE/component/work/INIT_MONITOR/INIT_MONITOR.v (N/A, 2026-03-17 20:43:10) <-- (may instantiate this module)
                        /home/ahlemzenache/Documents/polarfire-soc-video-kit-reference-design (IMG_COMP_WRITE)/VKPFSOC_JPEG_WRITE/component/work/INIT_MONITOR/INIT_MONITOR_0/INIT_MONITOR_INIT_MONITOR_0_PFSOC_INIT_MONITOR.v (N/A, 2026-03-17 20:43:10) <-- (may instantiate this module)
                        /home/ahlemzenache/Documents/polarfire-soc-video-kit-reference-design (IMG_COMP_WRITE)/VKPFSOC_JPEG_WRITE/component/work/PF_CCC_C0/PF_CCC_C0.v (N/A, 2026-03-17 20:43:12) <-- (may instantiate this module)
                        /home/ahlemzenache/Documents/polarfire-soc-video-kit-reference-design (IMG_COMP_WRITE)/VKPFSOC_JPEG_WRITE/component/work/PF_CCC_C0/PF_CCC_C0_0/PF_CCC_C0_PF_CCC_C0_0_PF_CCC.v (N/A, 2026-03-17 20:43:12) <-- (may instantiate this module)
                        /home/ahlemzenache/Documents/polarfire-soc-video-kit-reference-design (IMG_COMP_WRITE)/VKPFSOC_JPEG_WRITE/component/work/PF_CLK_DIV_C0/PF_CLK_DIV_C0.v (N/A, 2026-03-17 20:43:13) <-- (may instantiate this module)
                        /home/ahlemzenache/Documents/polarfire-soc-video-kit-reference-design (IMG_COMP_WRITE)/VKPFSOC_JPEG_WRITE/component/work/PF_CLK_DIV_C0/PF_CLK_DIV_C0_0/PF_CLK_DIV_C0_PF_CLK_DIV_C0_0_PF_CLK_DIV.v (N/A, 2026-03-17 20:43:13) <-- (may instantiate this module)
                        /home/ahlemzenache/Documents/polarfire-soc-video-kit-reference-design (IMG_COMP_WRITE)/VKPFSOC_JPEG_WRITE/component/work/PF_OSC_C0/PF_OSC_C0.v (N/A, 2026-03-17 20:43:13) <-- (may instantiate this module)
                        /home/ahlemzenache/Documents/polarfire-soc-video-kit-reference-design (IMG_COMP_WRITE)/VKPFSOC_JPEG_WRITE/component/work/PF_OSC_C0/PF_OSC_C0_0/PF_OSC_C0_PF_OSC_C0_0_PF_OSC.v (N/A, 2026-03-17 20:43:13) <-- (may instantiate this module)
                        /home/ahlemzenache/Documents/polarfire-soc-video-kit-reference-design (IMG_COMP_WRITE)/VKPFSOC_JPEG_WRITE/component/work/PF_XCVR_REF_CLK_C0/PF_XCVR_REF_CLK_C0.v (N/A, 2026-03-17 20:43:13) <-- (may instantiate this module)
                        /home/ahlemzenache/Documents/polarfire-soc-video-kit-reference-design (IMG_COMP_WRITE)/VKPFSOC_JPEG_WRITE/component/work/PF_XCVR_REF_CLK_C0/PF_XCVR_REF_CLK_C0_0/PF_XCVR_REF_CLK_C0_PF_XCVR_REF_CLK_C0_0_PF_XCVR_REF_CLK.v (N/A, 2026-03-17 20:43:13) <-- (may instantiate this module)
                        /home/ahlemzenache/Documents/polarfire-soc-video-kit-reference-design (IMG_COMP_WRITE)/VKPFSOC_JPEG_WRITE/component/work/VKPFSOC_TOP/VKPFSOC_TOP.v (N/A, 2026-04-27 09:22:11) <-- (may instantiate this module)
40       work.ICB_CLKSTOP.verilog may have changed because the following files changed:
                        /home/ahlemzenache/Documents/polarfire-soc-video-kit-reference-design (IMG_COMP_WRITE)/VKPFSOC_JPEG_WRITE/component/syn_comps.v (N/A, 2026-06-07 15:51:20) <-- (module definition)
                        /home/ahlemzenache/Documents/polarfire-soc-video-kit-reference-design (IMG_COMP_WRITE)/VKPFSOC_JPEG_WRITE/component/work/CLOCKS_AND_RESETS/CLOCKS_AND_RESETS.v (N/A, 2026-03-17 20:43:17) <-- (may instantiate this module)
                        /home/ahlemzenache/Documents/polarfire-soc-video-kit-reference-design (IMG_COMP_WRITE)/VKPFSOC_JPEG_WRITE/component/work/INIT_MONITOR/INIT_MONITOR.v (N/A, 2026-03-17 20:43:10) <-- (may instantiate this module)
                        /home/ahlemzenache/Documents/polarfire-soc-video-kit-reference-design (IMG_COMP_WRITE)/VKPFSOC_JPEG_WRITE/component/work/INIT_MONITOR/INIT_MONITOR_0/INIT_MONITOR_INIT_MONITOR_0_PFSOC_INIT_MONITOR.v (N/A, 2026-03-17 20:43:10) <-- (may instantiate this module)
                        /home/ahlemzenache/Documents/polarfire-soc-video-kit-reference-design (IMG_COMP_WRITE)/VKPFSOC_JPEG_WRITE/component/work/PF_CCC_C0/PF_CCC_C0.v (N/A, 2026-03-17 20:43:12) <-- (may instantiate this module)
                        /home/ahlemzenache/Documents/polarfire-soc-video-kit-reference-design (IMG_COMP_WRITE)/VKPFSOC_JPEG_WRITE/component/work/PF_CCC_C0/PF_CCC_C0_0/PF_CCC_C0_PF_CCC_C0_0_PF_CCC.v (N/A, 2026-03-17 20:43:12) <-- (may instantiate this module)
                        /home/ahlemzenache/Documents/polarfire-soc-video-kit-reference-design (IMG_COMP_WRITE)/VKPFSOC_JPEG_WRITE/component/work/PF_CLK_DIV_C0/PF_CLK_DIV_C0.v (N/A, 2026-03-17 20:43:13) <-- (may instantiate this module)
                        /home/ahlemzenache/Documents/polarfire-soc-video-kit-reference-design (IMG_COMP_WRITE)/VKPFSOC_JPEG_WRITE/component/work/PF_CLK_DIV_C0/PF_CLK_DIV_C0_0/PF_CLK_DIV_C0_PF_CLK_DIV_C0_0_PF_CLK_DIV.v (N/A, 2026-03-17 20:43:13) <-- (may instantiate this module)
                        /home/ahlemzenache/Documents/polarfire-soc-video-kit-reference-design (IMG_COMP_WRITE)/VKPFSOC_JPEG_WRITE/component/work/PF_OSC_C0/PF_OSC_C0.v (N/A, 2026-03-17 20:43:13) <-- (may instantiate this module)
                        /home/ahlemzenache/Documents/polarfire-soc-video-kit-reference-design (IMG_COMP_WRITE)/VKPFSOC_JPEG_WRITE/component/work/PF_OSC_C0/PF_OSC_C0_0/PF_OSC_C0_PF_OSC_C0_0_PF_OSC.v (N/A, 2026-03-17 20:43:13) <-- (may instantiate this module)
                        /home/ahlemzenache/Documents/polarfire-soc-video-kit-reference-design (IMG_COMP_WRITE)/VKPFSOC_JPEG_WRITE/component/work/PF_XCVR_REF_CLK_C0/PF_XCVR_REF_CLK_C0.v (N/A, 2026-03-17 20:43:13) <-- (may instantiate this module)
                        /home/ahlemzenache/Documents/polarfire-soc-video-kit-reference-design (IMG_COMP_WRITE)/VKPFSOC_JPEG_WRITE/component/work/PF_XCVR_REF_CLK_C0/PF_XCVR_REF_CLK_C0_0/PF_XCVR_REF_CLK_C0_PF_XCVR_REF_CLK_C0_0_PF_XCVR_REF_CLK.v (N/A, 2026-03-17 20:43:13) <-- (may instantiate this module)
                        /home/ahlemzenache/Documents/polarfire-soc-video-kit-reference-design (IMG_COMP_WRITE)/VKPFSOC_JPEG_WRITE/component/work/VKPFSOC_TOP/VKPFSOC_TOP.v (N/A, 2026-04-27 09:22:11) <-- (may instantiate this module)
41       work.ICB_CLKSTOP_EN.verilog may have changed because the following files changed:
                        /home/ahlemzenache/Documents/polarfire-soc-video-kit-reference-design (IMG_COMP_WRITE)/VKPFSOC_JPEG_WRITE/component/syn_comps.v (N/A, 2026-06-07 15:51:20) <-- (module definition)
                        /home/ahlemzenache/Documents/polarfire-soc-video-kit-reference-design (IMG_COMP_WRITE)/VKPFSOC_JPEG_WRITE/component/work/CLOCKS_AND_RESETS/CLOCKS_AND_RESETS.v (N/A, 2026-03-17 20:43:17) <-- (may instantiate this module)
                        /home/ahlemzenache/Documents/polarfire-soc-video-kit-reference-design (IMG_COMP_WRITE)/VKPFSOC_JPEG_WRITE/component/work/INIT_MONITOR/INIT_MONITOR.v (N/A, 2026-03-17 20:43:10) <-- (may instantiate this module)
                        /home/ahlemzenache/Documents/polarfire-soc-video-kit-reference-design (IMG_COMP_WRITE)/VKPFSOC_JPEG_WRITE/component/work/INIT_MONITOR/INIT_MONITOR_0/INIT_MONITOR_INIT_MONITOR_0_PFSOC_INIT_MONITOR.v (N/A, 2026-03-17 20:43:10) <-- (may instantiate this module)
                        /home/ahlemzenache/Documents/polarfire-soc-video-kit-reference-design (IMG_COMP_WRITE)/VKPFSOC_JPEG_WRITE/component/work/PF_CCC_C0/PF_CCC_C0.v (N/A, 2026-03-17 20:43:12) <-- (may instantiate this module)
                        /home/ahlemzenache/Documents/polarfire-soc-video-kit-reference-design (IMG_COMP_WRITE)/VKPFSOC_JPEG_WRITE/component/work/PF_CCC_C0/PF_CCC_C0_0/PF_CCC_C0_PF_CCC_C0_0_PF_CCC.v (N/A, 2026-03-17 20:43:12) <-- (may instantiate this module)
                        /home/ahlemzenache/Documents/polarfire-soc-video-kit-reference-design (IMG_COMP_WRITE)/VKPFSOC_JPEG_WRITE/component/work/PF_CLK_DIV_C0/PF_CLK_DIV_C0.v (N/A, 2026-03-17 20:43:13) <-- (may instantiate this module)
                        /home/ahlemzenache/Documents/polarfire-soc-video-kit-reference-design (IMG_COMP_WRITE)/VKPFSOC_JPEG_WRITE/component/work/PF_CLK_DIV_C0/PF_CLK_DIV_C0_0/PF_CLK_DIV_C0_PF_CLK_DIV_C0_0_PF_CLK_DIV.v (N/A, 2026-03-17 20:43:13) <-- (may instantiate this module)
                        /home/ahlemzenache/Documents/polarfire-soc-video-kit-reference-design (IMG_COMP_WRITE)/VKPFSOC_JPEG_WRITE/component/work/PF_OSC_C0/PF_OSC_C0.v (N/A, 2026-03-17 20:43:13) <-- (may instantiate this module)
                        /home/ahlemzenache/Documents/polarfire-soc-video-kit-reference-design (IMG_COMP_WRITE)/VKPFSOC_JPEG_WRITE/component/work/PF_OSC_C0/PF_OSC_C0_0/PF_OSC_C0_PF_OSC_C0_0_PF_OSC.v (N/A, 2026-03-17 20:43:13) <-- (may instantiate this module)
                        /home/ahlemzenache/Documents/polarfire-soc-video-kit-reference-design (IMG_COMP_WRITE)/VKPFSOC_JPEG_WRITE/component/work/PF_XCVR_REF_CLK_C0/PF_XCVR_REF_CLK_C0.v (N/A, 2026-03-17 20:43:13) <-- (may instantiate this module)
                        /home/ahlemzenache/Documents/polarfire-soc-video-kit-reference-design (IMG_COMP_WRITE)/VKPFSOC_JPEG_WRITE/component/work/PF_XCVR_REF_CLK_C0/PF_XCVR_REF_CLK_C0_0/PF_XCVR_REF_CLK_C0_PF_XCVR_REF_CLK_C0_0_PF_XCVR_REF_CLK.v (N/A, 2026-03-17 20:43:13) <-- (may instantiate this module)
                        /home/ahlemzenache/Documents/polarfire-soc-video-kit-reference-design (IMG_COMP_WRITE)/VKPFSOC_JPEG_WRITE/component/work/VKPFSOC_TOP/VKPFSOC_TOP.v (N/A, 2026-04-27 09:22:11) <-- (may instantiate this module)
42       work.ICB_INT.verilog may have changed because the following files changed:
                        /home/ahlemzenache/Documents/polarfire-soc-video-kit-reference-design (IMG_COMP_WRITE)/VKPFSOC_JPEG_WRITE/component/syn_comps.v (N/A, 2026-06-07 15:51:20) <-- (module definition)
                        /home/ahlemzenache/Documents/polarfire-soc-video-kit-reference-design (IMG_COMP_WRITE)/VKPFSOC_JPEG_WRITE/component/work/CLOCKS_AND_RESETS/CLOCKS_AND_RESETS.v (N/A, 2026-03-17 20:43:17) <-- (may instantiate this module)
                        /home/ahlemzenache/Documents/polarfire-soc-video-kit-reference-design (IMG_COMP_WRITE)/VKPFSOC_JPEG_WRITE/component/work/INIT_MONITOR/INIT_MONITOR.v (N/A, 2026-03-17 20:43:10) <-- (may instantiate this module)
                        /home/ahlemzenache/Documents/polarfire-soc-video-kit-reference-design (IMG_COMP_WRITE)/VKPFSOC_JPEG_WRITE/component/work/INIT_MONITOR/INIT_MONITOR_0/INIT_MONITOR_INIT_MONITOR_0_PFSOC_INIT_MONITOR.v (N/A, 2026-03-17 20:43:10) <-- (may instantiate this module)
                        /home/ahlemzenache/Documents/polarfire-soc-video-kit-reference-design (IMG_COMP_WRITE)/VKPFSOC_JPEG_WRITE/component/work/PF_CCC_C0/PF_CCC_C0.v (N/A, 2026-03-17 20:43:12) <-- (may instantiate this module)
                        /home/ahlemzenache/Documents/polarfire-soc-video-kit-reference-design (IMG_COMP_WRITE)/VKPFSOC_JPEG_WRITE/component/work/PF_CCC_C0/PF_CCC_C0_0/PF_CCC_C0_PF_CCC_C0_0_PF_CCC.v (N/A, 2026-03-17 20:43:12) <-- (may instantiate this module)
                        /home/ahlemzenache/Documents/polarfire-soc-video-kit-reference-design (IMG_COMP_WRITE)/VKPFSOC_JPEG_WRITE/component/work/PF_CLK_DIV_C0/PF_CLK_DIV_C0.v (N/A, 2026-03-17 20:43:13) <-- (may instantiate this module)
                        /home/ahlemzenache/Documents/polarfire-soc-video-kit-reference-design (IMG_COMP_WRITE)/VKPFSOC_JPEG_WRITE/component/work/PF_CLK_DIV_C0/PF_CLK_DIV_C0_0/PF_CLK_DIV_C0_PF_CLK_DIV_C0_0_PF_CLK_DIV.v (N/A, 2026-03-17 20:43:13) <-- (may instantiate this module)
                        /home/ahlemzenache/Documents/polarfire-soc-video-kit-reference-design (IMG_COMP_WRITE)/VKPFSOC_JPEG_WRITE/component/work/PF_OSC_C0/PF_OSC_C0.v (N/A, 2026-03-17 20:43:13) <-- (may instantiate this module)
                        /home/ahlemzenache/Documents/polarfire-soc-video-kit-reference-design (IMG_COMP_WRITE)/VKPFSOC_JPEG_WRITE/component/work/PF_OSC_C0/PF_OSC_C0_0/PF_OSC_C0_PF_OSC_C0_0_PF_OSC.v (N/A, 2026-03-17 20:43:13) <-- (may instantiate this module)
                        /home/ahlemzenache/Documents/polarfire-soc-video-kit-reference-design (IMG_COMP_WRITE)/VKPFSOC_JPEG_WRITE/component/work/PF_XCVR_REF_CLK_C0/PF_XCVR_REF_CLK_C0.v (N/A, 2026-03-17 20:43:13) <-- (may instantiate this module)
                        /home/ahlemzenache/Documents/polarfire-soc-video-kit-reference-design (IMG_COMP_WRITE)/VKPFSOC_JPEG_WRITE/component/work/PF_XCVR_REF_CLK_C0/PF_XCVR_REF_CLK_C0_0/PF_XCVR_REF_CLK_C0_PF_XCVR_REF_CLK_C0_0_PF_XCVR_REF_CLK.v (N/A, 2026-03-17 20:43:13) <-- (may instantiate this module)
                        /home/ahlemzenache/Documents/polarfire-soc-video-kit-reference-design (IMG_COMP_WRITE)/VKPFSOC_JPEG_WRITE/component/work/VKPFSOC_TOP/VKPFSOC_TOP.v (N/A, 2026-04-27 09:22:11) <-- (may instantiate this module)
43       work.ICB_MUXING.verilog may have changed because the following files changed:
                        /home/ahlemzenache/Documents/polarfire-soc-video-kit-reference-design (IMG_COMP_WRITE)/VKPFSOC_JPEG_WRITE/component/syn_comps.v (N/A, 2026-06-07 15:51:20) <-- (module definition)
                        /home/ahlemzenache/Documents/polarfire-soc-video-kit-reference-design (IMG_COMP_WRITE)/VKPFSOC_JPEG_WRITE/component/work/CLOCKS_AND_RESETS/CLOCKS_AND_RESETS.v (N/A, 2026-03-17 20:43:17) <-- (may instantiate this module)
                        /home/ahlemzenache/Documents/polarfire-soc-video-kit-reference-design (IMG_COMP_WRITE)/VKPFSOC_JPEG_WRITE/component/work/INIT_MONITOR/INIT_MONITOR.v (N/A, 2026-03-17 20:43:10) <-- (may instantiate this module)
                        /home/ahlemzenache/Documents/polarfire-soc-video-kit-reference-design (IMG_COMP_WRITE)/VKPFSOC_JPEG_WRITE/component/work/INIT_MONITOR/INIT_MONITOR_0/INIT_MONITOR_INIT_MONITOR_0_PFSOC_INIT_MONITOR.v (N/A, 2026-03-17 20:43:10) <-- (may instantiate this module)
                        /home/ahlemzenache/Documents/polarfire-soc-video-kit-reference-design (IMG_COMP_WRITE)/VKPFSOC_JPEG_WRITE/component/work/PF_CCC_C0/PF_CCC_C0.v (N/A, 2026-03-17 20:43:12) <-- (may instantiate this module)
                        /home/ahlemzenache/Documents/polarfire-soc-video-kit-reference-design (IMG_COMP_WRITE)/VKPFSOC_JPEG_WRITE/component/work/PF_CCC_C0/PF_CCC_C0_0/PF_CCC_C0_PF_CCC_C0_0_PF_CCC.v (N/A, 2026-03-17 20:43:12) <-- (may instantiate this module)
                        /home/ahlemzenache/Documents/polarfire-soc-video-kit-reference-design (IMG_COMP_WRITE)/VKPFSOC_JPEG_WRITE/component/work/PF_CLK_DIV_C0/PF_CLK_DIV_C0.v (N/A, 2026-03-17 20:43:13) <-- (may instantiate this module)
                        /home/ahlemzenache/Documents/polarfire-soc-video-kit-reference-design (IMG_COMP_WRITE)/VKPFSOC_JPEG_WRITE/component/work/PF_CLK_DIV_C0/PF_CLK_DIV_C0_0/PF_CLK_DIV_C0_PF_CLK_DIV_C0_0_PF_CLK_DIV.v (N/A, 2026-03-17 20:43:13) <-- (may instantiate this module)
                        /home/ahlemzenache/Documents/polarfire-soc-video-kit-reference-design (IMG_COMP_WRITE)/VKPFSOC_JPEG_WRITE/component/work/PF_OSC_C0/PF_OSC_C0.v (N/A, 2026-03-17 20:43:13) <-- (may instantiate this module)
                        /home/ahlemzenache/Documents/polarfire-soc-video-kit-reference-design (IMG_COMP_WRITE)/VKPFSOC_JPEG_WRITE/component/work/PF_OSC_C0/PF_OSC_C0_0/PF_OSC_C0_PF_OSC_C0_0_PF_OSC.v (N/A, 2026-03-17 20:43:13) <-- (may instantiate this module)
                        /home/ahlemzenache/Documents/polarfire-soc-video-kit-reference-design (IMG_COMP_WRITE)/VKPFSOC_JPEG_WRITE/component/work/PF_XCVR_REF_CLK_C0/PF_XCVR_REF_CLK_C0.v (N/A, 2026-03-17 20:43:13) <-- (may instantiate this module)
                        /home/ahlemzenache/Documents/polarfire-soc-video-kit-reference-design (IMG_COMP_WRITE)/VKPFSOC_JPEG_WRITE/component/work/PF_XCVR_REF_CLK_C0/PF_XCVR_REF_CLK_C0_0/PF_XCVR_REF_CLK_C0_PF_XCVR_REF_CLK_C0_0_PF_XCVR_REF_CLK.v (N/A, 2026-03-17 20:43:13) <-- (may instantiate this module)
                        /home/ahlemzenache/Documents/polarfire-soc-video-kit-reference-design (IMG_COMP_WRITE)/VKPFSOC_JPEG_WRITE/component/work/VKPFSOC_TOP/VKPFSOC_TOP.v (N/A, 2026-04-27 09:22:11) <-- (may instantiate this module)
44       work.ICB_NGMUX.verilog may have changed because the following files changed:
                        /home/ahlemzenache/Documents/polarfire-soc-video-kit-reference-design (IMG_COMP_WRITE)/VKPFSOC_JPEG_WRITE/component/syn_comps.v (N/A, 2026-06-07 15:51:20) <-- (module definition)
                        /home/ahlemzenache/Documents/polarfire-soc-video-kit-reference-design (IMG_COMP_WRITE)/VKPFSOC_JPEG_WRITE/component/work/CLOCKS_AND_RESETS/CLOCKS_AND_RESETS.v (N/A, 2026-03-17 20:43:17) <-- (may instantiate this module)
                        /home/ahlemzenache/Documents/polarfire-soc-video-kit-reference-design (IMG_COMP_WRITE)/VKPFSOC_JPEG_WRITE/component/work/INIT_MONITOR/INIT_MONITOR.v (N/A, 2026-03-17 20:43:10) <-- (may instantiate this module)
                        /home/ahlemzenache/Documents/polarfire-soc-video-kit-reference-design (IMG_COMP_WRITE)/VKPFSOC_JPEG_WRITE/component/work/INIT_MONITOR/INIT_MONITOR_0/INIT_MONITOR_INIT_MONITOR_0_PFSOC_INIT_MONITOR.v (N/A, 2026-03-17 20:43:10) <-- (may instantiate this module)
                        /home/ahlemzenache/Documents/polarfire-soc-video-kit-reference-design (IMG_COMP_WRITE)/VKPFSOC_JPEG_WRITE/component/work/PF_CCC_C0/PF_CCC_C0.v (N/A, 2026-03-17 20:43:12) <-- (may instantiate this module)
                        /home/ahlemzenache/Documents/polarfire-soc-video-kit-reference-design (IMG_COMP_WRITE)/VKPFSOC_JPEG_WRITE/component/work/PF_CCC_C0/PF_CCC_C0_0/PF_CCC_C0_PF_CCC_C0_0_PF_CCC.v (N/A, 2026-03-17 20:43:12) <-- (may instantiate this module)
                        /home/ahlemzenache/Documents/polarfire-soc-video-kit-reference-design (IMG_COMP_WRITE)/VKPFSOC_JPEG_WRITE/component/work/PF_CLK_DIV_C0/PF_CLK_DIV_C0.v (N/A, 2026-03-17 20:43:13) <-- (may instantiate this module)
                        /home/ahlemzenache/Documents/polarfire-soc-video-kit-reference-design (IMG_COMP_WRITE)/VKPFSOC_JPEG_WRITE/component/work/PF_CLK_DIV_C0/PF_CLK_DIV_C0_0/PF_CLK_DIV_C0_PF_CLK_DIV_C0_0_PF_CLK_DIV.v (N/A, 2026-03-17 20:43:13) <-- (may instantiate this module)
                        /home/ahlemzenache/Documents/polarfire-soc-video-kit-reference-design (IMG_COMP_WRITE)/VKPFSOC_JPEG_WRITE/component/work/PF_OSC_C0/PF_OSC_C0.v (N/A, 2026-03-17 20:43:13) <-- (may instantiate this module)
                        /home/ahlemzenache/Documents/polarfire-soc-video-kit-reference-design (IMG_COMP_WRITE)/VKPFSOC_JPEG_WRITE/component/work/PF_OSC_C0/PF_OSC_C0_0/PF_OSC_C0_PF_OSC_C0_0_PF_OSC.v (N/A, 2026-03-17 20:43:13) <-- (may instantiate this module)
                        /home/ahlemzenache/Documents/polarfire-soc-video-kit-reference-design (IMG_COMP_WRITE)/VKPFSOC_JPEG_WRITE/component/work/PF_XCVR_REF_CLK_C0/PF_XCVR_REF_CLK_C0.v (N/A, 2026-03-17 20:43:13) <-- (may instantiate this module)
                        /home/ahlemzenache/Documents/polarfire-soc-video-kit-reference-design (IMG_COMP_WRITE)/VKPFSOC_JPEG_WRITE/component/work/PF_XCVR_REF_CLK_C0/PF_XCVR_REF_CLK_C0_0/PF_XCVR_REF_CLK_C0_PF_XCVR_REF_CLK_C0_0_PF_XCVR_REF_CLK.v (N/A, 2026-03-17 20:43:13) <-- (may instantiate this module)
                        /home/ahlemzenache/Documents/polarfire-soc-video-kit-reference-design (IMG_COMP_WRITE)/VKPFSOC_JPEG_WRITE/component/work/VKPFSOC_TOP/VKPFSOC_TOP.v (N/A, 2026-04-27 09:22:11) <-- (may instantiate this module)
45       work.INIT.verilog may have changed because the following files changed:
                        /home/ahlemzenache/Documents/polarfire-soc-video-kit-reference-design (IMG_COMP_WRITE)/VKPFSOC_JPEG_WRITE/component/syn_comps.v (N/A, 2026-06-07 15:51:20) <-- (module definition)
                        /home/ahlemzenache/Documents/polarfire-soc-video-kit-reference-design (IMG_COMP_WRITE)/VKPFSOC_JPEG_WRITE/component/work/CLOCKS_AND_RESETS/CLOCKS_AND_RESETS.v (N/A, 2026-03-17 20:43:17) <-- (may instantiate this module)
                        /home/ahlemzenache/Documents/polarfire-soc-video-kit-reference-design (IMG_COMP_WRITE)/VKPFSOC_JPEG_WRITE/component/work/INIT_MONITOR/INIT_MONITOR.v (N/A, 2026-03-17 20:43:10) <-- (may instantiate this module)
                        /home/ahlemzenache/Documents/polarfire-soc-video-kit-reference-design (IMG_COMP_WRITE)/VKPFSOC_JPEG_WRITE/component/work/INIT_MONITOR/INIT_MONITOR_0/INIT_MONITOR_INIT_MONITOR_0_PFSOC_INIT_MONITOR.v (N/A, 2026-03-17 20:43:10) <-- (may instantiate this module)
                        /home/ahlemzenache/Documents/polarfire-soc-video-kit-reference-design (IMG_COMP_WRITE)/VKPFSOC_JPEG_WRITE/component/work/PF_CCC_C0/PF_CCC_C0.v (N/A, 2026-03-17 20:43:12) <-- (may instantiate this module)
                        /home/ahlemzenache/Documents/polarfire-soc-video-kit-reference-design (IMG_COMP_WRITE)/VKPFSOC_JPEG_WRITE/component/work/PF_CCC_C0/PF_CCC_C0_0/PF_CCC_C0_PF_CCC_C0_0_PF_CCC.v (N/A, 2026-03-17 20:43:12) <-- (may instantiate this module)
                        /home/ahlemzenache/Documents/polarfire-soc-video-kit-reference-design (IMG_COMP_WRITE)/VKPFSOC_JPEG_WRITE/component/work/PF_CLK_DIV_C0/PF_CLK_DIV_C0.v (N/A, 2026-03-17 20:43:13) <-- (may instantiate this module)
                        /home/ahlemzenache/Documents/polarfire-soc-video-kit-reference-design (IMG_COMP_WRITE)/VKPFSOC_JPEG_WRITE/component/work/PF_CLK_DIV_C0/PF_CLK_DIV_C0_0/PF_CLK_DIV_C0_PF_CLK_DIV_C0_0_PF_CLK_DIV.v (N/A, 2026-03-17 20:43:13) <-- (may instantiate this module)
                        /home/ahlemzenache/Documents/polarfire-soc-video-kit-reference-design (IMG_COMP_WRITE)/VKPFSOC_JPEG_WRITE/component/work/PF_OSC_C0/PF_OSC_C0.v (N/A, 2026-03-17 20:43:13) <-- (may instantiate this module)
                        /home/ahlemzenache/Documents/polarfire-soc-video-kit-reference-design (IMG_COMP_WRITE)/VKPFSOC_JPEG_WRITE/component/work/PF_OSC_C0/PF_OSC_C0_0/PF_OSC_C0_PF_OSC_C0_0_PF_OSC.v (N/A, 2026-03-17 20:43:13) <-- (may instantiate this module)
                        /home/ahlemzenache/Documents/polarfire-soc-video-kit-reference-design (IMG_COMP_WRITE)/VKPFSOC_JPEG_WRITE/component/work/PF_XCVR_REF_CLK_C0/PF_XCVR_REF_CLK_C0.v (N/A, 2026-03-17 20:43:13) <-- (may instantiate this module)
                        /home/ahlemzenache/Documents/polarfire-soc-video-kit-reference-design (IMG_COMP_WRITE)/VKPFSOC_JPEG_WRITE/component/work/PF_XCVR_REF_CLK_C0/PF_XCVR_REF_CLK_C0_0/PF_XCVR_REF_CLK_C0_PF_XCVR_REF_CLK_C0_0_PF_XCVR_REF_CLK.v (N/A, 2026-03-17 20:43:13) <-- (may instantiate this module)
                        /home/ahlemzenache/Documents/polarfire-soc-video-kit-reference-design (IMG_COMP_WRITE)/VKPFSOC_JPEG_WRITE/component/work/VKPFSOC_TOP/VKPFSOC_TOP.v (N/A, 2026-04-27 09:22:11) <-- (may instantiate this module)
46       work.INIT_MONITOR.verilog may have changed because the following files changed:
                        /home/ahlemzenache/Documents/polarfire-soc-video-kit-reference-design (IMG_COMP_WRITE)/VKPFSOC_JPEG_WRITE/component/work/CLOCKS_AND_RESETS/CLOCKS_AND_RESETS.v (N/A, 2026-03-17 20:43:17) <-- (may instantiate this module)
                        /home/ahlemzenache/Documents/polarfire-soc-video-kit-reference-design (IMG_COMP_WRITE)/VKPFSOC_JPEG_WRITE/component/work/INIT_MONITOR/INIT_MONITOR.v (N/A, 2026-03-17 20:43:10) <-- (module definition)
                        /home/ahlemzenache/Documents/polarfire-soc-video-kit-reference-design (IMG_COMP_WRITE)/VKPFSOC_JPEG_WRITE/component/work/VKPFSOC_TOP/VKPFSOC_TOP.v (N/A, 2026-04-27 09:22:11) <-- (may instantiate this module)
47       work.INIT_MONITOR_INIT_MONITOR_0_PFSOC_INIT_MONITOR.verilog may have changed because the following files changed:
                        /home/ahlemzenache/Documents/polarfire-soc-video-kit-reference-design (IMG_COMP_WRITE)/VKPFSOC_JPEG_WRITE/component/work/CLOCKS_AND_RESETS/CLOCKS_AND_RESETS.v (N/A, 2026-03-17 20:43:17) <-- (may instantiate this module)
                        /home/ahlemzenache/Documents/polarfire-soc-video-kit-reference-design (IMG_COMP_WRITE)/VKPFSOC_JPEG_WRITE/component/work/INIT_MONITOR/INIT_MONITOR.v (N/A, 2026-03-17 20:43:10) <-- (may instantiate this module)
                        /home/ahlemzenache/Documents/polarfire-soc-video-kit-reference-design (IMG_COMP_WRITE)/VKPFSOC_JPEG_WRITE/component/work/INIT_MONITOR/INIT_MONITOR_0/INIT_MONITOR_INIT_MONITOR_0_PFSOC_INIT_MONITOR.v (N/A, 2026-03-17 20:43:10) <-- (module definition)
                        /home/ahlemzenache/Documents/polarfire-soc-video-kit-reference-design (IMG_COMP_WRITE)/VKPFSOC_JPEG_WRITE/component/work/VKPFSOC_TOP/VKPFSOC_TOP.v (N/A, 2026-04-27 09:22:11) <-- (may instantiate this module)
48       work.IOD.verilog may have changed because the following files changed:
                        /home/ahlemzenache/Documents/polarfire-soc-video-kit-reference-design (IMG_COMP_WRITE)/VKPFSOC_JPEG_WRITE/component/syn_comps.v (N/A, 2026-06-07 15:51:20) <-- (module definition)
                        /home/ahlemzenache/Documents/polarfire-soc-video-kit-reference-design (IMG_COMP_WRITE)/VKPFSOC_JPEG_WRITE/component/work/CLOCKS_AND_RESETS/CLOCKS_AND_RESETS.v (N/A, 2026-03-17 20:43:17) <-- (may instantiate this module)
                        /home/ahlemzenache/Documents/polarfire-soc-video-kit-reference-design (IMG_COMP_WRITE)/VKPFSOC_JPEG_WRITE/component/work/INIT_MONITOR/INIT_MONITOR.v (N/A, 2026-03-17 20:43:10) <-- (may instantiate this module)
                        /home/ahlemzenache/Documents/polarfire-soc-video-kit-reference-design (IMG_COMP_WRITE)/VKPFSOC_JPEG_WRITE/component/work/INIT_MONITOR/INIT_MONITOR_0/INIT_MONITOR_INIT_MONITOR_0_PFSOC_INIT_MONITOR.v (N/A, 2026-03-17 20:43:10) <-- (may instantiate this module)
                        /home/ahlemzenache/Documents/polarfire-soc-video-kit-reference-design (IMG_COMP_WRITE)/VKPFSOC_JPEG_WRITE/component/work/PF_CCC_C0/PF_CCC_C0.v (N/A, 2026-03-17 20:43:12) <-- (may instantiate this module)
                        /home/ahlemzenache/Documents/polarfire-soc-video-kit-reference-design (IMG_COMP_WRITE)/VKPFSOC_JPEG_WRITE/component/work/PF_CCC_C0/PF_CCC_C0_0/PF_CCC_C0_PF_CCC_C0_0_PF_CCC.v (N/A, 2026-03-17 20:43:12) <-- (may instantiate this module)
                        /home/ahlemzenache/Documents/polarfire-soc-video-kit-reference-design (IMG_COMP_WRITE)/VKPFSOC_JPEG_WRITE/component/work/PF_CLK_DIV_C0/PF_CLK_DIV_C0.v (N/A, 2026-03-17 20:43:13) <-- (may instantiate this module)
                        /home/ahlemzenache/Documents/polarfire-soc-video-kit-reference-design (IMG_COMP_WRITE)/VKPFSOC_JPEG_WRITE/component/work/PF_CLK_DIV_C0/PF_CLK_DIV_C0_0/PF_CLK_DIV_C0_PF_CLK_DIV_C0_0_PF_CLK_DIV.v (N/A, 2026-03-17 20:43:13) <-- (may instantiate this module)
                        /home/ahlemzenache/Documents/polarfire-soc-video-kit-reference-design (IMG_COMP_WRITE)/VKPFSOC_JPEG_WRITE/component/work/PF_OSC_C0/PF_OSC_C0.v (N/A, 2026-03-17 20:43:13) <-- (may instantiate this module)
                        /home/ahlemzenache/Documents/polarfire-soc-video-kit-reference-design (IMG_COMP_WRITE)/VKPFSOC_JPEG_WRITE/component/work/PF_OSC_C0/PF_OSC_C0_0/PF_OSC_C0_PF_OSC_C0_0_PF_OSC.v (N/A, 2026-03-17 20:43:13) <-- (may instantiate this module)
                        /home/ahlemzenache/Documents/polarfire-soc-video-kit-reference-design (IMG_COMP_WRITE)/VKPFSOC_JPEG_WRITE/component/work/PF_XCVR_REF_CLK_C0/PF_XCVR_REF_CLK_C0.v (N/A, 2026-03-17 20:43:13) <-- (may instantiate this module)
                        /home/ahlemzenache/Documents/polarfire-soc-video-kit-reference-design (IMG_COMP_WRITE)/VKPFSOC_JPEG_WRITE/component/work/PF_XCVR_REF_CLK_C0/PF_XCVR_REF_CLK_C0_0/PF_XCVR_REF_CLK_C0_PF_XCVR_REF_CLK_C0_0_PF_XCVR_REF_CLK.v (N/A, 2026-03-17 20:43:13) <-- (may instantiate this module)
                        /home/ahlemzenache/Documents/polarfire-soc-video-kit-reference-design (IMG_COMP_WRITE)/VKPFSOC_JPEG_WRITE/component/work/VKPFSOC_TOP/VKPFSOC_TOP.v (N/A, 2026-04-27 09:22:11) <-- (may instantiate this module)
49       work.LANECTRL.verilog may have changed because the following files changed:
                        /home/ahlemzenache/Documents/polarfire-soc-video-kit-reference-design (IMG_COMP_WRITE)/VKPFSOC_JPEG_WRITE/component/syn_comps.v (N/A, 2026-06-07 15:51:20) <-- (module definition)
                        /home/ahlemzenache/Documents/polarfire-soc-video-kit-reference-design (IMG_COMP_WRITE)/VKPFSOC_JPEG_WRITE/component/work/CLOCKS_AND_RESETS/CLOCKS_AND_RESETS.v (N/A, 2026-03-17 20:43:17) <-- (may instantiate this module)
                        /home/ahlemzenache/Documents/polarfire-soc-video-kit-reference-design (IMG_COMP_WRITE)/VKPFSOC_JPEG_WRITE/component/work/INIT_MONITOR/INIT_MONITOR.v (N/A, 2026-03-17 20:43:10) <-- (may instantiate this module)
                        /home/ahlemzenache/Documents/polarfire-soc-video-kit-reference-design (IMG_COMP_WRITE)/VKPFSOC_JPEG_WRITE/component/work/INIT_MONITOR/INIT_MONITOR_0/INIT_MONITOR_INIT_MONITOR_0_PFSOC_INIT_MONITOR.v (N/A, 2026-03-17 20:43:10) <-- (may instantiate this module)
                        /home/ahlemzenache/Documents/polarfire-soc-video-kit-reference-design (IMG_COMP_WRITE)/VKPFSOC_JPEG_WRITE/component/work/PF_CCC_C0/PF_CCC_C0.v (N/A, 2026-03-17 20:43:12) <-- (may instantiate this module)
                        /home/ahlemzenache/Documents/polarfire-soc-video-kit-reference-design (IMG_COMP_WRITE)/VKPFSOC_JPEG_WRITE/component/work/PF_CCC_C0/PF_CCC_C0_0/PF_CCC_C0_PF_CCC_C0_0_PF_CCC.v (N/A, 2026-03-17 20:43:12) <-- (may instantiate this module)
                        /home/ahlemzenache/Documents/polarfire-soc-video-kit-reference-design (IMG_COMP_WRITE)/VKPFSOC_JPEG_WRITE/component/work/PF_CLK_DIV_C0/PF_CLK_DIV_C0.v (N/A, 2026-03-17 20:43:13) <-- (may instantiate this module)
                        /home/ahlemzenache/Documents/polarfire-soc-video-kit-reference-design (IMG_COMP_WRITE)/VKPFSOC_JPEG_WRITE/component/work/PF_CLK_DIV_C0/PF_CLK_DIV_C0_0/PF_CLK_DIV_C0_PF_CLK_DIV_C0_0_PF_CLK_DIV.v (N/A, 2026-03-17 20:43:13) <-- (may instantiate this module)
                        /home/ahlemzenache/Documents/polarfire-soc-video-kit-reference-design (IMG_COMP_WRITE)/VKPFSOC_JPEG_WRITE/component/work/PF_OSC_C0/PF_OSC_C0.v (N/A, 2026-03-17 20:43:13) <-- (may instantiate this module)
                        /home/ahlemzenache/Documents/polarfire-soc-video-kit-reference-design (IMG_COMP_WRITE)/VKPFSOC_JPEG_WRITE/component/work/PF_OSC_C0/PF_OSC_C0_0/PF_OSC_C0_PF_OSC_C0_0_PF_OSC.v (N/A, 2026-03-17 20:43:13) <-- (may instantiate this module)
                        /home/ahlemzenache/Documents/polarfire-soc-video-kit-reference-design (IMG_COMP_WRITE)/VKPFSOC_JPEG_WRITE/component/work/PF_XCVR_REF_CLK_C0/PF_XCVR_REF_CLK_C0.v (N/A, 2026-03-17 20:43:13) <-- (may instantiate this module)
                        /home/ahlemzenache/Documents/polarfire-soc-video-kit-reference-design (IMG_COMP_WRITE)/VKPFSOC_JPEG_WRITE/component/work/PF_XCVR_REF_CLK_C0/PF_XCVR_REF_CLK_C0_0/PF_XCVR_REF_CLK_C0_PF_XCVR_REF_CLK_C0_0_PF_XCVR_REF_CLK.v (N/A, 2026-03-17 20:43:13) <-- (may instantiate this module)
                        /home/ahlemzenache/Documents/polarfire-soc-video-kit-reference-design (IMG_COMP_WRITE)/VKPFSOC_JPEG_WRITE/component/work/VKPFSOC_TOP/VKPFSOC_TOP.v (N/A, 2026-04-27 09:22:11) <-- (may instantiate this module)
50       work.LANERST.verilog may have changed because the following files changed:
                        /home/ahlemzenache/Documents/polarfire-soc-video-kit-reference-design (IMG_COMP_WRITE)/VKPFSOC_JPEG_WRITE/component/syn_comps.v (N/A, 2026-06-07 15:51:20) <-- (module definition)
                        /home/ahlemzenache/Documents/polarfire-soc-video-kit-reference-design (IMG_COMP_WRITE)/VKPFSOC_JPEG_WRITE/component/work/CLOCKS_AND_RESETS/CLOCKS_AND_RESETS.v (N/A, 2026-03-17 20:43:17) <-- (may instantiate this module)
                        /home/ahlemzenache/Documents/polarfire-soc-video-kit-reference-design (IMG_COMP_WRITE)/VKPFSOC_JPEG_WRITE/component/work/INIT_MONITOR/INIT_MONITOR.v (N/A, 2026-03-17 20:43:10) <-- (may instantiate this module)
                        /home/ahlemzenache/Documents/polarfire-soc-video-kit-reference-design (IMG_COMP_WRITE)/VKPFSOC_JPEG_WRITE/component/work/INIT_MONITOR/INIT_MONITOR_0/INIT_MONITOR_INIT_MONITOR_0_PFSOC_INIT_MONITOR.v (N/A, 2026-03-17 20:43:10) <-- (may instantiate this module)
                        /home/ahlemzenache/Documents/polarfire-soc-video-kit-reference-design (IMG_COMP_WRITE)/VKPFSOC_JPEG_WRITE/component/work/PF_CCC_C0/PF_CCC_C0.v (N/A, 2026-03-17 20:43:12) <-- (may instantiate this module)
                        /home/ahlemzenache/Documents/polarfire-soc-video-kit-reference-design (IMG_COMP_WRITE)/VKPFSOC_JPEG_WRITE/component/work/PF_CCC_C0/PF_CCC_C0_0/PF_CCC_C0_PF_CCC_C0_0_PF_CCC.v (N/A, 2026-03-17 20:43:12) <-- (may instantiate this module)
                        /home/ahlemzenache/Documents/polarfire-soc-video-kit-reference-design (IMG_COMP_WRITE)/VKPFSOC_JPEG_WRITE/component/work/PF_CLK_DIV_C0/PF_CLK_DIV_C0.v (N/A, 2026-03-17 20:43:13) <-- (may instantiate this module)
                        /home/ahlemzenache/Documents/polarfire-soc-video-kit-reference-design (IMG_COMP_WRITE)/VKPFSOC_JPEG_WRITE/component/work/PF_CLK_DIV_C0/PF_CLK_DIV_C0_0/PF_CLK_DIV_C0_PF_CLK_DIV_C0_0_PF_CLK_DIV.v (N/A, 2026-03-17 20:43:13) <-- (may instantiate this module)
                        /home/ahlemzenache/Documents/polarfire-soc-video-kit-reference-design (IMG_COMP_WRITE)/VKPFSOC_JPEG_WRITE/component/work/PF_OSC_C0/PF_OSC_C0.v (N/A, 2026-03-17 20:43:13) <-- (may instantiate this module)
                        /home/ahlemzenache/Documents/polarfire-soc-video-kit-reference-design (IMG_COMP_WRITE)/VKPFSOC_JPEG_WRITE/component/work/PF_OSC_C0/PF_OSC_C0_0/PF_OSC_C0_PF_OSC_C0_0_PF_OSC.v (N/A, 2026-03-17 20:43:13) <-- (may instantiate this module)
                        /home/ahlemzenache/Documents/polarfire-soc-video-kit-reference-design (IMG_COMP_WRITE)/VKPFSOC_JPEG_WRITE/component/work/PF_XCVR_REF_CLK_C0/PF_XCVR_REF_CLK_C0.v (N/A, 2026-03-17 20:43:13) <-- (may instantiate this module)
                        /home/ahlemzenache/Documents/polarfire-soc-video-kit-reference-design (IMG_COMP_WRITE)/VKPFSOC_JPEG_WRITE/component/work/PF_XCVR_REF_CLK_C0/PF_XCVR_REF_CLK_C0_0/PF_XCVR_REF_CLK_C0_PF_XCVR_REF_CLK_C0_0_PF_XCVR_REF_CLK.v (N/A, 2026-03-17 20:43:13) <-- (may instantiate this module)
                        /home/ahlemzenache/Documents/polarfire-soc-video-kit-reference-design (IMG_COMP_WRITE)/VKPFSOC_JPEG_WRITE/component/work/VKPFSOC_TOP/VKPFSOC_TOP.v (N/A, 2026-04-27 09:22:11) <-- (may instantiate this module)
51       work.MCHP_BLIC.verilog may have changed because the following files changed:
                        /home/ahlemzenache/Documents/polarfire-soc-video-kit-reference-design (IMG_COMP_WRITE)/VKPFSOC_JPEG_WRITE/component/syn_comps.v (N/A, 2026-06-07 15:51:20) <-- (module definition)
                        /home/ahlemzenache/Documents/polarfire-soc-video-kit-reference-design (IMG_COMP_WRITE)/VKPFSOC_JPEG_WRITE/component/work/CLOCKS_AND_RESETS/CLOCKS_AND_RESETS.v (N/A, 2026-03-17 20:43:17) <-- (may instantiate this module)
                        /home/ahlemzenache/Documents/polarfire-soc-video-kit-reference-design (IMG_COMP_WRITE)/VKPFSOC_JPEG_WRITE/component/work/INIT_MONITOR/INIT_MONITOR.v (N/A, 2026-03-17 20:43:10) <-- (may instantiate this module)
                        /home/ahlemzenache/Documents/polarfire-soc-video-kit-reference-design (IMG_COMP_WRITE)/VKPFSOC_JPEG_WRITE/component/work/INIT_MONITOR/INIT_MONITOR_0/INIT_MONITOR_INIT_MONITOR_0_PFSOC_INIT_MONITOR.v (N/A, 2026-03-17 20:43:10) <-- (may instantiate this module)
                        /home/ahlemzenache/Documents/polarfire-soc-video-kit-reference-design (IMG_COMP_WRITE)/VKPFSOC_JPEG_WRITE/component/work/PF_CCC_C0/PF_CCC_C0.v (N/A, 2026-03-17 20:43:12) <-- (may instantiate this module)
                        /home/ahlemzenache/Documents/polarfire-soc-video-kit-reference-design (IMG_COMP_WRITE)/VKPFSOC_JPEG_WRITE/component/work/PF_CCC_C0/PF_CCC_C0_0/PF_CCC_C0_PF_CCC_C0_0_PF_CCC.v (N/A, 2026-03-17 20:43:12) <-- (may instantiate this module)
                        /home/ahlemzenache/Documents/polarfire-soc-video-kit-reference-design (IMG_COMP_WRITE)/VKPFSOC_JPEG_WRITE/component/work/PF_CLK_DIV_C0/PF_CLK_DIV_C0.v (N/A, 2026-03-17 20:43:13) <-- (may instantiate this module)
                        /home/ahlemzenache/Documents/polarfire-soc-video-kit-reference-design (IMG_COMP_WRITE)/VKPFSOC_JPEG_WRITE/component/work/PF_CLK_DIV_C0/PF_CLK_DIV_C0_0/PF_CLK_DIV_C0_PF_CLK_DIV_C0_0_PF_CLK_DIV.v (N/A, 2026-03-17 20:43:13) <-- (may instantiate this module)
                        /home/ahlemzenache/Documents/polarfire-soc-video-kit-reference-design (IMG_COMP_WRITE)/VKPFSOC_JPEG_WRITE/component/work/PF_OSC_C0/PF_OSC_C0.v (N/A, 2026-03-17 20:43:13) <-- (may instantiate this module)
                        /home/ahlemzenache/Documents/polarfire-soc-video-kit-reference-design (IMG_COMP_WRITE)/VKPFSOC_JPEG_WRITE/component/work/PF_OSC_C0/PF_OSC_C0_0/PF_OSC_C0_PF_OSC_C0_0_PF_OSC.v (N/A, 2026-03-17 20:43:13) <-- (may instantiate this module)
                        /home/ahlemzenache/Documents/polarfire-soc-video-kit-reference-design (IMG_COMP_WRITE)/VKPFSOC_JPEG_WRITE/component/work/PF_XCVR_REF_CLK_C0/PF_XCVR_REF_CLK_C0.v (N/A, 2026-03-17 20:43:13) <-- (may instantiate this module)
                        /home/ahlemzenache/Documents/polarfire-soc-video-kit-reference-design (IMG_COMP_WRITE)/VKPFSOC_JPEG_WRITE/component/work/PF_XCVR_REF_CLK_C0/PF_XCVR_REF_CLK_C0_0/PF_XCVR_REF_CLK_C0_PF_XCVR_REF_CLK_C0_0_PF_XCVR_REF_CLK.v (N/A, 2026-03-17 20:43:13) <-- (may instantiate this module)
                        /home/ahlemzenache/Documents/polarfire-soc-video-kit-reference-design (IMG_COMP_WRITE)/VKPFSOC_JPEG_WRITE/component/work/VKPFSOC_TOP/VKPFSOC_TOP.v (N/A, 2026-04-27 09:22:11) <-- (may instantiate this module)
52       work.MSS.verilog may have changed because the following files changed:
                        /home/ahlemzenache/Documents/polarfire-soc-video-kit-reference-design (IMG_COMP_WRITE)/VKPFSOC_JPEG_WRITE/component/work/MSS_VIDEO_KIT_H264/MSS_BYP_NOBYP_BYP_BYP_BYP_syn_comps.v (N/A, 2026-03-17 20:43:08) <-- (module definition)
                        /home/ahlemzenache/Documents/polarfire-soc-video-kit-reference-design (IMG_COMP_WRITE)/VKPFSOC_JPEG_WRITE/component/work/MSS_VIDEO_KIT_H264/MSS_VIDEO_KIT_H264.v (N/A, 2026-03-17 20:43:07) <-- (may instantiate this module)
                        /home/ahlemzenache/Documents/polarfire-soc-video-kit-reference-design (IMG_COMP_WRITE)/VKPFSOC_JPEG_WRITE/component/work/VKPFSOC_TOP/VKPFSOC_TOP.v (N/A, 2026-04-27 09:22:11) <-- (may instantiate this module)
53       work.MSS_VIDEO_KIT_H264.verilog may have changed because the following files changed:
                        /home/ahlemzenache/Documents/polarfire-soc-video-kit-reference-design (IMG_COMP_WRITE)/VKPFSOC_JPEG_WRITE/component/work/MSS_VIDEO_KIT_H264/MSS_VIDEO_KIT_H264.v (N/A, 2026-03-17 20:43:07) <-- (module definition)
                        /home/ahlemzenache/Documents/polarfire-soc-video-kit-reference-design (IMG_COMP_WRITE)/VKPFSOC_JPEG_WRITE/component/work/VKPFSOC_TOP/VKPFSOC_TOP.v (N/A, 2026-04-27 09:22:11) <-- (may instantiate this module)
54       work.OSC_RC160MHZ.verilog may have changed because the following files changed:
                        /home/ahlemzenache/Documents/polarfire-soc-video-kit-reference-design (IMG_COMP_WRITE)/VKPFSOC_JPEG_WRITE/component/syn_comps.v (N/A, 2026-06-07 15:51:20) <-- (module definition)
                        /home/ahlemzenache/Documents/polarfire-soc-video-kit-reference-design (IMG_COMP_WRITE)/VKPFSOC_JPEG_WRITE/component/work/CLOCKS_AND_RESETS/CLOCKS_AND_RESETS.v (N/A, 2026-03-17 20:43:17) <-- (may instantiate this module)
                        /home/ahlemzenache/Documents/polarfire-soc-video-kit-reference-design (IMG_COMP_WRITE)/VKPFSOC_JPEG_WRITE/component/work/INIT_MONITOR/INIT_MONITOR.v (N/A, 2026-03-17 20:43:10) <-- (may instantiate this module)
                        /home/ahlemzenache/Documents/polarfire-soc-video-kit-reference-design (IMG_COMP_WRITE)/VKPFSOC_JPEG_WRITE/component/work/INIT_MONITOR/INIT_MONITOR_0/INIT_MONITOR_INIT_MONITOR_0_PFSOC_INIT_MONITOR.v (N/A, 2026-03-17 20:43:10) <-- (may instantiate this module)
                        /home/ahlemzenache/Documents/polarfire-soc-video-kit-reference-design (IMG_COMP_WRITE)/VKPFSOC_JPEG_WRITE/component/work/PF_CCC_C0/PF_CCC_C0.v (N/A, 2026-03-17 20:43:12) <-- (may instantiate this module)
                        /home/ahlemzenache/Documents/polarfire-soc-video-kit-reference-design (IMG_COMP_WRITE)/VKPFSOC_JPEG_WRITE/component/work/PF_CCC_C0/PF_CCC_C0_0/PF_CCC_C0_PF_CCC_C0_0_PF_CCC.v (N/A, 2026-03-17 20:43:12) <-- (may instantiate this module)
                        /home/ahlemzenache/Documents/polarfire-soc-video-kit-reference-design (IMG_COMP_WRITE)/VKPFSOC_JPEG_WRITE/component/work/PF_CLK_DIV_C0/PF_CLK_DIV_C0.v (N/A, 2026-03-17 20:43:13) <-- (may instantiate this module)
                        /home/ahlemzenache/Documents/polarfire-soc-video-kit-reference-design (IMG_COMP_WRITE)/VKPFSOC_JPEG_WRITE/component/work/PF_CLK_DIV_C0/PF_CLK_DIV_C0_0/PF_CLK_DIV_C0_PF_CLK_DIV_C0_0_PF_CLK_DIV.v (N/A, 2026-03-17 20:43:13) <-- (may instantiate this module)
                        /home/ahlemzenache/Documents/polarfire-soc-video-kit-reference-design (IMG_COMP_WRITE)/VKPFSOC_JPEG_WRITE/component/work/PF_OSC_C0/PF_OSC_C0.v (N/A, 2026-03-17 20:43:13) <-- (may instantiate this module)
                        /home/ahlemzenache/Documents/polarfire-soc-video-kit-reference-design (IMG_COMP_WRITE)/VKPFSOC_JPEG_WRITE/component/work/PF_OSC_C0/PF_OSC_C0_0/PF_OSC_C0_PF_OSC_C0_0_PF_OSC.v (N/A, 2026-03-17 20:43:13) <-- (may instantiate this module)
                        /home/ahlemzenache/Documents/polarfire-soc-video-kit-reference-design (IMG_COMP_WRITE)/VKPFSOC_JPEG_WRITE/component/work/PF_XCVR_REF_CLK_C0/PF_XCVR_REF_CLK_C0.v (N/A, 2026-03-17 20:43:13) <-- (may instantiate this module)
                        /home/ahlemzenache/Documents/polarfire-soc-video-kit-reference-design (IMG_COMP_WRITE)/VKPFSOC_JPEG_WRITE/component/work/PF_XCVR_REF_CLK_C0/PF_XCVR_REF_CLK_C0_0/PF_XCVR_REF_CLK_C0_PF_XCVR_REF_CLK_C0_0_PF_XCVR_REF_CLK.v (N/A, 2026-03-17 20:43:13) <-- (may instantiate this module)
                        /home/ahlemzenache/Documents/polarfire-soc-video-kit-reference-design (IMG_COMP_WRITE)/VKPFSOC_JPEG_WRITE/component/work/VKPFSOC_TOP/VKPFSOC_TOP.v (N/A, 2026-04-27 09:22:11) <-- (may instantiate this module)
55       work.OSC_RC200MHZ.verilog may have changed because the following files changed:
                        /home/ahlemzenache/Documents/polarfire-soc-video-kit-reference-design (IMG_COMP_WRITE)/VKPFSOC_JPEG_WRITE/component/syn_comps.v (N/A, 2026-06-07 15:51:20) <-- (module definition)
                        /home/ahlemzenache/Documents/polarfire-soc-video-kit-reference-design (IMG_COMP_WRITE)/VKPFSOC_JPEG_WRITE/component/work/CLOCKS_AND_RESETS/CLOCKS_AND_RESETS.v (N/A, 2026-03-17 20:43:17) <-- (may instantiate this module)
                        /home/ahlemzenache/Documents/polarfire-soc-video-kit-reference-design (IMG_COMP_WRITE)/VKPFSOC_JPEG_WRITE/component/work/INIT_MONITOR/INIT_MONITOR.v (N/A, 2026-03-17 20:43:10) <-- (may instantiate this module)
                        /home/ahlemzenache/Documents/polarfire-soc-video-kit-reference-design (IMG_COMP_WRITE)/VKPFSOC_JPEG_WRITE/component/work/INIT_MONITOR/INIT_MONITOR_0/INIT_MONITOR_INIT_MONITOR_0_PFSOC_INIT_MONITOR.v (N/A, 2026-03-17 20:43:10) <-- (may instantiate this module)
                        /home/ahlemzenache/Documents/polarfire-soc-video-kit-reference-design (IMG_COMP_WRITE)/VKPFSOC_JPEG_WRITE/component/work/PF_CCC_C0/PF_CCC_C0.v (N/A, 2026-03-17 20:43:12) <-- (may instantiate this module)
                        /home/ahlemzenache/Documents/polarfire-soc-video-kit-reference-design (IMG_COMP_WRITE)/VKPFSOC_JPEG_WRITE/component/work/PF_CCC_C0/PF_CCC_C0_0/PF_CCC_C0_PF_CCC_C0_0_PF_CCC.v (N/A, 2026-03-17 20:43:12) <-- (may instantiate this module)
                        /home/ahlemzenache/Documents/polarfire-soc-video-kit-reference-design (IMG_COMP_WRITE)/VKPFSOC_JPEG_WRITE/component/work/PF_CLK_DIV_C0/PF_CLK_DIV_C0.v (N/A, 2026-03-17 20:43:13) <-- (may instantiate this module)
                        /home/ahlemzenache/Documents/polarfire-soc-video-kit-reference-design (IMG_COMP_WRITE)/VKPFSOC_JPEG_WRITE/component/work/PF_CLK_DIV_C0/PF_CLK_DIV_C0_0/PF_CLK_DIV_C0_PF_CLK_DIV_C0_0_PF_CLK_DIV.v (N/A, 2026-03-17 20:43:13) <-- (may instantiate this module)
                        /home/ahlemzenache/Documents/polarfire-soc-video-kit-reference-design (IMG_COMP_WRITE)/VKPFSOC_JPEG_WRITE/component/work/PF_OSC_C0/PF_OSC_C0.v (N/A, 2026-03-17 20:43:13) <-- (may instantiate this module)
                        /home/ahlemzenache/Documents/polarfire-soc-video-kit-reference-design (IMG_COMP_WRITE)/VKPFSOC_JPEG_WRITE/component/work/PF_OSC_C0/PF_OSC_C0_0/PF_OSC_C0_PF_OSC_C0_0_PF_OSC.v (N/A, 2026-03-17 20:43:13) <-- (may instantiate this module)
                        /home/ahlemzenache/Documents/polarfire-soc-video-kit-reference-design (IMG_COMP_WRITE)/VKPFSOC_JPEG_WRITE/component/work/PF_XCVR_REF_CLK_C0/PF_XCVR_REF_CLK_C0.v (N/A, 2026-03-17 20:43:13) <-- (may instantiate this module)
                        /home/ahlemzenache/Documents/polarfire-soc-video-kit-reference-design (IMG_COMP_WRITE)/VKPFSOC_JPEG_WRITE/component/work/PF_XCVR_REF_CLK_C0/PF_XCVR_REF_CLK_C0_0/PF_XCVR_REF_CLK_C0_PF_XCVR_REF_CLK_C0_0_PF_XCVR_REF_CLK.v (N/A, 2026-03-17 20:43:13) <-- (may instantiate this module)
                        /home/ahlemzenache/Documents/polarfire-soc-video-kit-reference-design (IMG_COMP_WRITE)/VKPFSOC_JPEG_WRITE/component/work/VKPFSOC_TOP/VKPFSOC_TOP.v (N/A, 2026-04-27 09:22:11) <-- (may instantiate this module)
56       work.OSC_RC2MHZ.verilog may have changed because the following files changed:
                        /home/ahlemzenache/Documents/polarfire-soc-video-kit-reference-design (IMG_COMP_WRITE)/VKPFSOC_JPEG_WRITE/component/syn_comps.v (N/A, 2026-06-07 15:51:20) <-- (module definition)
                        /home/ahlemzenache/Documents/polarfire-soc-video-kit-reference-design (IMG_COMP_WRITE)/VKPFSOC_JPEG_WRITE/component/work/CLOCKS_AND_RESETS/CLOCKS_AND_RESETS.v (N/A, 2026-03-17 20:43:17) <-- (may instantiate this module)
                        /home/ahlemzenache/Documents/polarfire-soc-video-kit-reference-design (IMG_COMP_WRITE)/VKPFSOC_JPEG_WRITE/component/work/INIT_MONITOR/INIT_MONITOR.v (N/A, 2026-03-17 20:43:10) <-- (may instantiate this module)
                        /home/ahlemzenache/Documents/polarfire-soc-video-kit-reference-design (IMG_COMP_WRITE)/VKPFSOC_JPEG_WRITE/component/work/INIT_MONITOR/INIT_MONITOR_0/INIT_MONITOR_INIT_MONITOR_0_PFSOC_INIT_MONITOR.v (N/A, 2026-03-17 20:43:10) <-- (may instantiate this module)
                        /home/ahlemzenache/Documents/polarfire-soc-video-kit-reference-design (IMG_COMP_WRITE)/VKPFSOC_JPEG_WRITE/component/work/PF_CCC_C0/PF_CCC_C0.v (N/A, 2026-03-17 20:43:12) <-- (may instantiate this module)
                        /home/ahlemzenache/Documents/polarfire-soc-video-kit-reference-design (IMG_COMP_WRITE)/VKPFSOC_JPEG_WRITE/component/work/PF_CCC_C0/PF_CCC_C0_0/PF_CCC_C0_PF_CCC_C0_0_PF_CCC.v (N/A, 2026-03-17 20:43:12) <-- (may instantiate this module)
                        /home/ahlemzenache/Documents/polarfire-soc-video-kit-reference-design (IMG_COMP_WRITE)/VKPFSOC_JPEG_WRITE/component/work/PF_CLK_DIV_C0/PF_CLK_DIV_C0.v (N/A, 2026-03-17 20:43:13) <-- (may instantiate this module)
                        /home/ahlemzenache/Documents/polarfire-soc-video-kit-reference-design (IMG_COMP_WRITE)/VKPFSOC_JPEG_WRITE/component/work/PF_CLK_DIV_C0/PF_CLK_DIV_C0_0/PF_CLK_DIV_C0_PF_CLK_DIV_C0_0_PF_CLK_DIV.v (N/A, 2026-03-17 20:43:13) <-- (may instantiate this module)
                        /home/ahlemzenache/Documents/polarfire-soc-video-kit-reference-design (IMG_COMP_WRITE)/VKPFSOC_JPEG_WRITE/component/work/PF_OSC_C0/PF_OSC_C0.v (N/A, 2026-03-17 20:43:13) <-- (may instantiate this module)
                        /home/ahlemzenache/Documents/polarfire-soc-video-kit-reference-design (IMG_COMP_WRITE)/VKPFSOC_JPEG_WRITE/component/work/PF_OSC_C0/PF_OSC_C0_0/PF_OSC_C0_PF_OSC_C0_0_PF_OSC.v (N/A, 2026-03-17 20:43:13) <-- (may instantiate this module)
                        /home/ahlemzenache/Documents/polarfire-soc-video-kit-reference-design (IMG_COMP_WRITE)/VKPFSOC_JPEG_WRITE/component/work/PF_XCVR_REF_CLK_C0/PF_XCVR_REF_CLK_C0.v (N/A, 2026-03-17 20:43:13) <-- (may instantiate this module)
                        /home/ahlemzenache/Documents/polarfire-soc-video-kit-reference-design (IMG_COMP_WRITE)/VKPFSOC_JPEG_WRITE/component/work/PF_XCVR_REF_CLK_C0/PF_XCVR_REF_CLK_C0_0/PF_XCVR_REF_CLK_C0_PF_XCVR_REF_CLK_C0_0_PF_XCVR_REF_CLK.v (N/A, 2026-03-17 20:43:13) <-- (may instantiate this module)
                        /home/ahlemzenache/Documents/polarfire-soc-video-kit-reference-design (IMG_COMP_WRITE)/VKPFSOC_JPEG_WRITE/component/work/VKPFSOC_TOP/VKPFSOC_TOP.v (N/A, 2026-04-27 09:22:11) <-- (may instantiate this module)
57       work.PCIE.verilog may have changed because the following files changed:
                        /home/ahlemzenache/Documents/polarfire-soc-video-kit-reference-design (IMG_COMP_WRITE)/VKPFSOC_JPEG_WRITE/component/syn_comps.v (N/A, 2026-06-07 15:51:20) <-- (module definition)
                        /home/ahlemzenache/Documents/polarfire-soc-video-kit-reference-design (IMG_COMP_WRITE)/VKPFSOC_JPEG_WRITE/component/work/CLOCKS_AND_RESETS/CLOCKS_AND_RESETS.v (N/A, 2026-03-17 20:43:17) <-- (may instantiate this module)
                        /home/ahlemzenache/Documents/polarfire-soc-video-kit-reference-design (IMG_COMP_WRITE)/VKPFSOC_JPEG_WRITE/component/work/INIT_MONITOR/INIT_MONITOR.v (N/A, 2026-03-17 20:43:10) <-- (may instantiate this module)
                        /home/ahlemzenache/Documents/polarfire-soc-video-kit-reference-design (IMG_COMP_WRITE)/VKPFSOC_JPEG_WRITE/component/work/INIT_MONITOR/INIT_MONITOR_0/INIT_MONITOR_INIT_MONITOR_0_PFSOC_INIT_MONITOR.v (N/A, 2026-03-17 20:43:10) <-- (may instantiate this module)
                        /home/ahlemzenache/Documents/polarfire-soc-video-kit-reference-design (IMG_COMP_WRITE)/VKPFSOC_JPEG_WRITE/component/work/PF_CCC_C0/PF_CCC_C0.v (N/A, 2026-03-17 20:43:12) <-- (may instantiate this module)
                        /home/ahlemzenache/Documents/polarfire-soc-video-kit-reference-design (IMG_COMP_WRITE)/VKPFSOC_JPEG_WRITE/component/work/PF_CCC_C0/PF_CCC_C0_0/PF_CCC_C0_PF_CCC_C0_0_PF_CCC.v (N/A, 2026-03-17 20:43:12) <-- (may instantiate this module)
                        /home/ahlemzenache/Documents/polarfire-soc-video-kit-reference-design (IMG_COMP_WRITE)/VKPFSOC_JPEG_WRITE/component/work/PF_CLK_DIV_C0/PF_CLK_DIV_C0.v (N/A, 2026-03-17 20:43:13) <-- (may instantiate this module)
                        /home/ahlemzenache/Documents/polarfire-soc-video-kit-reference-design (IMG_COMP_WRITE)/VKPFSOC_JPEG_WRITE/component/work/PF_CLK_DIV_C0/PF_CLK_DIV_C0_0/PF_CLK_DIV_C0_PF_CLK_DIV_C0_0_PF_CLK_DIV.v (N/A, 2026-03-17 20:43:13) <-- (may instantiate this module)
                        /home/ahlemzenache/Documents/polarfire-soc-video-kit-reference-design (IMG_COMP_WRITE)/VKPFSOC_JPEG_WRITE/component/work/PF_OSC_C0/PF_OSC_C0.v (N/A, 2026-03-17 20:43:13) <-- (may instantiate this module)
                        /home/ahlemzenache/Documents/polarfire-soc-video-kit-reference-design (IMG_COMP_WRITE)/VKPFSOC_JPEG_WRITE/component/work/PF_OSC_C0/PF_OSC_C0_0/PF_OSC_C0_PF_OSC_C0_0_PF_OSC.v (N/A, 2026-03-17 20:43:13) <-- (may instantiate this module)
                        /home/ahlemzenache/Documents/polarfire-soc-video-kit-reference-design (IMG_COMP_WRITE)/VKPFSOC_JPEG_WRITE/component/work/PF_XCVR_REF_CLK_C0/PF_XCVR_REF_CLK_C0.v (N/A, 2026-03-17 20:43:13) <-- (may instantiate this module)
                        /home/ahlemzenache/Documents/polarfire-soc-video-kit-reference-design (IMG_COMP_WRITE)/VKPFSOC_JPEG_WRITE/component/work/PF_XCVR_REF_CLK_C0/PF_XCVR_REF_CLK_C0_0/PF_XCVR_REF_CLK_C0_PF_XCVR_REF_CLK_C0_0_PF_XCVR_REF_CLK.v (N/A, 2026-03-17 20:43:13) <-- (may instantiate this module)
                        /home/ahlemzenache/Documents/polarfire-soc-video-kit-reference-design (IMG_COMP_WRITE)/VKPFSOC_JPEG_WRITE/component/work/VKPFSOC_TOP/VKPFSOC_TOP.v (N/A, 2026-04-27 09:22:11) <-- (may instantiate this module)
58       work.PCIE_COMMON.verilog may have changed because the following files changed:
                        /home/ahlemzenache/Documents/polarfire-soc-video-kit-reference-design (IMG_COMP_WRITE)/VKPFSOC_JPEG_WRITE/component/syn_comps.v (N/A, 2026-06-07 15:51:20) <-- (module definition)
                        /home/ahlemzenache/Documents/polarfire-soc-video-kit-reference-design (IMG_COMP_WRITE)/VKPFSOC_JPEG_WRITE/component/work/CLOCKS_AND_RESETS/CLOCKS_AND_RESETS.v (N/A, 2026-03-17 20:43:17) <-- (may instantiate this module)
                        /home/ahlemzenache/Documents/polarfire-soc-video-kit-reference-design (IMG_COMP_WRITE)/VKPFSOC_JPEG_WRITE/component/work/INIT_MONITOR/INIT_MONITOR.v (N/A, 2026-03-17 20:43:10) <-- (may instantiate this module)
                        /home/ahlemzenache/Documents/polarfire-soc-video-kit-reference-design (IMG_COMP_WRITE)/VKPFSOC_JPEG_WRITE/component/work/INIT_MONITOR/INIT_MONITOR_0/INIT_MONITOR_INIT_MONITOR_0_PFSOC_INIT_MONITOR.v (N/A, 2026-03-17 20:43:10) <-- (may instantiate this module)
                        /home/ahlemzenache/Documents/polarfire-soc-video-kit-reference-design (IMG_COMP_WRITE)/VKPFSOC_JPEG_WRITE/component/work/PF_CCC_C0/PF_CCC_C0.v (N/A, 2026-03-17 20:43:12) <-- (may instantiate this module)
                        /home/ahlemzenache/Documents/polarfire-soc-video-kit-reference-design (IMG_COMP_WRITE)/VKPFSOC_JPEG_WRITE/component/work/PF_CCC_C0/PF_CCC_C0_0/PF_CCC_C0_PF_CCC_C0_0_PF_CCC.v (N/A, 2026-03-17 20:43:12) <-- (may instantiate this module)
                        /home/ahlemzenache/Documents/polarfire-soc-video-kit-reference-design (IMG_COMP_WRITE)/VKPFSOC_JPEG_WRITE/component/work/PF_CLK_DIV_C0/PF_CLK_DIV_C0.v (N/A, 2026-03-17 20:43:13) <-- (may instantiate this module)
                        /home/ahlemzenache/Documents/polarfire-soc-video-kit-reference-design (IMG_COMP_WRITE)/VKPFSOC_JPEG_WRITE/component/work/PF_CLK_DIV_C0/PF_CLK_DIV_C0_0/PF_CLK_DIV_C0_PF_CLK_DIV_C0_0_PF_CLK_DIV.v (N/A, 2026-03-17 20:43:13) <-- (may instantiate this module)
                        /home/ahlemzenache/Documents/polarfire-soc-video-kit-reference-design (IMG_COMP_WRITE)/VKPFSOC_JPEG_WRITE/component/work/PF_OSC_C0/PF_OSC_C0.v (N/A, 2026-03-17 20:43:13) <-- (may instantiate this module)
                        /home/ahlemzenache/Documents/polarfire-soc-video-kit-reference-design (IMG_COMP_WRITE)/VKPFSOC_JPEG_WRITE/component/work/PF_OSC_C0/PF_OSC_C0_0/PF_OSC_C0_PF_OSC_C0_0_PF_OSC.v (N/A, 2026-03-17 20:43:13) <-- (may instantiate this module)
                        /home/ahlemzenache/Documents/polarfire-soc-video-kit-reference-design (IMG_COMP_WRITE)/VKPFSOC_JPEG_WRITE/component/work/PF_XCVR_REF_CLK_C0/PF_XCVR_REF_CLK_C0.v (N/A, 2026-03-17 20:43:13) <-- (may instantiate this module)
                        /home/ahlemzenache/Documents/polarfire-soc-video-kit-reference-design (IMG_COMP_WRITE)/VKPFSOC_JPEG_WRITE/component/work/PF_XCVR_REF_CLK_C0/PF_XCVR_REF_CLK_C0_0/PF_XCVR_REF_CLK_C0_PF_XCVR_REF_CLK_C0_0_PF_XCVR_REF_CLK.v (N/A, 2026-03-17 20:43:13) <-- (may instantiate this module)
                        /home/ahlemzenache/Documents/polarfire-soc-video-kit-reference-design (IMG_COMP_WRITE)/VKPFSOC_JPEG_WRITE/component/work/VKPFSOC_TOP/VKPFSOC_TOP.v (N/A, 2026-04-27 09:22:11) <-- (may instantiate this module)
59       work.PFSOC_SCSM.verilog may have changed because the following files changed:
                        /home/ahlemzenache/Documents/polarfire-soc-video-kit-reference-design (IMG_COMP_WRITE)/VKPFSOC_JPEG_WRITE/component/syn_comps.v (N/A, 2026-06-07 15:51:20) <-- (module definition)
                        /home/ahlemzenache/Documents/polarfire-soc-video-kit-reference-design (IMG_COMP_WRITE)/VKPFSOC_JPEG_WRITE/component/work/CLOCKS_AND_RESETS/CLOCKS_AND_RESETS.v (N/A, 2026-03-17 20:43:17) <-- (may instantiate this module)
                        /home/ahlemzenache/Documents/polarfire-soc-video-kit-reference-design (IMG_COMP_WRITE)/VKPFSOC_JPEG_WRITE/component/work/INIT_MONITOR/INIT_MONITOR.v (N/A, 2026-03-17 20:43:10) <-- (may instantiate this module)
                        /home/ahlemzenache/Documents/polarfire-soc-video-kit-reference-design (IMG_COMP_WRITE)/VKPFSOC_JPEG_WRITE/component/work/INIT_MONITOR/INIT_MONITOR_0/INIT_MONITOR_INIT_MONITOR_0_PFSOC_INIT_MONITOR.v (N/A, 2026-03-17 20:43:10) <-- (may instantiate this module)
                        /home/ahlemzenache/Documents/polarfire-soc-video-kit-reference-design (IMG_COMP_WRITE)/VKPFSOC_JPEG_WRITE/component/work/PF_CCC_C0/PF_CCC_C0.v (N/A, 2026-03-17 20:43:12) <-- (may instantiate this module)
                        /home/ahlemzenache/Documents/polarfire-soc-video-kit-reference-design (IMG_COMP_WRITE)/VKPFSOC_JPEG_WRITE/component/work/PF_CCC_C0/PF_CCC_C0_0/PF_CCC_C0_PF_CCC_C0_0_PF_CCC.v (N/A, 2026-03-17 20:43:12) <-- (may instantiate this module)
                        /home/ahlemzenache/Documents/polarfire-soc-video-kit-reference-design (IMG_COMP_WRITE)/VKPFSOC_JPEG_WRITE/component/work/PF_CLK_DIV_C0/PF_CLK_DIV_C0.v (N/A, 2026-03-17 20:43:13) <-- (may instantiate this module)
                        /home/ahlemzenache/Documents/polarfire-soc-video-kit-reference-design (IMG_COMP_WRITE)/VKPFSOC_JPEG_WRITE/component/work/PF_CLK_DIV_C0/PF_CLK_DIV_C0_0/PF_CLK_DIV_C0_PF_CLK_DIV_C0_0_PF_CLK_DIV.v (N/A, 2026-03-17 20:43:13) <-- (may instantiate this module)
                        /home/ahlemzenache/Documents/polarfire-soc-video-kit-reference-design (IMG_COMP_WRITE)/VKPFSOC_JPEG_WRITE/component/work/PF_OSC_C0/PF_OSC_C0.v (N/A, 2026-03-17 20:43:13) <-- (may instantiate this module)
                        /home/ahlemzenache/Documents/polarfire-soc-video-kit-reference-design (IMG_COMP_WRITE)/VKPFSOC_JPEG_WRITE/component/work/PF_OSC_C0/PF_OSC_C0_0/PF_OSC_C0_PF_OSC_C0_0_PF_OSC.v (N/A, 2026-03-17 20:43:13) <-- (may instantiate this module)
                        /home/ahlemzenache/Documents/polarfire-soc-video-kit-reference-design (IMG_COMP_WRITE)/VKPFSOC_JPEG_WRITE/component/work/PF_XCVR_REF_CLK_C0/PF_XCVR_REF_CLK_C0.v (N/A, 2026-03-17 20:43:13) <-- (may instantiate this module)
                        /home/ahlemzenache/Documents/polarfire-soc-video-kit-reference-design (IMG_COMP_WRITE)/VKPFSOC_JPEG_WRITE/component/work/PF_XCVR_REF_CLK_C0/PF_XCVR_REF_CLK_C0_0/PF_XCVR_REF_CLK_C0_PF_XCVR_REF_CLK_C0_0_PF_XCVR_REF_CLK.v (N/A, 2026-03-17 20:43:13) <-- (may instantiate this module)
                        /home/ahlemzenache/Documents/polarfire-soc-video-kit-reference-design (IMG_COMP_WRITE)/VKPFSOC_JPEG_WRITE/component/work/VKPFSOC_TOP/VKPFSOC_TOP.v (N/A, 2026-04-27 09:22:11) <-- (may instantiate this module)
60       work.PF_CCC_C0.verilog may have changed because the following files changed:
                        /home/ahlemzenache/Documents/polarfire-soc-video-kit-reference-design (IMG_COMP_WRITE)/VKPFSOC_JPEG_WRITE/component/work/CLOCKS_AND_RESETS/CLOCKS_AND_RESETS.v (N/A, 2026-03-17 20:43:17) <-- (may instantiate this module)
                        /home/ahlemzenache/Documents/polarfire-soc-video-kit-reference-design (IMG_COMP_WRITE)/VKPFSOC_JPEG_WRITE/component/work/PF_CCC_C0/PF_CCC_C0.v (N/A, 2026-03-17 20:43:12) <-- (module definition)
                        /home/ahlemzenache/Documents/polarfire-soc-video-kit-reference-design (IMG_COMP_WRITE)/VKPFSOC_JPEG_WRITE/component/work/VKPFSOC_TOP/VKPFSOC_TOP.v (N/A, 2026-04-27 09:22:11) <-- (may instantiate this module)
61       work.PF_CCC_C0_PF_CCC_C0_0_PF_CCC.verilog may have changed because the following files changed:
                        /home/ahlemzenache/Documents/polarfire-soc-video-kit-reference-design (IMG_COMP_WRITE)/VKPFSOC_JPEG_WRITE/component/work/CLOCKS_AND_RESETS/CLOCKS_AND_RESETS.v (N/A, 2026-03-17 20:43:17) <-- (may instantiate this module)
                        /home/ahlemzenache/Documents/polarfire-soc-video-kit-reference-design (IMG_COMP_WRITE)/VKPFSOC_JPEG_WRITE/component/work/PF_CCC_C0/PF_CCC_C0.v (N/A, 2026-03-17 20:43:12) <-- (may instantiate this module)
                        /home/ahlemzenache/Documents/polarfire-soc-video-kit-reference-design (IMG_COMP_WRITE)/VKPFSOC_JPEG_WRITE/component/work/PF_CCC_C0/PF_CCC_C0_0/PF_CCC_C0_PF_CCC_C0_0_PF_CCC.v (N/A, 2026-03-17 20:43:12) <-- (module definition)
                        /home/ahlemzenache/Documents/polarfire-soc-video-kit-reference-design (IMG_COMP_WRITE)/VKPFSOC_JPEG_WRITE/component/work/VKPFSOC_TOP/VKPFSOC_TOP.v (N/A, 2026-04-27 09:22:11) <-- (may instantiate this module)
62       work.PF_CLK_DIV_C0.verilog may have changed because the following files changed:
                        /home/ahlemzenache/Documents/polarfire-soc-video-kit-reference-design (IMG_COMP_WRITE)/VKPFSOC_JPEG_WRITE/component/work/CLOCKS_AND_RESETS/CLOCKS_AND_RESETS.v (N/A, 2026-03-17 20:43:17) <-- (may instantiate this module)
                        /home/ahlemzenache/Documents/polarfire-soc-video-kit-reference-design (IMG_COMP_WRITE)/VKPFSOC_JPEG_WRITE/component/work/PF_CLK_DIV_C0/PF_CLK_DIV_C0.v (N/A, 2026-03-17 20:43:13) <-- (module definition)
                        /home/ahlemzenache/Documents/polarfire-soc-video-kit-reference-design (IMG_COMP_WRITE)/VKPFSOC_JPEG_WRITE/component/work/VKPFSOC_TOP/VKPFSOC_TOP.v (N/A, 2026-04-27 09:22:11) <-- (may instantiate this module)
63       work.PF_CLK_DIV_C0_PF_CLK_DIV_C0_0_PF_CLK_DIV.verilog may have changed because the following files changed:
                        /home/ahlemzenache/Documents/polarfire-soc-video-kit-reference-design (IMG_COMP_WRITE)/VKPFSOC_JPEG_WRITE/component/work/CLOCKS_AND_RESETS/CLOCKS_AND_RESETS.v (N/A, 2026-03-17 20:43:17) <-- (may instantiate this module)
                        /home/ahlemzenache/Documents/polarfire-soc-video-kit-reference-design (IMG_COMP_WRITE)/VKPFSOC_JPEG_WRITE/component/work/PF_CLK_DIV_C0/PF_CLK_DIV_C0.v (N/A, 2026-03-17 20:43:13) <-- (may instantiate this module)
                        /home/ahlemzenache/Documents/polarfire-soc-video-kit-reference-design (IMG_COMP_WRITE)/VKPFSOC_JPEG_WRITE/component/work/PF_CLK_DIV_C0/PF_CLK_DIV_C0_0/PF_CLK_DIV_C0_PF_CLK_DIV_C0_0_PF_CLK_DIV.v (N/A, 2026-03-17 20:43:13) <-- (module definition)
                        /home/ahlemzenache/Documents/polarfire-soc-video-kit-reference-design (IMG_COMP_WRITE)/VKPFSOC_JPEG_WRITE/component/work/VKPFSOC_TOP/VKPFSOC_TOP.v (N/A, 2026-04-27 09:22:11) <-- (may instantiate this module)
64       work.PF_OSC_C0.verilog may have changed because the following files changed:
                        /home/ahlemzenache/Documents/polarfire-soc-video-kit-reference-design (IMG_COMP_WRITE)/VKPFSOC_JPEG_WRITE/component/work/CLOCKS_AND_RESETS/CLOCKS_AND_RESETS.v (N/A, 2026-03-17 20:43:17) <-- (may instantiate this module)
                        /home/ahlemzenache/Documents/polarfire-soc-video-kit-reference-design (IMG_COMP_WRITE)/VKPFSOC_JPEG_WRITE/component/work/PF_OSC_C0/PF_OSC_C0.v (N/A, 2026-03-17 20:43:13) <-- (module definition)
                        /home/ahlemzenache/Documents/polarfire-soc-video-kit-reference-design (IMG_COMP_WRITE)/VKPFSOC_JPEG_WRITE/component/work/VKPFSOC_TOP/VKPFSOC_TOP.v (N/A, 2026-04-27 09:22:11) <-- (may instantiate this module)
65       work.PF_OSC_C0_PF_OSC_C0_0_PF_OSC.verilog may have changed because the following files changed:
                        /home/ahlemzenache/Documents/polarfire-soc-video-kit-reference-design (IMG_COMP_WRITE)/VKPFSOC_JPEG_WRITE/component/work/CLOCKS_AND_RESETS/CLOCKS_AND_RESETS.v (N/A, 2026-03-17 20:43:17) <-- (may instantiate this module)
                        /home/ahlemzenache/Documents/polarfire-soc-video-kit-reference-design (IMG_COMP_WRITE)/VKPFSOC_JPEG_WRITE/component/work/PF_OSC_C0/PF_OSC_C0.v (N/A, 2026-03-17 20:43:13) <-- (may instantiate this module)
                        /home/ahlemzenache/Documents/polarfire-soc-video-kit-reference-design (IMG_COMP_WRITE)/VKPFSOC_JPEG_WRITE/component/work/PF_OSC_C0/PF_OSC_C0_0/PF_OSC_C0_PF_OSC_C0_0_PF_OSC.v (N/A, 2026-03-17 20:43:13) <-- (module definition)
                        /home/ahlemzenache/Documents/polarfire-soc-video-kit-reference-design (IMG_COMP_WRITE)/VKPFSOC_JPEG_WRITE/component/work/VKPFSOC_TOP/VKPFSOC_TOP.v (N/A, 2026-04-27 09:22:11) <-- (may instantiate this module)
66       work.PF_SPI.verilog may have changed because the following files changed:
                        /home/ahlemzenache/Documents/polarfire-soc-video-kit-reference-design (IMG_COMP_WRITE)/VKPFSOC_JPEG_WRITE/component/syn_comps.v (N/A, 2026-06-07 15:51:20) <-- (module definition)
                        /home/ahlemzenache/Documents/polarfire-soc-video-kit-reference-design (IMG_COMP_WRITE)/VKPFSOC_JPEG_WRITE/component/work/CLOCKS_AND_RESETS/CLOCKS_AND_RESETS.v (N/A, 2026-03-17 20:43:17) <-- (may instantiate this module)
                        /home/ahlemzenache/Documents/polarfire-soc-video-kit-reference-design (IMG_COMP_WRITE)/VKPFSOC_JPEG_WRITE/component/work/INIT_MONITOR/INIT_MONITOR.v (N/A, 2026-03-17 20:43:10) <-- (may instantiate this module)
                        /home/ahlemzenache/Documents/polarfire-soc-video-kit-reference-design (IMG_COMP_WRITE)/VKPFSOC_JPEG_WRITE/component/work/INIT_MONITOR/INIT_MONITOR_0/INIT_MONITOR_INIT_MONITOR_0_PFSOC_INIT_MONITOR.v (N/A, 2026-03-17 20:43:10) <-- (may instantiate this module)
                        /home/ahlemzenache/Documents/polarfire-soc-video-kit-reference-design (IMG_COMP_WRITE)/VKPFSOC_JPEG_WRITE/component/work/PF_CCC_C0/PF_CCC_C0.v (N/A, 2026-03-17 20:43:12) <-- (may instantiate this module)
                        /home/ahlemzenache/Documents/polarfire-soc-video-kit-reference-design (IMG_COMP_WRITE)/VKPFSOC_JPEG_WRITE/component/work/PF_CCC_C0/PF_CCC_C0_0/PF_CCC_C0_PF_CCC_C0_0_PF_CCC.v (N/A, 2026-03-17 20:43:12) <-- (may instantiate this module)
                        /home/ahlemzenache/Documents/polarfire-soc-video-kit-reference-design (IMG_COMP_WRITE)/VKPFSOC_JPEG_WRITE/component/work/PF_CLK_DIV_C0/PF_CLK_DIV_C0.v (N/A, 2026-03-17 20:43:13) <-- (may instantiate this module)
                        /home/ahlemzenache/Documents/polarfire-soc-video-kit-reference-design (IMG_COMP_WRITE)/VKPFSOC_JPEG_WRITE/component/work/PF_CLK_DIV_C0/PF_CLK_DIV_C0_0/PF_CLK_DIV_C0_PF_CLK_DIV_C0_0_PF_CLK_DIV.v (N/A, 2026-03-17 20:43:13) <-- (may instantiate this module)
                        /home/ahlemzenache/Documents/polarfire-soc-video-kit-reference-design (IMG_COMP_WRITE)/VKPFSOC_JPEG_WRITE/component/work/PF_OSC_C0/PF_OSC_C0.v (N/A, 2026-03-17 20:43:13) <-- (may instantiate this module)
                        /home/ahlemzenache/Documents/polarfire-soc-video-kit-reference-design (IMG_COMP_WRITE)/VKPFSOC_JPEG_WRITE/component/work/PF_OSC_C0/PF_OSC_C0_0/PF_OSC_C0_PF_OSC_C0_0_PF_OSC.v (N/A, 2026-03-17 20:43:13) <-- (may instantiate this module)
                        /home/ahlemzenache/Documents/polarfire-soc-video-kit-reference-design (IMG_COMP_WRITE)/VKPFSOC_JPEG_WRITE/component/work/PF_XCVR_REF_CLK_C0/PF_XCVR_REF_CLK_C0.v (N/A, 2026-03-17 20:43:13) <-- (may instantiate this module)
                        /home/ahlemzenache/Documents/polarfire-soc-video-kit-reference-design (IMG_COMP_WRITE)/VKPFSOC_JPEG_WRITE/component/work/PF_XCVR_REF_CLK_C0/PF_XCVR_REF_CLK_C0_0/PF_XCVR_REF_CLK_C0_PF_XCVR_REF_CLK_C0_0_PF_XCVR_REF_CLK.v (N/A, 2026-03-17 20:43:13) <-- (may instantiate this module)
                        /home/ahlemzenache/Documents/polarfire-soc-video-kit-reference-design (IMG_COMP_WRITE)/VKPFSOC_JPEG_WRITE/component/work/VKPFSOC_TOP/VKPFSOC_TOP.v (N/A, 2026-04-27 09:22:11) <-- (may instantiate this module)
67       work.PF_XCVR_REF_CLK_C0.verilog may have changed because the following files changed:
                        /home/ahlemzenache/Documents/polarfire-soc-video-kit-reference-design (IMG_COMP_WRITE)/VKPFSOC_JPEG_WRITE/component/work/CLOCKS_AND_RESETS/CLOCKS_AND_RESETS.v (N/A, 2026-03-17 20:43:17) <-- (may instantiate this module)
                        /home/ahlemzenache/Documents/polarfire-soc-video-kit-reference-design (IMG_COMP_WRITE)/VKPFSOC_JPEG_WRITE/component/work/PF_XCVR_REF_CLK_C0/PF_XCVR_REF_CLK_C0.v (N/A, 2026-03-17 20:43:13) <-- (module definition)
                        /home/ahlemzenache/Documents/polarfire-soc-video-kit-reference-design (IMG_COMP_WRITE)/VKPFSOC_JPEG_WRITE/component/work/VKPFSOC_TOP/VKPFSOC_TOP.v (N/A, 2026-04-27 09:22:11) <-- (may instantiate this module)
68       work.PF_XCVR_REF_CLK_C0_PF_XCVR_REF_CLK_C0_0_PF_XCVR_REF_CLK.verilog may have changed because the following files changed:
                        /home/ahlemzenache/Documents/polarfire-soc-video-kit-reference-design (IMG_COMP_WRITE)/VKPFSOC_JPEG_WRITE/component/work/CLOCKS_AND_RESETS/CLOCKS_AND_RESETS.v (N/A, 2026-03-17 20:43:17) <-- (may instantiate this module)
                        /home/ahlemzenache/Documents/polarfire-soc-video-kit-reference-design (IMG_COMP_WRITE)/VKPFSOC_JPEG_WRITE/component/work/PF_XCVR_REF_CLK_C0/PF_XCVR_REF_CLK_C0.v (N/A, 2026-03-17 20:43:13) <-- (may instantiate this module)
                        /home/ahlemzenache/Documents/polarfire-soc-video-kit-reference-design (IMG_COMP_WRITE)/VKPFSOC_JPEG_WRITE/component/work/PF_XCVR_REF_CLK_C0/PF_XCVR_REF_CLK_C0_0/PF_XCVR_REF_CLK_C0_PF_XCVR_REF_CLK_C0_0_PF_XCVR_REF_CLK.v (N/A, 2026-03-17 20:43:13) <-- (module definition)
                        /home/ahlemzenache/Documents/polarfire-soc-video-kit-reference-design (IMG_COMP_WRITE)/VKPFSOC_JPEG_WRITE/component/work/VKPFSOC_TOP/VKPFSOC_TOP.v (N/A, 2026-04-27 09:22:11) <-- (may instantiate this module)
69       work.PLL.verilog may have changed because the following files changed:
                        /home/ahlemzenache/Documents/polarfire-soc-video-kit-reference-design (IMG_COMP_WRITE)/VKPFSOC_JPEG_WRITE/component/syn_comps.v (N/A, 2026-06-07 15:51:20) <-- (module definition)
                        /home/ahlemzenache/Documents/polarfire-soc-video-kit-reference-design (IMG_COMP_WRITE)/VKPFSOC_JPEG_WRITE/component/work/CLOCKS_AND_RESETS/CLOCKS_AND_RESETS.v (N/A, 2026-03-17 20:43:17) <-- (may instantiate this module)
                        /home/ahlemzenache/Documents/polarfire-soc-video-kit-reference-design (IMG_COMP_WRITE)/VKPFSOC_JPEG_WRITE/component/work/INIT_MONITOR/INIT_MONITOR.v (N/A, 2026-03-17 20:43:10) <-- (may instantiate this module)
                        /home/ahlemzenache/Documents/polarfire-soc-video-kit-reference-design (IMG_COMP_WRITE)/VKPFSOC_JPEG_WRITE/component/work/INIT_MONITOR/INIT_MONITOR_0/INIT_MONITOR_INIT_MONITOR_0_PFSOC_INIT_MONITOR.v (N/A, 2026-03-17 20:43:10) <-- (may instantiate this module)
                        /home/ahlemzenache/Documents/polarfire-soc-video-kit-reference-design (IMG_COMP_WRITE)/VKPFSOC_JPEG_WRITE/component/work/PF_CCC_C0/PF_CCC_C0.v (N/A, 2026-03-17 20:43:12) <-- (may instantiate this module)
                        /home/ahlemzenache/Documents/polarfire-soc-video-kit-reference-design (IMG_COMP_WRITE)/VKPFSOC_JPEG_WRITE/component/work/PF_CCC_C0/PF_CCC_C0_0/PF_CCC_C0_PF_CCC_C0_0_PF_CCC.v (N/A, 2026-03-17 20:43:12) <-- (may instantiate this module)
                        /home/ahlemzenache/Documents/polarfire-soc-video-kit-reference-design (IMG_COMP_WRITE)/VKPFSOC_JPEG_WRITE/component/work/PF_CLK_DIV_C0/PF_CLK_DIV_C0.v (N/A, 2026-03-17 20:43:13) <-- (may instantiate this module)
                        /home/ahlemzenache/Documents/polarfire-soc-video-kit-reference-design (IMG_COMP_WRITE)/VKPFSOC_JPEG_WRITE/component/work/PF_CLK_DIV_C0/PF_CLK_DIV_C0_0/PF_CLK_DIV_C0_PF_CLK_DIV_C0_0_PF_CLK_DIV.v (N/A, 2026-03-17 20:43:13) <-- (may instantiate this module)
                        /home/ahlemzenache/Documents/polarfire-soc-video-kit-reference-design (IMG_COMP_WRITE)/VKPFSOC_JPEG_WRITE/component/work/PF_OSC_C0/PF_OSC_C0.v (N/A, 2026-03-17 20:43:13) <-- (may instantiate this module)
                        /home/ahlemzenache/Documents/polarfire-soc-video-kit-reference-design (IMG_COMP_WRITE)/VKPFSOC_JPEG_WRITE/component/work/PF_OSC_C0/PF_OSC_C0_0/PF_OSC_C0_PF_OSC_C0_0_PF_OSC.v (N/A, 2026-03-17 20:43:13) <-- (may instantiate this module)
                        /home/ahlemzenache/Documents/polarfire-soc-video-kit-reference-design (IMG_COMP_WRITE)/VKPFSOC_JPEG_WRITE/component/work/PF_XCVR_REF_CLK_C0/PF_XCVR_REF_CLK_C0.v (N/A, 2026-03-17 20:43:13) <-- (may instantiate this module)
                        /home/ahlemzenache/Documents/polarfire-soc-video-kit-reference-design (IMG_COMP_WRITE)/VKPFSOC_JPEG_WRITE/component/work/PF_XCVR_REF_CLK_C0/PF_XCVR_REF_CLK_C0_0/PF_XCVR_REF_CLK_C0_PF_XCVR_REF_CLK_C0_0_PF_XCVR_REF_CLK.v (N/A, 2026-03-17 20:43:13) <-- (may instantiate this module)
                        /home/ahlemzenache/Documents/polarfire-soc-video-kit-reference-design (IMG_COMP_WRITE)/VKPFSOC_JPEG_WRITE/component/work/VKPFSOC_TOP/VKPFSOC_TOP.v (N/A, 2026-04-27 09:22:11) <-- (may instantiate this module)
70       work.QUADRST.verilog may have changed because the following files changed:
                        /home/ahlemzenache/Documents/polarfire-soc-video-kit-reference-design (IMG_COMP_WRITE)/VKPFSOC_JPEG_WRITE/component/syn_comps.v (N/A, 2026-06-07 15:51:20) <-- (module definition)
                        /home/ahlemzenache/Documents/polarfire-soc-video-kit-reference-design (IMG_COMP_WRITE)/VKPFSOC_JPEG_WRITE/component/work/CLOCKS_AND_RESETS/CLOCKS_AND_RESETS.v (N/A, 2026-03-17 20:43:17) <-- (may instantiate this module)
                        /home/ahlemzenache/Documents/polarfire-soc-video-kit-reference-design (IMG_COMP_WRITE)/VKPFSOC_JPEG_WRITE/component/work/INIT_MONITOR/INIT_MONITOR.v (N/A, 2026-03-17 20:43:10) <-- (may instantiate this module)
                        /home/ahlemzenache/Documents/polarfire-soc-video-kit-reference-design (IMG_COMP_WRITE)/VKPFSOC_JPEG_WRITE/component/work/INIT_MONITOR/INIT_MONITOR_0/INIT_MONITOR_INIT_MONITOR_0_PFSOC_INIT_MONITOR.v (N/A, 2026-03-17 20:43:10) <-- (may instantiate this module)
                        /home/ahlemzenache/Documents/polarfire-soc-video-kit-reference-design (IMG_COMP_WRITE)/VKPFSOC_JPEG_WRITE/component/work/PF_CCC_C0/PF_CCC_C0.v (N/A, 2026-03-17 20:43:12) <-- (may instantiate this module)
                        /home/ahlemzenache/Documents/polarfire-soc-video-kit-reference-design (IMG_COMP_WRITE)/VKPFSOC_JPEG_WRITE/component/work/PF_CCC_C0/PF_CCC_C0_0/PF_CCC_C0_PF_CCC_C0_0_PF_CCC.v (N/A, 2026-03-17 20:43:12) <-- (may instantiate this module)
                        /home/ahlemzenache/Documents/polarfire-soc-video-kit-reference-design (IMG_COMP_WRITE)/VKPFSOC_JPEG_WRITE/component/work/PF_CLK_DIV_C0/PF_CLK_DIV_C0.v (N/A, 2026-03-17 20:43:13) <-- (may instantiate this module)
                        /home/ahlemzenache/Documents/polarfire-soc-video-kit-reference-design (IMG_COMP_WRITE)/VKPFSOC_JPEG_WRITE/component/work/PF_CLK_DIV_C0/PF_CLK_DIV_C0_0/PF_CLK_DIV_C0_PF_CLK_DIV_C0_0_PF_CLK_DIV.v (N/A, 2026-03-17 20:43:13) <-- (may instantiate this module)
                        /home/ahlemzenache/Documents/polarfire-soc-video-kit-reference-design (IMG_COMP_WRITE)/VKPFSOC_JPEG_WRITE/component/work/PF_OSC_C0/PF_OSC_C0.v (N/A, 2026-03-17 20:43:13) <-- (may instantiate this module)
                        /home/ahlemzenache/Documents/polarfire-soc-video-kit-reference-design (IMG_COMP_WRITE)/VKPFSOC_JPEG_WRITE/component/work/PF_OSC_C0/PF_OSC_C0_0/PF_OSC_C0_PF_OSC_C0_0_PF_OSC.v (N/A, 2026-03-17 20:43:13) <-- (may instantiate this module)
                        /home/ahlemzenache/Documents/polarfire-soc-video-kit-reference-design (IMG_COMP_WRITE)/VKPFSOC_JPEG_WRITE/component/work/PF_XCVR_REF_CLK_C0/PF_XCVR_REF_CLK_C0.v (N/A, 2026-03-17 20:43:13) <-- (may instantiate this module)
                        /home/ahlemzenache/Documents/polarfire-soc-video-kit-reference-design (IMG_COMP_WRITE)/VKPFSOC_JPEG_WRITE/component/work/PF_XCVR_REF_CLK_C0/PF_XCVR_REF_CLK_C0_0/PF_XCVR_REF_CLK_C0_PF_XCVR_REF_CLK_C0_0_PF_XCVR_REF_CLK.v (N/A, 2026-03-17 20:43:13) <-- (may instantiate this module)
                        /home/ahlemzenache/Documents/polarfire-soc-video-kit-reference-design (IMG_COMP_WRITE)/VKPFSOC_JPEG_WRITE/component/work/VKPFSOC_TOP/VKPFSOC_TOP.v (N/A, 2026-04-27 09:22:11) <-- (may instantiate this module)
71       work.QUADRST_PCIE.verilog may have changed because the following files changed:
                        /home/ahlemzenache/Documents/polarfire-soc-video-kit-reference-design (IMG_COMP_WRITE)/VKPFSOC_JPEG_WRITE/component/syn_comps.v (N/A, 2026-06-07 15:51:20) <-- (module definition)
                        /home/ahlemzenache/Documents/polarfire-soc-video-kit-reference-design (IMG_COMP_WRITE)/VKPFSOC_JPEG_WRITE/component/work/CLOCKS_AND_RESETS/CLOCKS_AND_RESETS.v (N/A, 2026-03-17 20:43:17) <-- (may instantiate this module)
                        /home/ahlemzenache/Documents/polarfire-soc-video-kit-reference-design (IMG_COMP_WRITE)/VKPFSOC_JPEG_WRITE/component/work/INIT_MONITOR/INIT_MONITOR.v (N/A, 2026-03-17 20:43:10) <-- (may instantiate this module)
                        /home/ahlemzenache/Documents/polarfire-soc-video-kit-reference-design (IMG_COMP_WRITE)/VKPFSOC_JPEG_WRITE/component/work/INIT_MONITOR/INIT_MONITOR_0/INIT_MONITOR_INIT_MONITOR_0_PFSOC_INIT_MONITOR.v (N/A, 2026-03-17 20:43:10) <-- (may instantiate this module)
                        /home/ahlemzenache/Documents/polarfire-soc-video-kit-reference-design (IMG_COMP_WRITE)/VKPFSOC_JPEG_WRITE/component/work/PF_CCC_C0/PF_CCC_C0.v (N/A, 2026-03-17 20:43:12) <-- (may instantiate this module)
                        /home/ahlemzenache/Documents/polarfire-soc-video-kit-reference-design (IMG_COMP_WRITE)/VKPFSOC_JPEG_WRITE/component/work/PF_CCC_C0/PF_CCC_C0_0/PF_CCC_C0_PF_CCC_C0_0_PF_CCC.v (N/A, 2026-03-17 20:43:12) <-- (may instantiate this module)
                        /home/ahlemzenache/Documents/polarfire-soc-video-kit-reference-design (IMG_COMP_WRITE)/VKPFSOC_JPEG_WRITE/component/work/PF_CLK_DIV_C0/PF_CLK_DIV_C0.v (N/A, 2026-03-17 20:43:13) <-- (may instantiate this module)
                        /home/ahlemzenache/Documents/polarfire-soc-video-kit-reference-design (IMG_COMP_WRITE)/VKPFSOC_JPEG_WRITE/component/work/PF_CLK_DIV_C0/PF_CLK_DIV_C0_0/PF_CLK_DIV_C0_PF_CLK_DIV_C0_0_PF_CLK_DIV.v (N/A, 2026-03-17 20:43:13) <-- (may instantiate this module)
                        /home/ahlemzenache/Documents/polarfire-soc-video-kit-reference-design (IMG_COMP_WRITE)/VKPFSOC_JPEG_WRITE/component/work/PF_OSC_C0/PF_OSC_C0.v (N/A, 2026-03-17 20:43:13) <-- (may instantiate this module)
                        /home/ahlemzenache/Documents/polarfire-soc-video-kit-reference-design (IMG_COMP_WRITE)/VKPFSOC_JPEG_WRITE/component/work/PF_OSC_C0/PF_OSC_C0_0/PF_OSC_C0_PF_OSC_C0_0_PF_OSC.v (N/A, 2026-03-17 20:43:13) <-- (may instantiate this module)
                        /home/ahlemzenache/Documents/polarfire-soc-video-kit-reference-design (IMG_COMP_WRITE)/VKPFSOC_JPEG_WRITE/component/work/PF_XCVR_REF_CLK_C0/PF_XCVR_REF_CLK_C0.v (N/A, 2026-03-17 20:43:13) <-- (may instantiate this module)
                        /home/ahlemzenache/Documents/polarfire-soc-video-kit-reference-design (IMG_COMP_WRITE)/VKPFSOC_JPEG_WRITE/component/work/PF_XCVR_REF_CLK_C0/PF_XCVR_REF_CLK_C0_0/PF_XCVR_REF_CLK_C0_PF_XCVR_REF_CLK_C0_0_PF_XCVR_REF_CLK.v (N/A, 2026-03-17 20:43:13) <-- (may instantiate this module)
                        /home/ahlemzenache/Documents/polarfire-soc-video-kit-reference-design (IMG_COMP_WRITE)/VKPFSOC_JPEG_WRITE/component/work/VKPFSOC_TOP/VKPFSOC_TOP.v (N/A, 2026-04-27 09:22:11) <-- (may instantiate this module)
72       work.SCB.verilog may have changed because the following files changed:
                        /home/ahlemzenache/Documents/polarfire-soc-video-kit-reference-design (IMG_COMP_WRITE)/VKPFSOC_JPEG_WRITE/component/syn_comps.v (N/A, 2026-06-07 15:51:20) <-- (module definition)
                        /home/ahlemzenache/Documents/polarfire-soc-video-kit-reference-design (IMG_COMP_WRITE)/VKPFSOC_JPEG_WRITE/component/work/CLOCKS_AND_RESETS/CLOCKS_AND_RESETS.v (N/A, 2026-03-17 20:43:17) <-- (may instantiate this module)
                        /home/ahlemzenache/Documents/polarfire-soc-video-kit-reference-design (IMG_COMP_WRITE)/VKPFSOC_JPEG_WRITE/component/work/INIT_MONITOR/INIT_MONITOR.v (N/A, 2026-03-17 20:43:10) <-- (may instantiate this module)
                        /home/ahlemzenache/Documents/polarfire-soc-video-kit-reference-design (IMG_COMP_WRITE)/VKPFSOC_JPEG_WRITE/component/work/INIT_MONITOR/INIT_MONITOR_0/INIT_MONITOR_INIT_MONITOR_0_PFSOC_INIT_MONITOR.v (N/A, 2026-03-17 20:43:10) <-- (may instantiate this module)
                        /home/ahlemzenache/Documents/polarfire-soc-video-kit-reference-design (IMG_COMP_WRITE)/VKPFSOC_JPEG_WRITE/component/work/PF_CCC_C0/PF_CCC_C0.v (N/A, 2026-03-17 20:43:12) <-- (may instantiate this module)
                        /home/ahlemzenache/Documents/polarfire-soc-video-kit-reference-design (IMG_COMP_WRITE)/VKPFSOC_JPEG_WRITE/component/work/PF_CCC_C0/PF_CCC_C0_0/PF_CCC_C0_PF_CCC_C0_0_PF_CCC.v (N/A, 2026-03-17 20:43:12) <-- (may instantiate this module)
                        /home/ahlemzenache/Documents/polarfire-soc-video-kit-reference-design (IMG_COMP_WRITE)/VKPFSOC_JPEG_WRITE/component/work/PF_CLK_DIV_C0/PF_CLK_DIV_C0.v (N/A, 2026-03-17 20:43:13) <-- (may instantiate this module)
                        /home/ahlemzenache/Documents/polarfire-soc-video-kit-reference-design (IMG_COMP_WRITE)/VKPFSOC_JPEG_WRITE/component/work/PF_CLK_DIV_C0/PF_CLK_DIV_C0_0/PF_CLK_DIV_C0_PF_CLK_DIV_C0_0_PF_CLK_DIV.v (N/A, 2026-03-17 20:43:13) <-- (may instantiate this module)
                        /home/ahlemzenache/Documents/polarfire-soc-video-kit-reference-design (IMG_COMP_WRITE)/VKPFSOC_JPEG_WRITE/component/work/PF_OSC_C0/PF_OSC_C0.v (N/A, 2026-03-17 20:43:13) <-- (may instantiate this module)
                        /home/ahlemzenache/Documents/polarfire-soc-video-kit-reference-design (IMG_COMP_WRITE)/VKPFSOC_JPEG_WRITE/component/work/PF_OSC_C0/PF_OSC_C0_0/PF_OSC_C0_PF_OSC_C0_0_PF_OSC.v (N/A, 2026-03-17 20:43:13) <-- (may instantiate this module)
                        /home/ahlemzenache/Documents/polarfire-soc-video-kit-reference-design (IMG_COMP_WRITE)/VKPFSOC_JPEG_WRITE/component/work/PF_XCVR_REF_CLK_C0/PF_XCVR_REF_CLK_C0.v (N/A, 2026-03-17 20:43:13) <-- (may instantiate this module)
                        /home/ahlemzenache/Documents/polarfire-soc-video-kit-reference-design (IMG_COMP_WRITE)/VKPFSOC_JPEG_WRITE/component/work/PF_XCVR_REF_CLK_C0/PF_XCVR_REF_CLK_C0_0/PF_XCVR_REF_CLK_C0_PF_XCVR_REF_CLK_C0_0_PF_XCVR_REF_CLK.v (N/A, 2026-03-17 20:43:13) <-- (may instantiate this module)
                        /home/ahlemzenache/Documents/polarfire-soc-video-kit-reference-design (IMG_COMP_WRITE)/VKPFSOC_JPEG_WRITE/component/work/VKPFSOC_TOP/VKPFSOC_TOP.v (N/A, 2026-04-27 09:22:11) <-- (may instantiate this module)
73       work.SYSCTRL_RESET_STATUS.verilog may have changed because the following files changed:
                        /home/ahlemzenache/Documents/polarfire-soc-video-kit-reference-design (IMG_COMP_WRITE)/VKPFSOC_JPEG_WRITE/component/syn_comps.v (N/A, 2026-06-07 15:51:20) <-- (module definition)
                        /home/ahlemzenache/Documents/polarfire-soc-video-kit-reference-design (IMG_COMP_WRITE)/VKPFSOC_JPEG_WRITE/component/work/CLOCKS_AND_RESETS/CLOCKS_AND_RESETS.v (N/A, 2026-03-17 20:43:17) <-- (may instantiate this module)
                        /home/ahlemzenache/Documents/polarfire-soc-video-kit-reference-design (IMG_COMP_WRITE)/VKPFSOC_JPEG_WRITE/component/work/INIT_MONITOR/INIT_MONITOR.v (N/A, 2026-03-17 20:43:10) <-- (may instantiate this module)
                        /home/ahlemzenache/Documents/polarfire-soc-video-kit-reference-design (IMG_COMP_WRITE)/VKPFSOC_JPEG_WRITE/component/work/INIT_MONITOR/INIT_MONITOR_0/INIT_MONITOR_INIT_MONITOR_0_PFSOC_INIT_MONITOR.v (N/A, 2026-03-17 20:43:10) <-- (may instantiate this module)
                        /home/ahlemzenache/Documents/polarfire-soc-video-kit-reference-design (IMG_COMP_WRITE)/VKPFSOC_JPEG_WRITE/component/work/PF_CCC_C0/PF_CCC_C0.v (N/A, 2026-03-17 20:43:12) <-- (may instantiate this module)
                        /home/ahlemzenache/Documents/polarfire-soc-video-kit-reference-design (IMG_COMP_WRITE)/VKPFSOC_JPEG_WRITE/component/work/PF_CCC_C0/PF_CCC_C0_0/PF_CCC_C0_PF_CCC_C0_0_PF_CCC.v (N/A, 2026-03-17 20:43:12) <-- (may instantiate this module)
                        /home/ahlemzenache/Documents/polarfire-soc-video-kit-reference-design (IMG_COMP_WRITE)/VKPFSOC_JPEG_WRITE/component/work/PF_CLK_DIV_C0/PF_CLK_DIV_C0.v (N/A, 2026-03-17 20:43:13) <-- (may instantiate this module)
                        /home/ahlemzenache/Documents/polarfire-soc-video-kit-reference-design (IMG_COMP_WRITE)/VKPFSOC_JPEG_WRITE/component/work/PF_CLK_DIV_C0/PF_CLK_DIV_C0_0/PF_CLK_DIV_C0_PF_CLK_DIV_C0_0_PF_CLK_DIV.v (N/A, 2026-03-17 20:43:13) <-- (may instantiate this module)
                        /home/ahlemzenache/Documents/polarfire-soc-video-kit-reference-design (IMG_COMP_WRITE)/VKPFSOC_JPEG_WRITE/component/work/PF_OSC_C0/PF_OSC_C0.v (N/A, 2026-03-17 20:43:13) <-- (may instantiate this module)
                        /home/ahlemzenache/Documents/polarfire-soc-video-kit-reference-design (IMG_COMP_WRITE)/VKPFSOC_JPEG_WRITE/component/work/PF_OSC_C0/PF_OSC_C0_0/PF_OSC_C0_PF_OSC_C0_0_PF_OSC.v (N/A, 2026-03-17 20:43:13) <-- (may instantiate this module)
                        /home/ahlemzenache/Documents/polarfire-soc-video-kit-reference-design (IMG_COMP_WRITE)/VKPFSOC_JPEG_WRITE/component/work/PF_XCVR_REF_CLK_C0/PF_XCVR_REF_CLK_C0.v (N/A, 2026-03-17 20:43:13) <-- (may instantiate this module)
                        /home/ahlemzenache/Documents/polarfire-soc-video-kit-reference-design (IMG_COMP_WRITE)/VKPFSOC_JPEG_WRITE/component/work/PF_XCVR_REF_CLK_C0/PF_XCVR_REF_CLK_C0_0/PF_XCVR_REF_CLK_C0_PF_XCVR_REF_CLK_C0_0_PF_XCVR_REF_CLK.v (N/A, 2026-03-17 20:43:13) <-- (may instantiate this module)
                        /home/ahlemzenache/Documents/polarfire-soc-video-kit-reference-design (IMG_COMP_WRITE)/VKPFSOC_JPEG_WRITE/component/work/VKPFSOC_TOP/VKPFSOC_TOP.v (N/A, 2026-04-27 09:22:11) <-- (may instantiate this module)
74       work.SYSRESET.verilog may have changed because the following files changed:
                        /home/ahlemzenache/Documents/polarfire-soc-video-kit-reference-design (IMG_COMP_WRITE)/VKPFSOC_JPEG_WRITE/component/syn_comps.v (N/A, 2026-06-07 15:51:20) <-- (module definition)
                        /home/ahlemzenache/Documents/polarfire-soc-video-kit-reference-design (IMG_COMP_WRITE)/VKPFSOC_JPEG_WRITE/component/work/CLOCKS_AND_RESETS/CLOCKS_AND_RESETS.v (N/A, 2026-03-17 20:43:17) <-- (may instantiate this module)
                        /home/ahlemzenache/Documents/polarfire-soc-video-kit-reference-design (IMG_COMP_WRITE)/VKPFSOC_JPEG_WRITE/component/work/INIT_MONITOR/INIT_MONITOR.v (N/A, 2026-03-17 20:43:10) <-- (may instantiate this module)
                        /home/ahlemzenache/Documents/polarfire-soc-video-kit-reference-design (IMG_COMP_WRITE)/VKPFSOC_JPEG_WRITE/component/work/INIT_MONITOR/INIT_MONITOR_0/INIT_MONITOR_INIT_MONITOR_0_PFSOC_INIT_MONITOR.v (N/A, 2026-03-17 20:43:10) <-- (may instantiate this module)
                        /home/ahlemzenache/Documents/polarfire-soc-video-kit-reference-design (IMG_COMP_WRITE)/VKPFSOC_JPEG_WRITE/component/work/PF_CCC_C0/PF_CCC_C0.v (N/A, 2026-03-17 20:43:12) <-- (may instantiate this module)
                        /home/ahlemzenache/Documents/polarfire-soc-video-kit-reference-design (IMG_COMP_WRITE)/VKPFSOC_JPEG_WRITE/component/work/PF_CCC_C0/PF_CCC_C0_0/PF_CCC_C0_PF_CCC_C0_0_PF_CCC.v (N/A, 2026-03-17 20:43:12) <-- (may instantiate this module)
                        /home/ahlemzenache/Documents/polarfire-soc-video-kit-reference-design (IMG_COMP_WRITE)/VKPFSOC_JPEG_WRITE/component/work/PF_CLK_DIV_C0/PF_CLK_DIV_C0.v (N/A, 2026-03-17 20:43:13) <-- (may instantiate this module)
                        /home/ahlemzenache/Documents/polarfire-soc-video-kit-reference-design (IMG_COMP_WRITE)/VKPFSOC_JPEG_WRITE/component/work/PF_CLK_DIV_C0/PF_CLK_DIV_C0_0/PF_CLK_DIV_C0_PF_CLK_DIV_C0_0_PF_CLK_DIV.v (N/A, 2026-03-17 20:43:13) <-- (may instantiate this module)
                        /home/ahlemzenache/Documents/polarfire-soc-video-kit-reference-design (IMG_COMP_WRITE)/VKPFSOC_JPEG_WRITE/component/work/PF_OSC_C0/PF_OSC_C0.v (N/A, 2026-03-17 20:43:13) <-- (may instantiate this module)
                        /home/ahlemzenache/Documents/polarfire-soc-video-kit-reference-design (IMG_COMP_WRITE)/VKPFSOC_JPEG_WRITE/component/work/PF_OSC_C0/PF_OSC_C0_0/PF_OSC_C0_PF_OSC_C0_0_PF_OSC.v (N/A, 2026-03-17 20:43:13) <-- (may instantiate this module)
                        /home/ahlemzenache/Documents/polarfire-soc-video-kit-reference-design (IMG_COMP_WRITE)/VKPFSOC_JPEG_WRITE/component/work/PF_XCVR_REF_CLK_C0/PF_XCVR_REF_CLK_C0.v (N/A, 2026-03-17 20:43:13) <-- (may instantiate this module)
                        /home/ahlemzenache/Documents/polarfire-soc-video-kit-reference-design (IMG_COMP_WRITE)/VKPFSOC_JPEG_WRITE/component/work/PF_XCVR_REF_CLK_C0/PF_XCVR_REF_CLK_C0_0/PF_XCVR_REF_CLK_C0_PF_XCVR_REF_CLK_C0_0_PF_XCVR_REF_CLK.v (N/A, 2026-03-17 20:43:13) <-- (may instantiate this module)
                        /home/ahlemzenache/Documents/polarfire-soc-video-kit-reference-design (IMG_COMP_WRITE)/VKPFSOC_JPEG_WRITE/component/work/VKPFSOC_TOP/VKPFSOC_TOP.v (N/A, 2026-04-27 09:22:11) <-- (may instantiate this module)
75       work.SYS_SERVICES.verilog may have changed because the following files changed:
                        /home/ahlemzenache/Documents/polarfire-soc-video-kit-reference-design (IMG_COMP_WRITE)/VKPFSOC_JPEG_WRITE/component/syn_comps.v (N/A, 2026-06-07 15:51:20) <-- (module definition)
                        /home/ahlemzenache/Documents/polarfire-soc-video-kit-reference-design (IMG_COMP_WRITE)/VKPFSOC_JPEG_WRITE/component/work/CLOCKS_AND_RESETS/CLOCKS_AND_RESETS.v (N/A, 2026-03-17 20:43:17) <-- (may instantiate this module)
                        /home/ahlemzenache/Documents/polarfire-soc-video-kit-reference-design (IMG_COMP_WRITE)/VKPFSOC_JPEG_WRITE/component/work/INIT_MONITOR/INIT_MONITOR.v (N/A, 2026-03-17 20:43:10) <-- (may instantiate this module)
                        /home/ahlemzenache/Documents/polarfire-soc-video-kit-reference-design (IMG_COMP_WRITE)/VKPFSOC_JPEG_WRITE/component/work/INIT_MONITOR/INIT_MONITOR_0/INIT_MONITOR_INIT_MONITOR_0_PFSOC_INIT_MONITOR.v (N/A, 2026-03-17 20:43:10) <-- (may instantiate this module)
                        /home/ahlemzenache/Documents/polarfire-soc-video-kit-reference-design (IMG_COMP_WRITE)/VKPFSOC_JPEG_WRITE/component/work/PF_CCC_C0/PF_CCC_C0.v (N/A, 2026-03-17 20:43:12) <-- (may instantiate this module)
                        /home/ahlemzenache/Documents/polarfire-soc-video-kit-reference-design (IMG_COMP_WRITE)/VKPFSOC_JPEG_WRITE/component/work/PF_CCC_C0/PF_CCC_C0_0/PF_CCC_C0_PF_CCC_C0_0_PF_CCC.v (N/A, 2026-03-17 20:43:12) <-- (may instantiate this module)
                        /home/ahlemzenache/Documents/polarfire-soc-video-kit-reference-design (IMG_COMP_WRITE)/VKPFSOC_JPEG_WRITE/component/work/PF_CLK_DIV_C0/PF_CLK_DIV_C0.v (N/A, 2026-03-17 20:43:13) <-- (may instantiate this module)
                        /home/ahlemzenache/Documents/polarfire-soc-video-kit-reference-design (IMG_COMP_WRITE)/VKPFSOC_JPEG_WRITE/component/work/PF_CLK_DIV_C0/PF_CLK_DIV_C0_0/PF_CLK_DIV_C0_PF_CLK_DIV_C0_0_PF_CLK_DIV.v (N/A, 2026-03-17 20:43:13) <-- (may instantiate this module)
                        /home/ahlemzenache/Documents/polarfire-soc-video-kit-reference-design (IMG_COMP_WRITE)/VKPFSOC_JPEG_WRITE/component/work/PF_OSC_C0/PF_OSC_C0.v (N/A, 2026-03-17 20:43:13) <-- (may instantiate this module)
                        /home/ahlemzenache/Documents/polarfire-soc-video-kit-reference-design (IMG_COMP_WRITE)/VKPFSOC_JPEG_WRITE/component/work/PF_OSC_C0/PF_OSC_C0_0/PF_OSC_C0_PF_OSC_C0_0_PF_OSC.v (N/A, 2026-03-17 20:43:13) <-- (may instantiate this module)
                        /home/ahlemzenache/Documents/polarfire-soc-video-kit-reference-design (IMG_COMP_WRITE)/VKPFSOC_JPEG_WRITE/component/work/PF_XCVR_REF_CLK_C0/PF_XCVR_REF_CLK_C0.v (N/A, 2026-03-17 20:43:13) <-- (may instantiate this module)
                        /home/ahlemzenache/Documents/polarfire-soc-video-kit-reference-design (IMG_COMP_WRITE)/VKPFSOC_JPEG_WRITE/component/work/PF_XCVR_REF_CLK_C0/PF_XCVR_REF_CLK_C0_0/PF_XCVR_REF_CLK_C0_PF_XCVR_REF_CLK_C0_0_PF_XCVR_REF_CLK.v (N/A, 2026-03-17 20:43:13) <-- (may instantiate this module)
                        /home/ahlemzenache/Documents/polarfire-soc-video-kit-reference-design (IMG_COMP_WRITE)/VKPFSOC_JPEG_WRITE/component/work/VKPFSOC_TOP/VKPFSOC_TOP.v (N/A, 2026-04-27 09:22:11) <-- (may instantiate this module)
76       work.TAMPER.verilog may have changed because the following files changed:
                        /home/ahlemzenache/Documents/polarfire-soc-video-kit-reference-design (IMG_COMP_WRITE)/VKPFSOC_JPEG_WRITE/component/syn_comps.v (N/A, 2026-06-07 15:51:20) <-- (module definition)
                        /home/ahlemzenache/Documents/polarfire-soc-video-kit-reference-design (IMG_COMP_WRITE)/VKPFSOC_JPEG_WRITE/component/work/CLOCKS_AND_RESETS/CLOCKS_AND_RESETS.v (N/A, 2026-03-17 20:43:17) <-- (may instantiate this module)
                        /home/ahlemzenache/Documents/polarfire-soc-video-kit-reference-design (IMG_COMP_WRITE)/VKPFSOC_JPEG_WRITE/component/work/INIT_MONITOR/INIT_MONITOR.v (N/A, 2026-03-17 20:43:10) <-- (may instantiate this module)
                        /home/ahlemzenache/Documents/polarfire-soc-video-kit-reference-design (IMG_COMP_WRITE)/VKPFSOC_JPEG_WRITE/component/work/INIT_MONITOR/INIT_MONITOR_0/INIT_MONITOR_INIT_MONITOR_0_PFSOC_INIT_MONITOR.v (N/A, 2026-03-17 20:43:10) <-- (may instantiate this module)
                        /home/ahlemzenache/Documents/polarfire-soc-video-kit-reference-design (IMG_COMP_WRITE)/VKPFSOC_JPEG_WRITE/component/work/PF_CCC_C0/PF_CCC_C0.v (N/A, 2026-03-17 20:43:12) <-- (may instantiate this module)
                        /home/ahlemzenache/Documents/polarfire-soc-video-kit-reference-design (IMG_COMP_WRITE)/VKPFSOC_JPEG_WRITE/component/work/PF_CCC_C0/PF_CCC_C0_0/PF_CCC_C0_PF_CCC_C0_0_PF_CCC.v (N/A, 2026-03-17 20:43:12) <-- (may instantiate this module)
                        /home/ahlemzenache/Documents/polarfire-soc-video-kit-reference-design (IMG_COMP_WRITE)/VKPFSOC_JPEG_WRITE/component/work/PF_CLK_DIV_C0/PF_CLK_DIV_C0.v (N/A, 2026-03-17 20:43:13) <-- (may instantiate this module)
                        /home/ahlemzenache/Documents/polarfire-soc-video-kit-reference-design (IMG_COMP_WRITE)/VKPFSOC_JPEG_WRITE/component/work/PF_CLK_DIV_C0/PF_CLK_DIV_C0_0/PF_CLK_DIV_C0_PF_CLK_DIV_C0_0_PF_CLK_DIV.v (N/A, 2026-03-17 20:43:13) <-- (may instantiate this module)
                        /home/ahlemzenache/Documents/polarfire-soc-video-kit-reference-design (IMG_COMP_WRITE)/VKPFSOC_JPEG_WRITE/component/work/PF_OSC_C0/PF_OSC_C0.v (N/A, 2026-03-17 20:43:13) <-- (may instantiate this module)
                        /home/ahlemzenache/Documents/polarfire-soc-video-kit-reference-design (IMG_COMP_WRITE)/VKPFSOC_JPEG_WRITE/component/work/PF_OSC_C0/PF_OSC_C0_0/PF_OSC_C0_PF_OSC_C0_0_PF_OSC.v (N/A, 2026-03-17 20:43:13) <-- (may instantiate this module)
                        /home/ahlemzenache/Documents/polarfire-soc-video-kit-reference-design (IMG_COMP_WRITE)/VKPFSOC_JPEG_WRITE/component/work/PF_XCVR_REF_CLK_C0/PF_XCVR_REF_CLK_C0.v (N/A, 2026-03-17 20:43:13) <-- (may instantiate this module)
                        /home/ahlemzenache/Documents/polarfire-soc-video-kit-reference-design (IMG_COMP_WRITE)/VKPFSOC_JPEG_WRITE/component/work/PF_XCVR_REF_CLK_C0/PF_XCVR_REF_CLK_C0_0/PF_XCVR_REF_CLK_C0_PF_XCVR_REF_CLK_C0_0_PF_XCVR_REF_CLK.v (N/A, 2026-03-17 20:43:13) <-- (may instantiate this module)
                        /home/ahlemzenache/Documents/polarfire-soc-video-kit-reference-design (IMG_COMP_WRITE)/VKPFSOC_JPEG_WRITE/component/work/VKPFSOC_TOP/VKPFSOC_TOP.v (N/A, 2026-04-27 09:22:11) <-- (may instantiate this module)
77       work.TVS.verilog may have changed because the following files changed:
                        /home/ahlemzenache/Documents/polarfire-soc-video-kit-reference-design (IMG_COMP_WRITE)/VKPFSOC_JPEG_WRITE/component/syn_comps.v (N/A, 2026-06-07 15:51:20) <-- (module definition)
                        /home/ahlemzenache/Documents/polarfire-soc-video-kit-reference-design (IMG_COMP_WRITE)/VKPFSOC_JPEG_WRITE/component/work/CLOCKS_AND_RESETS/CLOCKS_AND_RESETS.v (N/A, 2026-03-17 20:43:17) <-- (may instantiate this module)
                        /home/ahlemzenache/Documents/polarfire-soc-video-kit-reference-design (IMG_COMP_WRITE)/VKPFSOC_JPEG_WRITE/component/work/INIT_MONITOR/INIT_MONITOR.v (N/A, 2026-03-17 20:43:10) <-- (may instantiate this module)
                        /home/ahlemzenache/Documents/polarfire-soc-video-kit-reference-design (IMG_COMP_WRITE)/VKPFSOC_JPEG_WRITE/component/work/INIT_MONITOR/INIT_MONITOR_0/INIT_MONITOR_INIT_MONITOR_0_PFSOC_INIT_MONITOR.v (N/A, 2026-03-17 20:43:10) <-- (may instantiate this module)
                        /home/ahlemzenache/Documents/polarfire-soc-video-kit-reference-design (IMG_COMP_WRITE)/VKPFSOC_JPEG_WRITE/component/work/PF_CCC_C0/PF_CCC_C0.v (N/A, 2026-03-17 20:43:12) <-- (may instantiate this module)
                        /home/ahlemzenache/Documents/polarfire-soc-video-kit-reference-design (IMG_COMP_WRITE)/VKPFSOC_JPEG_WRITE/component/work/PF_CCC_C0/PF_CCC_C0_0/PF_CCC_C0_PF_CCC_C0_0_PF_CCC.v (N/A, 2026-03-17 20:43:12) <-- (may instantiate this module)
                        /home/ahlemzenache/Documents/polarfire-soc-video-kit-reference-design (IMG_COMP_WRITE)/VKPFSOC_JPEG_WRITE/component/work/PF_CLK_DIV_C0/PF_CLK_DIV_C0.v (N/A, 2026-03-17 20:43:13) <-- (may instantiate this module)
                        /home/ahlemzenache/Documents/polarfire-soc-video-kit-reference-design (IMG_COMP_WRITE)/VKPFSOC_JPEG_WRITE/component/work/PF_CLK_DIV_C0/PF_CLK_DIV_C0_0/PF_CLK_DIV_C0_PF_CLK_DIV_C0_0_PF_CLK_DIV.v (N/A, 2026-03-17 20:43:13) <-- (may instantiate this module)
                        /home/ahlemzenache/Documents/polarfire-soc-video-kit-reference-design (IMG_COMP_WRITE)/VKPFSOC_JPEG_WRITE/component/work/PF_OSC_C0/PF_OSC_C0.v (N/A, 2026-03-17 20:43:13) <-- (may instantiate this module)
                        /home/ahlemzenache/Documents/polarfire-soc-video-kit-reference-design (IMG_COMP_WRITE)/VKPFSOC_JPEG_WRITE/component/work/PF_OSC_C0/PF_OSC_C0_0/PF_OSC_C0_PF_OSC_C0_0_PF_OSC.v (N/A, 2026-03-17 20:43:13) <-- (may instantiate this module)
                        /home/ahlemzenache/Documents/polarfire-soc-video-kit-reference-design (IMG_COMP_WRITE)/VKPFSOC_JPEG_WRITE/component/work/PF_XCVR_REF_CLK_C0/PF_XCVR_REF_CLK_C0.v (N/A, 2026-03-17 20:43:13) <-- (may instantiate this module)
                        /home/ahlemzenache/Documents/polarfire-soc-video-kit-reference-design (IMG_COMP_WRITE)/VKPFSOC_JPEG_WRITE/component/work/PF_XCVR_REF_CLK_C0/PF_XCVR_REF_CLK_C0_0/PF_XCVR_REF_CLK_C0_PF_XCVR_REF_CLK_C0_0_PF_XCVR_REF_CLK.v (N/A, 2026-03-17 20:43:13) <-- (may instantiate this module)
                        /home/ahlemzenache/Documents/polarfire-soc-video-kit-reference-design (IMG_COMP_WRITE)/VKPFSOC_JPEG_WRITE/component/work/VKPFSOC_TOP/VKPFSOC_TOP.v (N/A, 2026-04-27 09:22:11) <-- (may instantiate this module)
78       work.TX_PLL.verilog may have changed because the following files changed:
                        /home/ahlemzenache/Documents/polarfire-soc-video-kit-reference-design (IMG_COMP_WRITE)/VKPFSOC_JPEG_WRITE/component/syn_comps.v (N/A, 2026-06-07 15:51:20) <-- (module definition)
                        /home/ahlemzenache/Documents/polarfire-soc-video-kit-reference-design (IMG_COMP_WRITE)/VKPFSOC_JPEG_WRITE/component/work/CLOCKS_AND_RESETS/CLOCKS_AND_RESETS.v (N/A, 2026-03-17 20:43:17) <-- (may instantiate this module)
                        /home/ahlemzenache/Documents/polarfire-soc-video-kit-reference-design (IMG_COMP_WRITE)/VKPFSOC_JPEG_WRITE/component/work/INIT_MONITOR/INIT_MONITOR.v (N/A, 2026-03-17 20:43:10) <-- (may instantiate this module)
                        /home/ahlemzenache/Documents/polarfire-soc-video-kit-reference-design (IMG_COMP_WRITE)/VKPFSOC_JPEG_WRITE/component/work/INIT_MONITOR/INIT_MONITOR_0/INIT_MONITOR_INIT_MONITOR_0_PFSOC_INIT_MONITOR.v (N/A, 2026-03-17 20:43:10) <-- (may instantiate this module)
                        /home/ahlemzenache/Documents/polarfire-soc-video-kit-reference-design (IMG_COMP_WRITE)/VKPFSOC_JPEG_WRITE/component/work/PF_CCC_C0/PF_CCC_C0.v (N/A, 2026-03-17 20:43:12) <-- (may instantiate this module)
                        /home/ahlemzenache/Documents/polarfire-soc-video-kit-reference-design (IMG_COMP_WRITE)/VKPFSOC_JPEG_WRITE/component/work/PF_CCC_C0/PF_CCC_C0_0/PF_CCC_C0_PF_CCC_C0_0_PF_CCC.v (N/A, 2026-03-17 20:43:12) <-- (may instantiate this module)
                        /home/ahlemzenache/Documents/polarfire-soc-video-kit-reference-design (IMG_COMP_WRITE)/VKPFSOC_JPEG_WRITE/component/work/PF_CLK_DIV_C0/PF_CLK_DIV_C0.v (N/A, 2026-03-17 20:43:13) <-- (may instantiate this module)
                        /home/ahlemzenache/Documents/polarfire-soc-video-kit-reference-design (IMG_COMP_WRITE)/VKPFSOC_JPEG_WRITE/component/work/PF_CLK_DIV_C0/PF_CLK_DIV_C0_0/PF_CLK_DIV_C0_PF_CLK_DIV_C0_0_PF_CLK_DIV.v (N/A, 2026-03-17 20:43:13) <-- (may instantiate this module)
                        /home/ahlemzenache/Documents/polarfire-soc-video-kit-reference-design (IMG_COMP_WRITE)/VKPFSOC_JPEG_WRITE/component/work/PF_OSC_C0/PF_OSC_C0.v (N/A, 2026-03-17 20:43:13) <-- (may instantiate this module)
                        /home/ahlemzenache/Documents/polarfire-soc-video-kit-reference-design (IMG_COMP_WRITE)/VKPFSOC_JPEG_WRITE/component/work/PF_OSC_C0/PF_OSC_C0_0/PF_OSC_C0_PF_OSC_C0_0_PF_OSC.v (N/A, 2026-03-17 20:43:13) <-- (may instantiate this module)
                        /home/ahlemzenache/Documents/polarfire-soc-video-kit-reference-design (IMG_COMP_WRITE)/VKPFSOC_JPEG_WRITE/component/work/PF_XCVR_REF_CLK_C0/PF_XCVR_REF_CLK_C0.v (N/A, 2026-03-17 20:43:13) <-- (may instantiate this module)
                        /home/ahlemzenache/Documents/polarfire-soc-video-kit-reference-design (IMG_COMP_WRITE)/VKPFSOC_JPEG_WRITE/component/work/PF_XCVR_REF_CLK_C0/PF_XCVR_REF_CLK_C0_0/PF_XCVR_REF_CLK_C0_PF_XCVR_REF_CLK_C0_0_PF_XCVR_REF_CLK.v (N/A, 2026-03-17 20:43:13) <-- (may instantiate this module)
                        /home/ahlemzenache/Documents/polarfire-soc-video-kit-reference-design (IMG_COMP_WRITE)/VKPFSOC_JPEG_WRITE/component/work/VKPFSOC_TOP/VKPFSOC_TOP.v (N/A, 2026-04-27 09:22:11) <-- (may instantiate this module)
79       work.UPROM.verilog may have changed because the following files changed:
                        /home/ahlemzenache/Documents/polarfire-soc-video-kit-reference-design (IMG_COMP_WRITE)/VKPFSOC_JPEG_WRITE/component/syn_comps.v (N/A, 2026-06-07 15:51:20) <-- (module definition)
                        /home/ahlemzenache/Documents/polarfire-soc-video-kit-reference-design (IMG_COMP_WRITE)/VKPFSOC_JPEG_WRITE/component/work/CLOCKS_AND_RESETS/CLOCKS_AND_RESETS.v (N/A, 2026-03-17 20:43:17) <-- (may instantiate this module)
                        /home/ahlemzenache/Documents/polarfire-soc-video-kit-reference-design (IMG_COMP_WRITE)/VKPFSOC_JPEG_WRITE/component/work/INIT_MONITOR/INIT_MONITOR.v (N/A, 2026-03-17 20:43:10) <-- (may instantiate this module)
                        /home/ahlemzenache/Documents/polarfire-soc-video-kit-reference-design (IMG_COMP_WRITE)/VKPFSOC_JPEG_WRITE/component/work/INIT_MONITOR/INIT_MONITOR_0/INIT_MONITOR_INIT_MONITOR_0_PFSOC_INIT_MONITOR.v (N/A, 2026-03-17 20:43:10) <-- (may instantiate this module)
                        /home/ahlemzenache/Documents/polarfire-soc-video-kit-reference-design (IMG_COMP_WRITE)/VKPFSOC_JPEG_WRITE/component/work/PF_CCC_C0/PF_CCC_C0.v (N/A, 2026-03-17 20:43:12) <-- (may instantiate this module)
                        /home/ahlemzenache/Documents/polarfire-soc-video-kit-reference-design (IMG_COMP_WRITE)/VKPFSOC_JPEG_WRITE/component/work/PF_CCC_C0/PF_CCC_C0_0/PF_CCC_C0_PF_CCC_C0_0_PF_CCC.v (N/A, 2026-03-17 20:43:12) <-- (may instantiate this module)
                        /home/ahlemzenache/Documents/polarfire-soc-video-kit-reference-design (IMG_COMP_WRITE)/VKPFSOC_JPEG_WRITE/component/work/PF_CLK_DIV_C0/PF_CLK_DIV_C0.v (N/A, 2026-03-17 20:43:13) <-- (may instantiate this module)
                        /home/ahlemzenache/Documents/polarfire-soc-video-kit-reference-design (IMG_COMP_WRITE)/VKPFSOC_JPEG_WRITE/component/work/PF_CLK_DIV_C0/PF_CLK_DIV_C0_0/PF_CLK_DIV_C0_PF_CLK_DIV_C0_0_PF_CLK_DIV.v (N/A, 2026-03-17 20:43:13) <-- (may instantiate this module)
                        /home/ahlemzenache/Documents/polarfire-soc-video-kit-reference-design (IMG_COMP_WRITE)/VKPFSOC_JPEG_WRITE/component/work/PF_OSC_C0/PF_OSC_C0.v (N/A, 2026-03-17 20:43:13) <-- (may instantiate this module)
                        /home/ahlemzenache/Documents/polarfire-soc-video-kit-reference-design (IMG_COMP_WRITE)/VKPFSOC_JPEG_WRITE/component/work/PF_OSC_C0/PF_OSC_C0_0/PF_OSC_C0_PF_OSC_C0_0_PF_OSC.v (N/A, 2026-03-17 20:43:13) <-- (may instantiate this module)
                        /home/ahlemzenache/Documents/polarfire-soc-video-kit-reference-design (IMG_COMP_WRITE)/VKPFSOC_JPEG_WRITE/component/work/PF_XCVR_REF_CLK_C0/PF_XCVR_REF_CLK_C0.v (N/A, 2026-03-17 20:43:13) <-- (may instantiate this module)
                        /home/ahlemzenache/Documents/polarfire-soc-video-kit-reference-design (IMG_COMP_WRITE)/VKPFSOC_JPEG_WRITE/component/work/PF_XCVR_REF_CLK_C0/PF_XCVR_REF_CLK_C0_0/PF_XCVR_REF_CLK_C0_PF_XCVR_REF_CLK_C0_0_PF_XCVR_REF_CLK.v (N/A, 2026-03-17 20:43:13) <-- (may instantiate this module)
                        /home/ahlemzenache/Documents/polarfire-soc-video-kit-reference-design (IMG_COMP_WRITE)/VKPFSOC_JPEG_WRITE/component/work/VKPFSOC_TOP/VKPFSOC_TOP.v (N/A, 2026-04-27 09:22:11) <-- (may instantiate this module)
80       work.USPI.verilog may have changed because the following files changed:
                        /home/ahlemzenache/Documents/polarfire-soc-video-kit-reference-design (IMG_COMP_WRITE)/VKPFSOC_JPEG_WRITE/component/syn_comps.v (N/A, 2026-06-07 15:51:20) <-- (module definition)
                        /home/ahlemzenache/Documents/polarfire-soc-video-kit-reference-design (IMG_COMP_WRITE)/VKPFSOC_JPEG_WRITE/component/work/CLOCKS_AND_RESETS/CLOCKS_AND_RESETS.v (N/A, 2026-03-17 20:43:17) <-- (may instantiate this module)
                        /home/ahlemzenache/Documents/polarfire-soc-video-kit-reference-design (IMG_COMP_WRITE)/VKPFSOC_JPEG_WRITE/component/work/INIT_MONITOR/INIT_MONITOR.v (N/A, 2026-03-17 20:43:10) <-- (may instantiate this module)
                        /home/ahlemzenache/Documents/polarfire-soc-video-kit-reference-design (IMG_COMP_WRITE)/VKPFSOC_JPEG_WRITE/component/work/INIT_MONITOR/INIT_MONITOR_0/INIT_MONITOR_INIT_MONITOR_0_PFSOC_INIT_MONITOR.v (N/A, 2026-03-17 20:43:10) <-- (may instantiate this module)
                        /home/ahlemzenache/Documents/polarfire-soc-video-kit-reference-design (IMG_COMP_WRITE)/VKPFSOC_JPEG_WRITE/component/work/PF_CCC_C0/PF_CCC_C0.v (N/A, 2026-03-17 20:43:12) <-- (may instantiate this module)
                        /home/ahlemzenache/Documents/polarfire-soc-video-kit-reference-design (IMG_COMP_WRITE)/VKPFSOC_JPEG_WRITE/component/work/PF_CCC_C0/PF_CCC_C0_0/PF_CCC_C0_PF_CCC_C0_0_PF_CCC.v (N/A, 2026-03-17 20:43:12) <-- (may instantiate this module)
                        /home/ahlemzenache/Documents/polarfire-soc-video-kit-reference-design (IMG_COMP_WRITE)/VKPFSOC_JPEG_WRITE/component/work/PF_CLK_DIV_C0/PF_CLK_DIV_C0.v (N/A, 2026-03-17 20:43:13) <-- (may instantiate this module)
                        /home/ahlemzenache/Documents/polarfire-soc-video-kit-reference-design (IMG_COMP_WRITE)/VKPFSOC_JPEG_WRITE/component/work/PF_CLK_DIV_C0/PF_CLK_DIV_C0_0/PF_CLK_DIV_C0_PF_CLK_DIV_C0_0_PF_CLK_DIV.v (N/A, 2026-03-17 20:43:13) <-- (may instantiate this module)
                        /home/ahlemzenache/Documents/polarfire-soc-video-kit-reference-design (IMG_COMP_WRITE)/VKPFSOC_JPEG_WRITE/component/work/PF_OSC_C0/PF_OSC_C0.v (N/A, 2026-03-17 20:43:13) <-- (may instantiate this module)
                        /home/ahlemzenache/Documents/polarfire-soc-video-kit-reference-design (IMG_COMP_WRITE)/VKPFSOC_JPEG_WRITE/component/work/PF_OSC_C0/PF_OSC_C0_0/PF_OSC_C0_PF_OSC_C0_0_PF_OSC.v (N/A, 2026-03-17 20:43:13) <-- (may instantiate this module)
                        /home/ahlemzenache/Documents/polarfire-soc-video-kit-reference-design (IMG_COMP_WRITE)/VKPFSOC_JPEG_WRITE/component/work/PF_XCVR_REF_CLK_C0/PF_XCVR_REF_CLK_C0.v (N/A, 2026-03-17 20:43:13) <-- (may instantiate this module)
                        /home/ahlemzenache/Documents/polarfire-soc-video-kit-reference-design (IMG_COMP_WRITE)/VKPFSOC_JPEG_WRITE/component/work/PF_XCVR_REF_CLK_C0/PF_XCVR_REF_CLK_C0_0/PF_XCVR_REF_CLK_C0_PF_XCVR_REF_CLK_C0_0_PF_XCVR_REF_CLK.v (N/A, 2026-03-17 20:43:13) <-- (may instantiate this module)
                        /home/ahlemzenache/Documents/polarfire-soc-video-kit-reference-design (IMG_COMP_WRITE)/VKPFSOC_JPEG_WRITE/component/work/VKPFSOC_TOP/VKPFSOC_TOP.v (N/A, 2026-04-27 09:22:11) <-- (may instantiate this module)
81       work.VKPFSOC_TOP.verilog may have changed because the following files changed:
                        /home/ahlemzenache/Documents/polarfire-soc-video-kit-reference-design (IMG_COMP_WRITE)/VKPFSOC_JPEG_WRITE/component/work/VKPFSOC_TOP/VKPFSOC_TOP.v (N/A, 2026-04-27 09:22:11) <-- (module definition)
82       work.VOLTAGEDETECT.verilog may have changed because the following files changed:
                        /home/ahlemzenache/Documents/polarfire-soc-video-kit-reference-design (IMG_COMP_WRITE)/VKPFSOC_JPEG_WRITE/component/syn_comps.v (N/A, 2026-06-07 15:51:20) <-- (module definition)
                        /home/ahlemzenache/Documents/polarfire-soc-video-kit-reference-design (IMG_COMP_WRITE)/VKPFSOC_JPEG_WRITE/component/work/CLOCKS_AND_RESETS/CLOCKS_AND_RESETS.v (N/A, 2026-03-17 20:43:17) <-- (may instantiate this module)
                        /home/ahlemzenache/Documents/polarfire-soc-video-kit-reference-design (IMG_COMP_WRITE)/VKPFSOC_JPEG_WRITE/component/work/INIT_MONITOR/INIT_MONITOR.v (N/A, 2026-03-17 20:43:10) <-- (may instantiate this module)
                        /home/ahlemzenache/Documents/polarfire-soc-video-kit-reference-design (IMG_COMP_WRITE)/VKPFSOC_JPEG_WRITE/component/work/INIT_MONITOR/INIT_MONITOR_0/INIT_MONITOR_INIT_MONITOR_0_PFSOC_INIT_MONITOR.v (N/A, 2026-03-17 20:43:10) <-- (may instantiate this module)
                        /home/ahlemzenache/Documents/polarfire-soc-video-kit-reference-design (IMG_COMP_WRITE)/VKPFSOC_JPEG_WRITE/component/work/PF_CCC_C0/PF_CCC_C0.v (N/A, 2026-03-17 20:43:12) <-- (may instantiate this module)
                        /home/ahlemzenache/Documents/polarfire-soc-video-kit-reference-design (IMG_COMP_WRITE)/VKPFSOC_JPEG_WRITE/component/work/PF_CCC_C0/PF_CCC_C0_0/PF_CCC_C0_PF_CCC_C0_0_PF_CCC.v (N/A, 2026-03-17 20:43:12) <-- (may instantiate this module)
                        /home/ahlemzenache/Documents/polarfire-soc-video-kit-reference-design (IMG_COMP_WRITE)/VKPFSOC_JPEG_WRITE/component/work/PF_CLK_DIV_C0/PF_CLK_DIV_C0.v (N/A, 2026-03-17 20:43:13) <-- (may instantiate this module)
                        /home/ahlemzenache/Documents/polarfire-soc-video-kit-reference-design (IMG_COMP_WRITE)/VKPFSOC_JPEG_WRITE/component/work/PF_CLK_DIV_C0/PF_CLK_DIV_C0_0/PF_CLK_DIV_C0_PF_CLK_DIV_C0_0_PF_CLK_DIV.v (N/A, 2026-03-17 20:43:13) <-- (may instantiate this module)
                        /home/ahlemzenache/Documents/polarfire-soc-video-kit-reference-design (IMG_COMP_WRITE)/VKPFSOC_JPEG_WRITE/component/work/PF_OSC_C0/PF_OSC_C0.v (N/A, 2026-03-17 20:43:13) <-- (may instantiate this module)
                        /home/ahlemzenache/Documents/polarfire-soc-video-kit-reference-design (IMG_COMP_WRITE)/VKPFSOC_JPEG_WRITE/component/work/PF_OSC_C0/PF_OSC_C0_0/PF_OSC_C0_PF_OSC_C0_0_PF_OSC.v (N/A, 2026-03-17 20:43:13) <-- (may instantiate this module)
                        /home/ahlemzenache/Documents/polarfire-soc-video-kit-reference-design (IMG_COMP_WRITE)/VKPFSOC_JPEG_WRITE/component/work/PF_XCVR_REF_CLK_C0/PF_XCVR_REF_CLK_C0.v (N/A, 2026-03-17 20:43:13) <-- (may instantiate this module)
                        /home/ahlemzenache/Documents/polarfire-soc-video-kit-reference-design (IMG_COMP_WRITE)/VKPFSOC_JPEG_WRITE/component/work/PF_XCVR_REF_CLK_C0/PF_XCVR_REF_CLK_C0_0/PF_XCVR_REF_CLK_C0_PF_XCVR_REF_CLK_C0_0_PF_XCVR_REF_CLK.v (N/A, 2026-03-17 20:43:13) <-- (may instantiate this module)
                        /home/ahlemzenache/Documents/polarfire-soc-video-kit-reference-design (IMG_COMP_WRITE)/VKPFSOC_JPEG_WRITE/component/work/VKPFSOC_TOP/VKPFSOC_TOP.v (N/A, 2026-04-27 09:22:11) <-- (may instantiate this module)
83       work.VREFBANKDYN.verilog may have changed because the following files changed:
                        /home/ahlemzenache/Documents/polarfire-soc-video-kit-reference-design (IMG_COMP_WRITE)/VKPFSOC_JPEG_WRITE/component/syn_comps.v (N/A, 2026-06-07 15:51:20) <-- (module definition)
                        /home/ahlemzenache/Documents/polarfire-soc-video-kit-reference-design (IMG_COMP_WRITE)/VKPFSOC_JPEG_WRITE/component/work/CLOCKS_AND_RESETS/CLOCKS_AND_RESETS.v (N/A, 2026-03-17 20:43:17) <-- (may instantiate this module)
                        /home/ahlemzenache/Documents/polarfire-soc-video-kit-reference-design (IMG_COMP_WRITE)/VKPFSOC_JPEG_WRITE/component/work/INIT_MONITOR/INIT_MONITOR.v (N/A, 2026-03-17 20:43:10) <-- (may instantiate this module)
                        /home/ahlemzenache/Documents/polarfire-soc-video-kit-reference-design (IMG_COMP_WRITE)/VKPFSOC_JPEG_WRITE/component/work/INIT_MONITOR/INIT_MONITOR_0/INIT_MONITOR_INIT_MONITOR_0_PFSOC_INIT_MONITOR.v (N/A, 2026-03-17 20:43:10) <-- (may instantiate this module)
                        /home/ahlemzenache/Documents/polarfire-soc-video-kit-reference-design (IMG_COMP_WRITE)/VKPFSOC_JPEG_WRITE/component/work/PF_CCC_C0/PF_CCC_C0.v (N/A, 2026-03-17 20:43:12) <-- (may instantiate this module)
                        /home/ahlemzenache/Documents/polarfire-soc-video-kit-reference-design (IMG_COMP_WRITE)/VKPFSOC_JPEG_WRITE/component/work/PF_CCC_C0/PF_CCC_C0_0/PF_CCC_C0_PF_CCC_C0_0_PF_CCC.v (N/A, 2026-03-17 20:43:12) <-- (may instantiate this module)
                        /home/ahlemzenache/Documents/polarfire-soc-video-kit-reference-design (IMG_COMP_WRITE)/VKPFSOC_JPEG_WRITE/component/work/PF_CLK_DIV_C0/PF_CLK_DIV_C0.v (N/A, 2026-03-17 20:43:13) <-- (may instantiate this module)
                        /home/ahlemzenache/Documents/polarfire-soc-video-kit-reference-design (IMG_COMP_WRITE)/VKPFSOC_JPEG_WRITE/component/work/PF_CLK_DIV_C0/PF_CLK_DIV_C0_0/PF_CLK_DIV_C0_PF_CLK_DIV_C0_0_PF_CLK_DIV.v (N/A, 2026-03-17 20:43:13) <-- (may instantiate this module)
                        /home/ahlemzenache/Documents/polarfire-soc-video-kit-reference-design (IMG_COMP_WRITE)/VKPFSOC_JPEG_WRITE/component/work/PF_OSC_C0/PF_OSC_C0.v (N/A, 2026-03-17 20:43:13) <-- (may instantiate this module)
                        /home/ahlemzenache/Documents/polarfire-soc-video-kit-reference-design (IMG_COMP_WRITE)/VKPFSOC_JPEG_WRITE/component/work/PF_OSC_C0/PF_OSC_C0_0/PF_OSC_C0_PF_OSC_C0_0_PF_OSC.v (N/A, 2026-03-17 20:43:13) <-- (may instantiate this module)
                        /home/ahlemzenache/Documents/polarfire-soc-video-kit-reference-design (IMG_COMP_WRITE)/VKPFSOC_JPEG_WRITE/component/work/PF_XCVR_REF_CLK_C0/PF_XCVR_REF_CLK_C0.v (N/A, 2026-03-17 20:43:13) <-- (may instantiate this module)
                        /home/ahlemzenache/Documents/polarfire-soc-video-kit-reference-design (IMG_COMP_WRITE)/VKPFSOC_JPEG_WRITE/component/work/PF_XCVR_REF_CLK_C0/PF_XCVR_REF_CLK_C0_0/PF_XCVR_REF_CLK_C0_PF_XCVR_REF_CLK_C0_0_PF_XCVR_REF_CLK.v (N/A, 2026-03-17 20:43:13) <-- (may instantiate this module)
                        /home/ahlemzenache/Documents/polarfire-soc-video-kit-reference-design (IMG_COMP_WRITE)/VKPFSOC_JPEG_WRITE/component/work/VKPFSOC_TOP/VKPFSOC_TOP.v (N/A, 2026-04-27 09:22:11) <-- (may instantiate this module)
84       work.VREFCTRL.verilog may have changed because the following files changed:
                        /home/ahlemzenache/Documents/polarfire-soc-video-kit-reference-design (IMG_COMP_WRITE)/VKPFSOC_JPEG_WRITE/component/syn_comps.v (N/A, 2026-06-07 15:51:20) <-- (module definition)
                        /home/ahlemzenache/Documents/polarfire-soc-video-kit-reference-design (IMG_COMP_WRITE)/VKPFSOC_JPEG_WRITE/component/work/CLOCKS_AND_RESETS/CLOCKS_AND_RESETS.v (N/A, 2026-03-17 20:43:17) <-- (may instantiate this module)
                        /home/ahlemzenache/Documents/polarfire-soc-video-kit-reference-design (IMG_COMP_WRITE)/VKPFSOC_JPEG_WRITE/component/work/INIT_MONITOR/INIT_MONITOR.v (N/A, 2026-03-17 20:43:10) <-- (may instantiate this module)
                        /home/ahlemzenache/Documents/polarfire-soc-video-kit-reference-design (IMG_COMP_WRITE)/VKPFSOC_JPEG_WRITE/component/work/INIT_MONITOR/INIT_MONITOR_0/INIT_MONITOR_INIT_MONITOR_0_PFSOC_INIT_MONITOR.v (N/A, 2026-03-17 20:43:10) <-- (may instantiate this module)
                        /home/ahlemzenache/Documents/polarfire-soc-video-kit-reference-design (IMG_COMP_WRITE)/VKPFSOC_JPEG_WRITE/component/work/PF_CCC_C0/PF_CCC_C0.v (N/A, 2026-03-17 20:43:12) <-- (may instantiate this module)
                        /home/ahlemzenache/Documents/polarfire-soc-video-kit-reference-design (IMG_COMP_WRITE)/VKPFSOC_JPEG_WRITE/component/work/PF_CCC_C0/PF_CCC_C0_0/PF_CCC_C0_PF_CCC_C0_0_PF_CCC.v (N/A, 2026-03-17 20:43:12) <-- (may instantiate this module)
                        /home/ahlemzenache/Documents/polarfire-soc-video-kit-reference-design (IMG_COMP_WRITE)/VKPFSOC_JPEG_WRITE/component/work/PF_CLK_DIV_C0/PF_CLK_DIV_C0.v (N/A, 2026-03-17 20:43:13) <-- (may instantiate this module)
                        /home/ahlemzenache/Documents/polarfire-soc-video-kit-reference-design (IMG_COMP_WRITE)/VKPFSOC_JPEG_WRITE/component/work/PF_CLK_DIV_C0/PF_CLK_DIV_C0_0/PF_CLK_DIV_C0_PF_CLK_DIV_C0_0_PF_CLK_DIV.v (N/A, 2026-03-17 20:43:13) <-- (may instantiate this module)
                        /home/ahlemzenache/Documents/polarfire-soc-video-kit-reference-design (IMG_COMP_WRITE)/VKPFSOC_JPEG_WRITE/component/work/PF_OSC_C0/PF_OSC_C0.v (N/A, 2026-03-17 20:43:13) <-- (may instantiate this module)
                        /home/ahlemzenache/Documents/polarfire-soc-video-kit-reference-design (IMG_COMP_WRITE)/VKPFSOC_JPEG_WRITE/component/work/PF_OSC_C0/PF_OSC_C0_0/PF_OSC_C0_PF_OSC_C0_0_PF_OSC.v (N/A, 2026-03-17 20:43:13) <-- (may instantiate this module)
                        /home/ahlemzenache/Documents/polarfire-soc-video-kit-reference-design (IMG_COMP_WRITE)/VKPFSOC_JPEG_WRITE/component/work/PF_XCVR_REF_CLK_C0/PF_XCVR_REF_CLK_C0.v (N/A, 2026-03-17 20:43:13) <-- (may instantiate this module)
                        /home/ahlemzenache/Documents/polarfire-soc-video-kit-reference-design (IMG_COMP_WRITE)/VKPFSOC_JPEG_WRITE/component/work/PF_XCVR_REF_CLK_C0/PF_XCVR_REF_CLK_C0_0/PF_XCVR_REF_CLK_C0_PF_XCVR_REF_CLK_C0_0_PF_XCVR_REF_CLK.v (N/A, 2026-03-17 20:43:13) <-- (may instantiate this module)
                        /home/ahlemzenache/Documents/polarfire-soc-video-kit-reference-design (IMG_COMP_WRITE)/VKPFSOC_JPEG_WRITE/component/work/VKPFSOC_TOP/VKPFSOC_TOP.v (N/A, 2026-04-27 09:22:11) <-- (may instantiate this module)
85       work.XCVR.verilog may have changed because the following files changed:
                        /home/ahlemzenache/Documents/polarfire-soc-video-kit-reference-design (IMG_COMP_WRITE)/VKPFSOC_JPEG_WRITE/component/syn_comps.v (N/A, 2026-06-07 15:51:20) <-- (module definition)
                        /home/ahlemzenache/Documents/polarfire-soc-video-kit-reference-design (IMG_COMP_WRITE)/VKPFSOC_JPEG_WRITE/component/work/CLOCKS_AND_RESETS/CLOCKS_AND_RESETS.v (N/A, 2026-03-17 20:43:17) <-- (may instantiate this module)
                        /home/ahlemzenache/Documents/polarfire-soc-video-kit-reference-design (IMG_COMP_WRITE)/VKPFSOC_JPEG_WRITE/component/work/INIT_MONITOR/INIT_MONITOR.v (N/A, 2026-03-17 20:43:10) <-- (may instantiate this module)
                        /home/ahlemzenache/Documents/polarfire-soc-video-kit-reference-design (IMG_COMP_WRITE)/VKPFSOC_JPEG_WRITE/component/work/INIT_MONITOR/INIT_MONITOR_0/INIT_MONITOR_INIT_MONITOR_0_PFSOC_INIT_MONITOR.v (N/A, 2026-03-17 20:43:10) <-- (may instantiate this module)
                        /home/ahlemzenache/Documents/polarfire-soc-video-kit-reference-design (IMG_COMP_WRITE)/VKPFSOC_JPEG_WRITE/component/work/PF_CCC_C0/PF_CCC_C0.v (N/A, 2026-03-17 20:43:12) <-- (may instantiate this module)
                        /home/ahlemzenache/Documents/polarfire-soc-video-kit-reference-design (IMG_COMP_WRITE)/VKPFSOC_JPEG_WRITE/component/work/PF_CCC_C0/PF_CCC_C0_0/PF_CCC_C0_PF_CCC_C0_0_PF_CCC.v (N/A, 2026-03-17 20:43:12) <-- (may instantiate this module)
                        /home/ahlemzenache/Documents/polarfire-soc-video-kit-reference-design (IMG_COMP_WRITE)/VKPFSOC_JPEG_WRITE/component/work/PF_CLK_DIV_C0/PF_CLK_DIV_C0.v (N/A, 2026-03-17 20:43:13) <-- (may instantiate this module)
                        /home/ahlemzenache/Documents/polarfire-soc-video-kit-reference-design (IMG_COMP_WRITE)/VKPFSOC_JPEG_WRITE/component/work/PF_CLK_DIV_C0/PF_CLK_DIV_C0_0/PF_CLK_DIV_C0_PF_CLK_DIV_C0_0_PF_CLK_DIV.v (N/A, 2026-03-17 20:43:13) <-- (may instantiate this module)
                        /home/ahlemzenache/Documents/polarfire-soc-video-kit-reference-design (IMG_COMP_WRITE)/VKPFSOC_JPEG_WRITE/component/work/PF_OSC_C0/PF_OSC_C0.v (N/A, 2026-03-17 20:43:13) <-- (may instantiate this module)
                        /home/ahlemzenache/Documents/polarfire-soc-video-kit-reference-design (IMG_COMP_WRITE)/VKPFSOC_JPEG_WRITE/component/work/PF_OSC_C0/PF_OSC_C0_0/PF_OSC_C0_PF_OSC_C0_0_PF_OSC.v (N/A, 2026-03-17 20:43:13) <-- (may instantiate this module)
                        /home/ahlemzenache/Documents/polarfire-soc-video-kit-reference-design (IMG_COMP_WRITE)/VKPFSOC_JPEG_WRITE/component/work/PF_XCVR_REF_CLK_C0/PF_XCVR_REF_CLK_C0.v (N/A, 2026-03-17 20:43:13) <-- (may instantiate this module)
                        /home/ahlemzenache/Documents/polarfire-soc-video-kit-reference-design (IMG_COMP_WRITE)/VKPFSOC_JPEG_WRITE/component/work/PF_XCVR_REF_CLK_C0/PF_XCVR_REF_CLK_C0_0/PF_XCVR_REF_CLK_C0_PF_XCVR_REF_CLK_C0_0_PF_XCVR_REF_CLK.v (N/A, 2026-03-17 20:43:13) <-- (may instantiate this module)
                        /home/ahlemzenache/Documents/polarfire-soc-video-kit-reference-design (IMG_COMP_WRITE)/VKPFSOC_JPEG_WRITE/component/work/VKPFSOC_TOP/VKPFSOC_TOP.v (N/A, 2026-04-27 09:22:11) <-- (may instantiate this module)
86       work.XCVR_64B6XB.verilog may have changed because the following files changed:
                        /home/ahlemzenache/Documents/polarfire-soc-video-kit-reference-design (IMG_COMP_WRITE)/VKPFSOC_JPEG_WRITE/component/syn_comps.v (N/A, 2026-06-07 15:51:20) <-- (module definition)
                        /home/ahlemzenache/Documents/polarfire-soc-video-kit-reference-design (IMG_COMP_WRITE)/VKPFSOC_JPEG_WRITE/component/work/CLOCKS_AND_RESETS/CLOCKS_AND_RESETS.v (N/A, 2026-03-17 20:43:17) <-- (may instantiate this module)
                        /home/ahlemzenache/Documents/polarfire-soc-video-kit-reference-design (IMG_COMP_WRITE)/VKPFSOC_JPEG_WRITE/component/work/INIT_MONITOR/INIT_MONITOR.v (N/A, 2026-03-17 20:43:10) <-- (may instantiate this module)
                        /home/ahlemzenache/Documents/polarfire-soc-video-kit-reference-design (IMG_COMP_WRITE)/VKPFSOC_JPEG_WRITE/component/work/INIT_MONITOR/INIT_MONITOR_0/INIT_MONITOR_INIT_MONITOR_0_PFSOC_INIT_MONITOR.v (N/A, 2026-03-17 20:43:10) <-- (may instantiate this module)
                        /home/ahlemzenache/Documents/polarfire-soc-video-kit-reference-design (IMG_COMP_WRITE)/VKPFSOC_JPEG_WRITE/component/work/PF_CCC_C0/PF_CCC_C0.v (N/A, 2026-03-17 20:43:12) <-- (may instantiate this module)
                        /home/ahlemzenache/Documents/polarfire-soc-video-kit-reference-design (IMG_COMP_WRITE)/VKPFSOC_JPEG_WRITE/component/work/PF_CCC_C0/PF_CCC_C0_0/PF_CCC_C0_PF_CCC_C0_0_PF_CCC.v (N/A, 2026-03-17 20:43:12) <-- (may instantiate this module)
                        /home/ahlemzenache/Documents/polarfire-soc-video-kit-reference-design (IMG_COMP_WRITE)/VKPFSOC_JPEG_WRITE/component/work/PF_CLK_DIV_C0/PF_CLK_DIV_C0.v (N/A, 2026-03-17 20:43:13) <-- (may instantiate this module)
                        /home/ahlemzenache/Documents/polarfire-soc-video-kit-reference-design (IMG_COMP_WRITE)/VKPFSOC_JPEG_WRITE/component/work/PF_CLK_DIV_C0/PF_CLK_DIV_C0_0/PF_CLK_DIV_C0_PF_CLK_DIV_C0_0_PF_CLK_DIV.v (N/A, 2026-03-17 20:43:13) <-- (may instantiate this module)
                        /home/ahlemzenache/Documents/polarfire-soc-video-kit-reference-design (IMG_COMP_WRITE)/VKPFSOC_JPEG_WRITE/component/work/PF_OSC_C0/PF_OSC_C0.v (N/A, 2026-03-17 20:43:13) <-- (may instantiate this module)
                        /home/ahlemzenache/Documents/polarfire-soc-video-kit-reference-design (IMG_COMP_WRITE)/VKPFSOC_JPEG_WRITE/component/work/PF_OSC_C0/PF_OSC_C0_0/PF_OSC_C0_PF_OSC_C0_0_PF_OSC.v (N/A, 2026-03-17 20:43:13) <-- (may instantiate this module)
                        /home/ahlemzenache/Documents/polarfire-soc-video-kit-reference-design (IMG_COMP_WRITE)/VKPFSOC_JPEG_WRITE/component/work/PF_XCVR_REF_CLK_C0/PF_XCVR_REF_CLK_C0.v (N/A, 2026-03-17 20:43:13) <-- (may instantiate this module)
                        /home/ahlemzenache/Documents/polarfire-soc-video-kit-reference-design (IMG_COMP_WRITE)/VKPFSOC_JPEG_WRITE/component/work/PF_XCVR_REF_CLK_C0/PF_XCVR_REF_CLK_C0_0/PF_XCVR_REF_CLK_C0_PF_XCVR_REF_CLK_C0_0_PF_XCVR_REF_CLK.v (N/A, 2026-03-17 20:43:13) <-- (may instantiate this module)
                        /home/ahlemzenache/Documents/polarfire-soc-video-kit-reference-design (IMG_COMP_WRITE)/VKPFSOC_JPEG_WRITE/component/work/VKPFSOC_TOP/VKPFSOC_TOP.v (N/A, 2026-04-27 09:22:11) <-- (may instantiate this module)
87       work.XCVR_8B10B.verilog may have changed because the following files changed:
                        /home/ahlemzenache/Documents/polarfire-soc-video-kit-reference-design (IMG_COMP_WRITE)/VKPFSOC_JPEG_WRITE/component/syn_comps.v (N/A, 2026-06-07 15:51:20) <-- (module definition)
                        /home/ahlemzenache/Documents/polarfire-soc-video-kit-reference-design (IMG_COMP_WRITE)/VKPFSOC_JPEG_WRITE/component/work/CLOCKS_AND_RESETS/CLOCKS_AND_RESETS.v (N/A, 2026-03-17 20:43:17) <-- (may instantiate this module)
                        /home/ahlemzenache/Documents/polarfire-soc-video-kit-reference-design (IMG_COMP_WRITE)/VKPFSOC_JPEG_WRITE/component/work/INIT_MONITOR/INIT_MONITOR.v (N/A, 2026-03-17 20:43:10) <-- (may instantiate this module)
                        /home/ahlemzenache/Documents/polarfire-soc-video-kit-reference-design (IMG_COMP_WRITE)/VKPFSOC_JPEG_WRITE/component/work/INIT_MONITOR/INIT_MONITOR_0/INIT_MONITOR_INIT_MONITOR_0_PFSOC_INIT_MONITOR.v (N/A, 2026-03-17 20:43:10) <-- (may instantiate this module)
                        /home/ahlemzenache/Documents/polarfire-soc-video-kit-reference-design (IMG_COMP_WRITE)/VKPFSOC_JPEG_WRITE/component/work/PF_CCC_C0/PF_CCC_C0.v (N/A, 2026-03-17 20:43:12) <-- (may instantiate this module)
                        /home/ahlemzenache/Documents/polarfire-soc-video-kit-reference-design (IMG_COMP_WRITE)/VKPFSOC_JPEG_WRITE/component/work/PF_CCC_C0/PF_CCC_C0_0/PF_CCC_C0_PF_CCC_C0_0_PF_CCC.v (N/A, 2026-03-17 20:43:12) <-- (may instantiate this module)
                        /home/ahlemzenache/Documents/polarfire-soc-video-kit-reference-design (IMG_COMP_WRITE)/VKPFSOC_JPEG_WRITE/component/work/PF_CLK_DIV_C0/PF_CLK_DIV_C0.v (N/A, 2026-03-17 20:43:13) <-- (may instantiate this module)
                        /home/ahlemzenache/Documents/polarfire-soc-video-kit-reference-design (IMG_COMP_WRITE)/VKPFSOC_JPEG_WRITE/component/work/PF_CLK_DIV_C0/PF_CLK_DIV_C0_0/PF_CLK_DIV_C0_PF_CLK_DIV_C0_0_PF_CLK_DIV.v (N/A, 2026-03-17 20:43:13) <-- (may instantiate this module)
                        /home/ahlemzenache/Documents/polarfire-soc-video-kit-reference-design (IMG_COMP_WRITE)/VKPFSOC_JPEG_WRITE/component/work/PF_OSC_C0/PF_OSC_C0.v (N/A, 2026-03-17 20:43:13) <-- (may instantiate this module)
                        /home/ahlemzenache/Documents/polarfire-soc-video-kit-reference-design (IMG_COMP_WRITE)/VKPFSOC_JPEG_WRITE/component/work/PF_OSC_C0/PF_OSC_C0_0/PF_OSC_C0_PF_OSC_C0_0_PF_OSC.v (N/A, 2026-03-17 20:43:13) <-- (may instantiate this module)
                        /home/ahlemzenache/Documents/polarfire-soc-video-kit-reference-design (IMG_COMP_WRITE)/VKPFSOC_JPEG_WRITE/component/work/PF_XCVR_REF_CLK_C0/PF_XCVR_REF_CLK_C0.v (N/A, 2026-03-17 20:43:13) <-- (may instantiate this module)
                        /home/ahlemzenache/Documents/polarfire-soc-video-kit-reference-design (IMG_COMP_WRITE)/VKPFSOC_JPEG_WRITE/component/work/PF_XCVR_REF_CLK_C0/PF_XCVR_REF_CLK_C0_0/PF_XCVR_REF_CLK_C0_PF_XCVR_REF_CLK_C0_0_PF_XCVR_REF_CLK.v (N/A, 2026-03-17 20:43:13) <-- (may instantiate this module)
                        /home/ahlemzenache/Documents/polarfire-soc-video-kit-reference-design (IMG_COMP_WRITE)/VKPFSOC_JPEG_WRITE/component/work/VKPFSOC_TOP/VKPFSOC_TOP.v (N/A, 2026-04-27 09:22:11) <-- (may instantiate this module)
88       work.XCVR_APB_LINK.verilog may have changed because the following files changed:
                        /home/ahlemzenache/Documents/polarfire-soc-video-kit-reference-design (IMG_COMP_WRITE)/VKPFSOC_JPEG_WRITE/component/syn_comps.v (N/A, 2026-06-07 15:51:20) <-- (module definition)
                        /home/ahlemzenache/Documents/polarfire-soc-video-kit-reference-design (IMG_COMP_WRITE)/VKPFSOC_JPEG_WRITE/component/work/CLOCKS_AND_RESETS/CLOCKS_AND_RESETS.v (N/A, 2026-03-17 20:43:17) <-- (may instantiate this module)
                        /home/ahlemzenache/Documents/polarfire-soc-video-kit-reference-design (IMG_COMP_WRITE)/VKPFSOC_JPEG_WRITE/component/work/INIT_MONITOR/INIT_MONITOR.v (N/A, 2026-03-17 20:43:10) <-- (may instantiate this module)
                        /home/ahlemzenache/Documents/polarfire-soc-video-kit-reference-design (IMG_COMP_WRITE)/VKPFSOC_JPEG_WRITE/component/work/INIT_MONITOR/INIT_MONITOR_0/INIT_MONITOR_INIT_MONITOR_0_PFSOC_INIT_MONITOR.v (N/A, 2026-03-17 20:43:10) <-- (may instantiate this module)
                        /home/ahlemzenache/Documents/polarfire-soc-video-kit-reference-design (IMG_COMP_WRITE)/VKPFSOC_JPEG_WRITE/component/work/PF_CCC_C0/PF_CCC_C0.v (N/A, 2026-03-17 20:43:12) <-- (may instantiate this module)
                        /home/ahlemzenache/Documents/polarfire-soc-video-kit-reference-design (IMG_COMP_WRITE)/VKPFSOC_JPEG_WRITE/component/work/PF_CCC_C0/PF_CCC_C0_0/PF_CCC_C0_PF_CCC_C0_0_PF_CCC.v (N/A, 2026-03-17 20:43:12) <-- (may instantiate this module)
                        /home/ahlemzenache/Documents/polarfire-soc-video-kit-reference-design (IMG_COMP_WRITE)/VKPFSOC_JPEG_WRITE/component/work/PF_CLK_DIV_C0/PF_CLK_DIV_C0.v (N/A, 2026-03-17 20:43:13) <-- (may instantiate this module)
                        /home/ahlemzenache/Documents/polarfire-soc-video-kit-reference-design (IMG_COMP_WRITE)/VKPFSOC_JPEG_WRITE/component/work/PF_CLK_DIV_C0/PF_CLK_DIV_C0_0/PF_CLK_DIV_C0_PF_CLK_DIV_C0_0_PF_CLK_DIV.v (N/A, 2026-03-17 20:43:13) <-- (may instantiate this module)
                        /home/ahlemzenache/Documents/polarfire-soc-video-kit-reference-design (IMG_COMP_WRITE)/VKPFSOC_JPEG_WRITE/component/work/PF_OSC_C0/PF_OSC_C0.v (N/A, 2026-03-17 20:43:13) <-- (may instantiate this module)
                        /home/ahlemzenache/Documents/polarfire-soc-video-kit-reference-design (IMG_COMP_WRITE)/VKPFSOC_JPEG_WRITE/component/work/PF_OSC_C0/PF_OSC_C0_0/PF_OSC_C0_PF_OSC_C0_0_PF_OSC.v (N/A, 2026-03-17 20:43:13) <-- (may instantiate this module)
                        /home/ahlemzenache/Documents/polarfire-soc-video-kit-reference-design (IMG_COMP_WRITE)/VKPFSOC_JPEG_WRITE/component/work/PF_XCVR_REF_CLK_C0/PF_XCVR_REF_CLK_C0.v (N/A, 2026-03-17 20:43:13) <-- (may instantiate this module)
                        /home/ahlemzenache/Documents/polarfire-soc-video-kit-reference-design (IMG_COMP_WRITE)/VKPFSOC_JPEG_WRITE/component/work/PF_XCVR_REF_CLK_C0/PF_XCVR_REF_CLK_C0_0/PF_XCVR_REF_CLK_C0_PF_XCVR_REF_CLK_C0_0_PF_XCVR_REF_CLK.v (N/A, 2026-03-17 20:43:13) <-- (may instantiate this module)
                        /home/ahlemzenache/Documents/polarfire-soc-video-kit-reference-design (IMG_COMP_WRITE)/VKPFSOC_JPEG_WRITE/component/work/VKPFSOC_TOP/VKPFSOC_TOP.v (N/A, 2026-04-27 09:22:11) <-- (may instantiate this module)
89       work.XCVR_APB_LINK_V.verilog may have changed because the following files changed:
                        /home/ahlemzenache/Documents/polarfire-soc-video-kit-reference-design (IMG_COMP_WRITE)/VKPFSOC_JPEG_WRITE/component/syn_comps.v (N/A, 2026-06-07 15:51:20) <-- (module definition)
                        /home/ahlemzenache/Documents/polarfire-soc-video-kit-reference-design (IMG_COMP_WRITE)/VKPFSOC_JPEG_WRITE/component/work/CLOCKS_AND_RESETS/CLOCKS_AND_RESETS.v (N/A, 2026-03-17 20:43:17) <-- (may instantiate this module)
                        /home/ahlemzenache/Documents/polarfire-soc-video-kit-reference-design (IMG_COMP_WRITE)/VKPFSOC_JPEG_WRITE/component/work/INIT_MONITOR/INIT_MONITOR.v (N/A, 2026-03-17 20:43:10) <-- (may instantiate this module)
                        /home/ahlemzenache/Documents/polarfire-soc-video-kit-reference-design (IMG_COMP_WRITE)/VKPFSOC_JPEG_WRITE/component/work/INIT_MONITOR/INIT_MONITOR_0/INIT_MONITOR_INIT_MONITOR_0_PFSOC_INIT_MONITOR.v (N/A, 2026-03-17 20:43:10) <-- (may instantiate this module)
                        /home/ahlemzenache/Documents/polarfire-soc-video-kit-reference-design (IMG_COMP_WRITE)/VKPFSOC_JPEG_WRITE/component/work/PF_CCC_C0/PF_CCC_C0.v (N/A, 2026-03-17 20:43:12) <-- (may instantiate this module)
                        /home/ahlemzenache/Documents/polarfire-soc-video-kit-reference-design (IMG_COMP_WRITE)/VKPFSOC_JPEG_WRITE/component/work/PF_CCC_C0/PF_CCC_C0_0/PF_CCC_C0_PF_CCC_C0_0_PF_CCC.v (N/A, 2026-03-17 20:43:12) <-- (may instantiate this module)
                        /home/ahlemzenache/Documents/polarfire-soc-video-kit-reference-design (IMG_COMP_WRITE)/VKPFSOC_JPEG_WRITE/component/work/PF_CLK_DIV_C0/PF_CLK_DIV_C0.v (N/A, 2026-03-17 20:43:13) <-- (may instantiate this module)
                        /home/ahlemzenache/Documents/polarfire-soc-video-kit-reference-design (IMG_COMP_WRITE)/VKPFSOC_JPEG_WRITE/component/work/PF_CLK_DIV_C0/PF_CLK_DIV_C0_0/PF_CLK_DIV_C0_PF_CLK_DIV_C0_0_PF_CLK_DIV.v (N/A, 2026-03-17 20:43:13) <-- (may instantiate this module)
                        /home/ahlemzenache/Documents/polarfire-soc-video-kit-reference-design (IMG_COMP_WRITE)/VKPFSOC_JPEG_WRITE/component/work/PF_OSC_C0/PF_OSC_C0.v (N/A, 2026-03-17 20:43:13) <-- (may instantiate this module)
                        /home/ahlemzenache/Documents/polarfire-soc-video-kit-reference-design (IMG_COMP_WRITE)/VKPFSOC_JPEG_WRITE/component/work/PF_OSC_C0/PF_OSC_C0_0/PF_OSC_C0_PF_OSC_C0_0_PF_OSC.v (N/A, 2026-03-17 20:43:13) <-- (may instantiate this module)
                        /home/ahlemzenache/Documents/polarfire-soc-video-kit-reference-design (IMG_COMP_WRITE)/VKPFSOC_JPEG_WRITE/component/work/PF_XCVR_REF_CLK_C0/PF_XCVR_REF_CLK_C0.v (N/A, 2026-03-17 20:43:13) <-- (may instantiate this module)
                        /home/ahlemzenache/Documents/polarfire-soc-video-kit-reference-design (IMG_COMP_WRITE)/VKPFSOC_JPEG_WRITE/component/work/PF_XCVR_REF_CLK_C0/PF_XCVR_REF_CLK_C0_0/PF_XCVR_REF_CLK_C0_PF_XCVR_REF_CLK_C0_0_PF_XCVR_REF_CLK.v (N/A, 2026-03-17 20:43:13) <-- (may instantiate this module)
                        /home/ahlemzenache/Documents/polarfire-soc-video-kit-reference-design (IMG_COMP_WRITE)/VKPFSOC_JPEG_WRITE/component/work/VKPFSOC_TOP/VKPFSOC_TOP.v (N/A, 2026-04-27 09:22:11) <-- (may instantiate this module)
90       work.XCVR_APB_LINK_V2.verilog may have changed because the following files changed:
                        /home/ahlemzenache/Documents/polarfire-soc-video-kit-reference-design (IMG_COMP_WRITE)/VKPFSOC_JPEG_WRITE/component/syn_comps.v (N/A, 2026-06-07 15:51:20) <-- (module definition)
                        /home/ahlemzenache/Documents/polarfire-soc-video-kit-reference-design (IMG_COMP_WRITE)/VKPFSOC_JPEG_WRITE/component/work/CLOCKS_AND_RESETS/CLOCKS_AND_RESETS.v (N/A, 2026-03-17 20:43:17) <-- (may instantiate this module)
                        /home/ahlemzenache/Documents/polarfire-soc-video-kit-reference-design (IMG_COMP_WRITE)/VKPFSOC_JPEG_WRITE/component/work/INIT_MONITOR/INIT_MONITOR.v (N/A, 2026-03-17 20:43:10) <-- (may instantiate this module)
                        /home/ahlemzenache/Documents/polarfire-soc-video-kit-reference-design (IMG_COMP_WRITE)/VKPFSOC_JPEG_WRITE/component/work/INIT_MONITOR/INIT_MONITOR_0/INIT_MONITOR_INIT_MONITOR_0_PFSOC_INIT_MONITOR.v (N/A, 2026-03-17 20:43:10) <-- (may instantiate this module)
                        /home/ahlemzenache/Documents/polarfire-soc-video-kit-reference-design (IMG_COMP_WRITE)/VKPFSOC_JPEG_WRITE/component/work/PF_CCC_C0/PF_CCC_C0.v (N/A, 2026-03-17 20:43:12) <-- (may instantiate this module)
                        /home/ahlemzenache/Documents/polarfire-soc-video-kit-reference-design (IMG_COMP_WRITE)/VKPFSOC_JPEG_WRITE/component/work/PF_CCC_C0/PF_CCC_C0_0/PF_CCC_C0_PF_CCC_C0_0_PF_CCC.v (N/A, 2026-03-17 20:43:12) <-- (may instantiate this module)
                        /home/ahlemzenache/Documents/polarfire-soc-video-kit-reference-design (IMG_COMP_WRITE)/VKPFSOC_JPEG_WRITE/component/work/PF_CLK_DIV_C0/PF_CLK_DIV_C0.v (N/A, 2026-03-17 20:43:13) <-- (may instantiate this module)
                        /home/ahlemzenache/Documents/polarfire-soc-video-kit-reference-design (IMG_COMP_WRITE)/VKPFSOC_JPEG_WRITE/component/work/PF_CLK_DIV_C0/PF_CLK_DIV_C0_0/PF_CLK_DIV_C0_PF_CLK_DIV_C0_0_PF_CLK_DIV.v (N/A, 2026-03-17 20:43:13) <-- (may instantiate this module)
                        /home/ahlemzenache/Documents/polarfire-soc-video-kit-reference-design (IMG_COMP_WRITE)/VKPFSOC_JPEG_WRITE/component/work/PF_OSC_C0/PF_OSC_C0.v (N/A, 2026-03-17 20:43:13) <-- (may instantiate this module)
                        /home/ahlemzenache/Documents/polarfire-soc-video-kit-reference-design (IMG_COMP_WRITE)/VKPFSOC_JPEG_WRITE/component/work/PF_OSC_C0/PF_OSC_C0_0/PF_OSC_C0_PF_OSC_C0_0_PF_OSC.v (N/A, 2026-03-17 20:43:13) <-- (may instantiate this module)
                        /home/ahlemzenache/Documents/polarfire-soc-video-kit-reference-design (IMG_COMP_WRITE)/VKPFSOC_JPEG_WRITE/component/work/PF_XCVR_REF_CLK_C0/PF_XCVR_REF_CLK_C0.v (N/A, 2026-03-17 20:43:13) <-- (may instantiate this module)
                        /home/ahlemzenache/Documents/polarfire-soc-video-kit-reference-design (IMG_COMP_WRITE)/VKPFSOC_JPEG_WRITE/component/work/PF_XCVR_REF_CLK_C0/PF_XCVR_REF_CLK_C0_0/PF_XCVR_REF_CLK_C0_PF_XCVR_REF_CLK_C0_0_PF_XCVR_REF_CLK.v (N/A, 2026-03-17 20:43:13) <-- (may instantiate this module)
                        /home/ahlemzenache/Documents/polarfire-soc-video-kit-reference-design (IMG_COMP_WRITE)/VKPFSOC_JPEG_WRITE/component/work/VKPFSOC_TOP/VKPFSOC_TOP.v (N/A, 2026-04-27 09:22:11) <-- (may instantiate this module)
91       work.XCVR_DUAL_PCS.verilog may have changed because the following files changed:
                        /home/ahlemzenache/Documents/polarfire-soc-video-kit-reference-design (IMG_COMP_WRITE)/VKPFSOC_JPEG_WRITE/component/syn_comps.v (N/A, 2026-06-07 15:51:20) <-- (module definition)
                        /home/ahlemzenache/Documents/polarfire-soc-video-kit-reference-design (IMG_COMP_WRITE)/VKPFSOC_JPEG_WRITE/component/work/CLOCKS_AND_RESETS/CLOCKS_AND_RESETS.v (N/A, 2026-03-17 20:43:17) <-- (may instantiate this module)
                        /home/ahlemzenache/Documents/polarfire-soc-video-kit-reference-design (IMG_COMP_WRITE)/VKPFSOC_JPEG_WRITE/component/work/INIT_MONITOR/INIT_MONITOR.v (N/A, 2026-03-17 20:43:10) <-- (may instantiate this module)
                        /home/ahlemzenache/Documents/polarfire-soc-video-kit-reference-design (IMG_COMP_WRITE)/VKPFSOC_JPEG_WRITE/component/work/INIT_MONITOR/INIT_MONITOR_0/INIT_MONITOR_INIT_MONITOR_0_PFSOC_INIT_MONITOR.v (N/A, 2026-03-17 20:43:10) <-- (may instantiate this module)
                        /home/ahlemzenache/Documents/polarfire-soc-video-kit-reference-design (IMG_COMP_WRITE)/VKPFSOC_JPEG_WRITE/component/work/PF_CCC_C0/PF_CCC_C0.v (N/A, 2026-03-17 20:43:12) <-- (may instantiate this module)
                        /home/ahlemzenache/Documents/polarfire-soc-video-kit-reference-design (IMG_COMP_WRITE)/VKPFSOC_JPEG_WRITE/component/work/PF_CCC_C0/PF_CCC_C0_0/PF_CCC_C0_PF_CCC_C0_0_PF_CCC.v (N/A, 2026-03-17 20:43:12) <-- (may instantiate this module)
                        /home/ahlemzenache/Documents/polarfire-soc-video-kit-reference-design (IMG_COMP_WRITE)/VKPFSOC_JPEG_WRITE/component/work/PF_CLK_DIV_C0/PF_CLK_DIV_C0.v (N/A, 2026-03-17 20:43:13) <-- (may instantiate this module)
                        /home/ahlemzenache/Documents/polarfire-soc-video-kit-reference-design (IMG_COMP_WRITE)/VKPFSOC_JPEG_WRITE/component/work/PF_CLK_DIV_C0/PF_CLK_DIV_C0_0/PF_CLK_DIV_C0_PF_CLK_DIV_C0_0_PF_CLK_DIV.v (N/A, 2026-03-17 20:43:13) <-- (may instantiate this module)
                        /home/ahlemzenache/Documents/polarfire-soc-video-kit-reference-design (IMG_COMP_WRITE)/VKPFSOC_JPEG_WRITE/component/work/PF_OSC_C0/PF_OSC_C0.v (N/A, 2026-03-17 20:43:13) <-- (may instantiate this module)
                        /home/ahlemzenache/Documents/polarfire-soc-video-kit-reference-design (IMG_COMP_WRITE)/VKPFSOC_JPEG_WRITE/component/work/PF_OSC_C0/PF_OSC_C0_0/PF_OSC_C0_PF_OSC_C0_0_PF_OSC.v (N/A, 2026-03-17 20:43:13) <-- (may instantiate this module)
                        /home/ahlemzenache/Documents/polarfire-soc-video-kit-reference-design (IMG_COMP_WRITE)/VKPFSOC_JPEG_WRITE/component/work/PF_XCVR_REF_CLK_C0/PF_XCVR_REF_CLK_C0.v (N/A, 2026-03-17 20:43:13) <-- (may instantiate this module)
                        /home/ahlemzenache/Documents/polarfire-soc-video-kit-reference-design (IMG_COMP_WRITE)/VKPFSOC_JPEG_WRITE/component/work/PF_XCVR_REF_CLK_C0/PF_XCVR_REF_CLK_C0_0/PF_XCVR_REF_CLK_C0_PF_XCVR_REF_CLK_C0_0_PF_XCVR_REF_CLK.v (N/A, 2026-03-17 20:43:13) <-- (may instantiate this module)
                        /home/ahlemzenache/Documents/polarfire-soc-video-kit-reference-design (IMG_COMP_WRITE)/VKPFSOC_JPEG_WRITE/component/work/VKPFSOC_TOP/VKPFSOC_TOP.v (N/A, 2026-04-27 09:22:11) <-- (may instantiate this module)
92       work.XCVR_PIPE.verilog may have changed because the following files changed:
                        /home/ahlemzenache/Documents/polarfire-soc-video-kit-reference-design (IMG_COMP_WRITE)/VKPFSOC_JPEG_WRITE/component/syn_comps.v (N/A, 2026-06-07 15:51:20) <-- (module definition)
                        /home/ahlemzenache/Documents/polarfire-soc-video-kit-reference-design (IMG_COMP_WRITE)/VKPFSOC_JPEG_WRITE/component/work/CLOCKS_AND_RESETS/CLOCKS_AND_RESETS.v (N/A, 2026-03-17 20:43:17) <-- (may instantiate this module)
                        /home/ahlemzenache/Documents/polarfire-soc-video-kit-reference-design (IMG_COMP_WRITE)/VKPFSOC_JPEG_WRITE/component/work/INIT_MONITOR/INIT_MONITOR.v (N/A, 2026-03-17 20:43:10) <-- (may instantiate this module)
                        /home/ahlemzenache/Documents/polarfire-soc-video-kit-reference-design (IMG_COMP_WRITE)/VKPFSOC_JPEG_WRITE/component/work/INIT_MONITOR/INIT_MONITOR_0/INIT_MONITOR_INIT_MONITOR_0_PFSOC_INIT_MONITOR.v (N/A, 2026-03-17 20:43:10) <-- (may instantiate this module)
                        /home/ahlemzenache/Documents/polarfire-soc-video-kit-reference-design (IMG_COMP_WRITE)/VKPFSOC_JPEG_WRITE/component/work/PF_CCC_C0/PF_CCC_C0.v (N/A, 2026-03-17 20:43:12) <-- (may instantiate this module)
                        /home/ahlemzenache/Documents/polarfire-soc-video-kit-reference-design (IMG_COMP_WRITE)/VKPFSOC_JPEG_WRITE/component/work/PF_CCC_C0/PF_CCC_C0_0/PF_CCC_C0_PF_CCC_C0_0_PF_CCC.v (N/A, 2026-03-17 20:43:12) <-- (may instantiate this module)
                        /home/ahlemzenache/Documents/polarfire-soc-video-kit-reference-design (IMG_COMP_WRITE)/VKPFSOC_JPEG_WRITE/component/work/PF_CLK_DIV_C0/PF_CLK_DIV_C0.v (N/A, 2026-03-17 20:43:13) <-- (may instantiate this module)
                        /home/ahlemzenache/Documents/polarfire-soc-video-kit-reference-design (IMG_COMP_WRITE)/VKPFSOC_JPEG_WRITE/component/work/PF_CLK_DIV_C0/PF_CLK_DIV_C0_0/PF_CLK_DIV_C0_PF_CLK_DIV_C0_0_PF_CLK_DIV.v (N/A, 2026-03-17 20:43:13) <-- (may instantiate this module)
                        /home/ahlemzenache/Documents/polarfire-soc-video-kit-reference-design (IMG_COMP_WRITE)/VKPFSOC_JPEG_WRITE/component/work/PF_OSC_C0/PF_OSC_C0.v (N/A, 2026-03-17 20:43:13) <-- (may instantiate this module)
                        /home/ahlemzenache/Documents/polarfire-soc-video-kit-reference-design (IMG_COMP_WRITE)/VKPFSOC_JPEG_WRITE/component/work/PF_OSC_C0/PF_OSC_C0_0/PF_OSC_C0_PF_OSC_C0_0_PF_OSC.v (N/A, 2026-03-17 20:43:13) <-- (may instantiate this module)
                        /home/ahlemzenache/Documents/polarfire-soc-video-kit-reference-design (IMG_COMP_WRITE)/VKPFSOC_JPEG_WRITE/component/work/PF_XCVR_REF_CLK_C0/PF_XCVR_REF_CLK_C0.v (N/A, 2026-03-17 20:43:13) <-- (may instantiate this module)
                        /home/ahlemzenache/Documents/polarfire-soc-video-kit-reference-design (IMG_COMP_WRITE)/VKPFSOC_JPEG_WRITE/component/work/PF_XCVR_REF_CLK_C0/PF_XCVR_REF_CLK_C0_0/PF_XCVR_REF_CLK_C0_PF_XCVR_REF_CLK_C0_0_PF_XCVR_REF_CLK.v (N/A, 2026-03-17 20:43:13) <-- (may instantiate this module)
                        /home/ahlemzenache/Documents/polarfire-soc-video-kit-reference-design (IMG_COMP_WRITE)/VKPFSOC_JPEG_WRITE/component/work/VKPFSOC_TOP/VKPFSOC_TOP.v (N/A, 2026-04-27 09:22:11) <-- (may instantiate this module)
93       work.XCVR_PIPE_AXI0.verilog may have changed because the following files changed:
                        /home/ahlemzenache/Documents/polarfire-soc-video-kit-reference-design (IMG_COMP_WRITE)/VKPFSOC_JPEG_WRITE/component/syn_comps.v (N/A, 2026-06-07 15:51:20) <-- (module definition)
                        /home/ahlemzenache/Documents/polarfire-soc-video-kit-reference-design (IMG_COMP_WRITE)/VKPFSOC_JPEG_WRITE/component/work/CLOCKS_AND_RESETS/CLOCKS_AND_RESETS.v (N/A, 2026-03-17 20:43:17) <-- (may instantiate this module)
                        /home/ahlemzenache/Documents/polarfire-soc-video-kit-reference-design (IMG_COMP_WRITE)/VKPFSOC_JPEG_WRITE/component/work/INIT_MONITOR/INIT_MONITOR.v (N/A, 2026-03-17 20:43:10) <-- (may instantiate this module)
                        /home/ahlemzenache/Documents/polarfire-soc-video-kit-reference-design (IMG_COMP_WRITE)/VKPFSOC_JPEG_WRITE/component/work/INIT_MONITOR/INIT_MONITOR_0/INIT_MONITOR_INIT_MONITOR_0_PFSOC_INIT_MONITOR.v (N/A, 2026-03-17 20:43:10) <-- (may instantiate this module)
                        /home/ahlemzenache/Documents/polarfire-soc-video-kit-reference-design (IMG_COMP_WRITE)/VKPFSOC_JPEG_WRITE/component/work/PF_CCC_C0/PF_CCC_C0.v (N/A, 2026-03-17 20:43:12) <-- (may instantiate this module)
                        /home/ahlemzenache/Documents/polarfire-soc-video-kit-reference-design (IMG_COMP_WRITE)/VKPFSOC_JPEG_WRITE/component/work/PF_CCC_C0/PF_CCC_C0_0/PF_CCC_C0_PF_CCC_C0_0_PF_CCC.v (N/A, 2026-03-17 20:43:12) <-- (may instantiate this module)
                        /home/ahlemzenache/Documents/polarfire-soc-video-kit-reference-design (IMG_COMP_WRITE)/VKPFSOC_JPEG_WRITE/component/work/PF_CLK_DIV_C0/PF_CLK_DIV_C0.v (N/A, 2026-03-17 20:43:13) <-- (may instantiate this module)
                        /home/ahlemzenache/Documents/polarfire-soc-video-kit-reference-design (IMG_COMP_WRITE)/VKPFSOC_JPEG_WRITE/component/work/PF_CLK_DIV_C0/PF_CLK_DIV_C0_0/PF_CLK_DIV_C0_PF_CLK_DIV_C0_0_PF_CLK_DIV.v (N/A, 2026-03-17 20:43:13) <-- (may instantiate this module)
                        /home/ahlemzenache/Documents/polarfire-soc-video-kit-reference-design (IMG_COMP_WRITE)/VKPFSOC_JPEG_WRITE/component/work/PF_OSC_C0/PF_OSC_C0.v (N/A, 2026-03-17 20:43:13) <-- (may instantiate this module)
                        /home/ahlemzenache/Documents/polarfire-soc-video-kit-reference-design (IMG_COMP_WRITE)/VKPFSOC_JPEG_WRITE/component/work/PF_OSC_C0/PF_OSC_C0_0/PF_OSC_C0_PF_OSC_C0_0_PF_OSC.v (N/A, 2026-03-17 20:43:13) <-- (may instantiate this module)
                        /home/ahlemzenache/Documents/polarfire-soc-video-kit-reference-design (IMG_COMP_WRITE)/VKPFSOC_JPEG_WRITE/component/work/PF_XCVR_REF_CLK_C0/PF_XCVR_REF_CLK_C0.v (N/A, 2026-03-17 20:43:13) <-- (may instantiate this module)
                        /home/ahlemzenache/Documents/polarfire-soc-video-kit-reference-design (IMG_COMP_WRITE)/VKPFSOC_JPEG_WRITE/component/work/PF_XCVR_REF_CLK_C0/PF_XCVR_REF_CLK_C0_0/PF_XCVR_REF_CLK_C0_PF_XCVR_REF_CLK_C0_0_PF_XCVR_REF_CLK.v (N/A, 2026-03-17 20:43:13) <-- (may instantiate this module)
                        /home/ahlemzenache/Documents/polarfire-soc-video-kit-reference-design (IMG_COMP_WRITE)/VKPFSOC_JPEG_WRITE/component/work/VKPFSOC_TOP/VKPFSOC_TOP.v (N/A, 2026-04-27 09:22:11) <-- (may instantiate this module)
94       work.XCVR_PIPE_AXI1.verilog may have changed because the following files changed:
                        /home/ahlemzenache/Documents/polarfire-soc-video-kit-reference-design (IMG_COMP_WRITE)/VKPFSOC_JPEG_WRITE/component/syn_comps.v (N/A, 2026-06-07 15:51:20) <-- (module definition)
                        /home/ahlemzenache/Documents/polarfire-soc-video-kit-reference-design (IMG_COMP_WRITE)/VKPFSOC_JPEG_WRITE/component/work/CLOCKS_AND_RESETS/CLOCKS_AND_RESETS.v (N/A, 2026-03-17 20:43:17) <-- (may instantiate this module)
                        /home/ahlemzenache/Documents/polarfire-soc-video-kit-reference-design (IMG_COMP_WRITE)/VKPFSOC_JPEG_WRITE/component/work/INIT_MONITOR/INIT_MONITOR.v (N/A, 2026-03-17 20:43:10) <-- (may instantiate this module)
                        /home/ahlemzenache/Documents/polarfire-soc-video-kit-reference-design (IMG_COMP_WRITE)/VKPFSOC_JPEG_WRITE/component/work/INIT_MONITOR/INIT_MONITOR_0/INIT_MONITOR_INIT_MONITOR_0_PFSOC_INIT_MONITOR.v (N/A, 2026-03-17 20:43:10) <-- (may instantiate this module)
                        /home/ahlemzenache/Documents/polarfire-soc-video-kit-reference-design (IMG_COMP_WRITE)/VKPFSOC_JPEG_WRITE/component/work/PF_CCC_C0/PF_CCC_C0.v (N/A, 2026-03-17 20:43:12) <-- (may instantiate this module)
                        /home/ahlemzenache/Documents/polarfire-soc-video-kit-reference-design (IMG_COMP_WRITE)/VKPFSOC_JPEG_WRITE/component/work/PF_CCC_C0/PF_CCC_C0_0/PF_CCC_C0_PF_CCC_C0_0_PF_CCC.v (N/A, 2026-03-17 20:43:12) <-- (may instantiate this module)
                        /home/ahlemzenache/Documents/polarfire-soc-video-kit-reference-design (IMG_COMP_WRITE)/VKPFSOC_JPEG_WRITE/component/work/PF_CLK_DIV_C0/PF_CLK_DIV_C0.v (N/A, 2026-03-17 20:43:13) <-- (may instantiate this module)
                        /home/ahlemzenache/Documents/polarfire-soc-video-kit-reference-design (IMG_COMP_WRITE)/VKPFSOC_JPEG_WRITE/component/work/PF_CLK_DIV_C0/PF_CLK_DIV_C0_0/PF_CLK_DIV_C0_PF_CLK_DIV_C0_0_PF_CLK_DIV.v (N/A, 2026-03-17 20:43:13) <-- (may instantiate this module)
                        /home/ahlemzenache/Documents/polarfire-soc-video-kit-reference-design (IMG_COMP_WRITE)/VKPFSOC_JPEG_WRITE/component/work/PF_OSC_C0/PF_OSC_C0.v (N/A, 2026-03-17 20:43:13) <-- (may instantiate this module)
                        /home/ahlemzenache/Documents/polarfire-soc-video-kit-reference-design (IMG_COMP_WRITE)/VKPFSOC_JPEG_WRITE/component/work/PF_OSC_C0/PF_OSC_C0_0/PF_OSC_C0_PF_OSC_C0_0_PF_OSC.v (N/A, 2026-03-17 20:43:13) <-- (may instantiate this module)
                        /home/ahlemzenache/Documents/polarfire-soc-video-kit-reference-design (IMG_COMP_WRITE)/VKPFSOC_JPEG_WRITE/component/work/PF_XCVR_REF_CLK_C0/PF_XCVR_REF_CLK_C0.v (N/A, 2026-03-17 20:43:13) <-- (may instantiate this module)
                        /home/ahlemzenache/Documents/polarfire-soc-video-kit-reference-design (IMG_COMP_WRITE)/VKPFSOC_JPEG_WRITE/component/work/PF_XCVR_REF_CLK_C0/PF_XCVR_REF_CLK_C0_0/PF_XCVR_REF_CLK_C0_PF_XCVR_REF_CLK_C0_0_PF_XCVR_REF_CLK.v (N/A, 2026-03-17 20:43:13) <-- (may instantiate this module)
                        /home/ahlemzenache/Documents/polarfire-soc-video-kit-reference-design (IMG_COMP_WRITE)/VKPFSOC_JPEG_WRITE/component/work/VKPFSOC_TOP/VKPFSOC_TOP.v (N/A, 2026-04-27 09:22:11) <-- (may instantiate this module)
95       work.XCVR_PMA.verilog may have changed because the following files changed:
                        /home/ahlemzenache/Documents/polarfire-soc-video-kit-reference-design (IMG_COMP_WRITE)/VKPFSOC_JPEG_WRITE/component/syn_comps.v (N/A, 2026-06-07 15:51:20) <-- (module definition)
                        /home/ahlemzenache/Documents/polarfire-soc-video-kit-reference-design (IMG_COMP_WRITE)/VKPFSOC_JPEG_WRITE/component/work/CLOCKS_AND_RESETS/CLOCKS_AND_RESETS.v (N/A, 2026-03-17 20:43:17) <-- (may instantiate this module)
                        /home/ahlemzenache/Documents/polarfire-soc-video-kit-reference-design (IMG_COMP_WRITE)/VKPFSOC_JPEG_WRITE/component/work/INIT_MONITOR/INIT_MONITOR.v (N/A, 2026-03-17 20:43:10) <-- (may instantiate this module)
                        /home/ahlemzenache/Documents/polarfire-soc-video-kit-reference-design (IMG_COMP_WRITE)/VKPFSOC_JPEG_WRITE/component/work/INIT_MONITOR/INIT_MONITOR_0/INIT_MONITOR_INIT_MONITOR_0_PFSOC_INIT_MONITOR.v (N/A, 2026-03-17 20:43:10) <-- (may instantiate this module)
                        /home/ahlemzenache/Documents/polarfire-soc-video-kit-reference-design (IMG_COMP_WRITE)/VKPFSOC_JPEG_WRITE/component/work/PF_CCC_C0/PF_CCC_C0.v (N/A, 2026-03-17 20:43:12) <-- (may instantiate this module)
                        /home/ahlemzenache/Documents/polarfire-soc-video-kit-reference-design (IMG_COMP_WRITE)/VKPFSOC_JPEG_WRITE/component/work/PF_CCC_C0/PF_CCC_C0_0/PF_CCC_C0_PF_CCC_C0_0_PF_CCC.v (N/A, 2026-03-17 20:43:12) <-- (may instantiate this module)
                        /home/ahlemzenache/Documents/polarfire-soc-video-kit-reference-design (IMG_COMP_WRITE)/VKPFSOC_JPEG_WRITE/component/work/PF_CLK_DIV_C0/PF_CLK_DIV_C0.v (N/A, 2026-03-17 20:43:13) <-- (may instantiate this module)
                        /home/ahlemzenache/Documents/polarfire-soc-video-kit-reference-design (IMG_COMP_WRITE)/VKPFSOC_JPEG_WRITE/component/work/PF_CLK_DIV_C0/PF_CLK_DIV_C0_0/PF_CLK_DIV_C0_PF_CLK_DIV_C0_0_PF_CLK_DIV.v (N/A, 2026-03-17 20:43:13) <-- (may instantiate this module)
                        /home/ahlemzenache/Documents/polarfire-soc-video-kit-reference-design (IMG_COMP_WRITE)/VKPFSOC_JPEG_WRITE/component/work/PF_OSC_C0/PF_OSC_C0.v (N/A, 2026-03-17 20:43:13) <-- (may instantiate this module)
                        /home/ahlemzenache/Documents/polarfire-soc-video-kit-reference-design (IMG_COMP_WRITE)/VKPFSOC_JPEG_WRITE/component/work/PF_OSC_C0/PF_OSC_C0_0/PF_OSC_C0_PF_OSC_C0_0_PF_OSC.v (N/A, 2026-03-17 20:43:13) <-- (may instantiate this module)
                        /home/ahlemzenache/Documents/polarfire-soc-video-kit-reference-design (IMG_COMP_WRITE)/VKPFSOC_JPEG_WRITE/component/work/PF_XCVR_REF_CLK_C0/PF_XCVR_REF_CLK_C0.v (N/A, 2026-03-17 20:43:13) <-- (may instantiate this module)
                        /home/ahlemzenache/Documents/polarfire-soc-video-kit-reference-design (IMG_COMP_WRITE)/VKPFSOC_JPEG_WRITE/component/work/PF_XCVR_REF_CLK_C0/PF_XCVR_REF_CLK_C0_0/PF_XCVR_REF_CLK_C0_PF_XCVR_REF_CLK_C0_0_PF_XCVR_REF_CLK.v (N/A, 2026-03-17 20:43:13) <-- (may instantiate this module)
                        /home/ahlemzenache/Documents/polarfire-soc-video-kit-reference-design (IMG_COMP_WRITE)/VKPFSOC_JPEG_WRITE/component/work/VKPFSOC_TOP/VKPFSOC_TOP.v (N/A, 2026-04-27 09:22:11) <-- (may instantiate this module)
96       work.XCVR_REF_CLK.verilog may have changed because the following files changed:
                        /home/ahlemzenache/Documents/polarfire-soc-video-kit-reference-design (IMG_COMP_WRITE)/VKPFSOC_JPEG_WRITE/component/syn_comps.v (N/A, 2026-06-07 15:51:20) <-- (module definition)
                        /home/ahlemzenache/Documents/polarfire-soc-video-kit-reference-design (IMG_COMP_WRITE)/VKPFSOC_JPEG_WRITE/component/work/CLOCKS_AND_RESETS/CLOCKS_AND_RESETS.v (N/A, 2026-03-17 20:43:17) <-- (may instantiate this module)
                        /home/ahlemzenache/Documents/polarfire-soc-video-kit-reference-design (IMG_COMP_WRITE)/VKPFSOC_JPEG_WRITE/component/work/INIT_MONITOR/INIT_MONITOR.v (N/A, 2026-03-17 20:43:10) <-- (may instantiate this module)
                        /home/ahlemzenache/Documents/polarfire-soc-video-kit-reference-design (IMG_COMP_WRITE)/VKPFSOC_JPEG_WRITE/component/work/INIT_MONITOR/INIT_MONITOR_0/INIT_MONITOR_INIT_MONITOR_0_PFSOC_INIT_MONITOR.v (N/A, 2026-03-17 20:43:10) <-- (may instantiate this module)
                        /home/ahlemzenache/Documents/polarfire-soc-video-kit-reference-design (IMG_COMP_WRITE)/VKPFSOC_JPEG_WRITE/component/work/PF_CCC_C0/PF_CCC_C0.v (N/A, 2026-03-17 20:43:12) <-- (may instantiate this module)
                        /home/ahlemzenache/Documents/polarfire-soc-video-kit-reference-design (IMG_COMP_WRITE)/VKPFSOC_JPEG_WRITE/component/work/PF_CCC_C0/PF_CCC_C0_0/PF_CCC_C0_PF_CCC_C0_0_PF_CCC.v (N/A, 2026-03-17 20:43:12) <-- (may instantiate this module)
                        /home/ahlemzenache/Documents/polarfire-soc-video-kit-reference-design (IMG_COMP_WRITE)/VKPFSOC_JPEG_WRITE/component/work/PF_CLK_DIV_C0/PF_CLK_DIV_C0.v (N/A, 2026-03-17 20:43:13) <-- (may instantiate this module)
                        /home/ahlemzenache/Documents/polarfire-soc-video-kit-reference-design (IMG_COMP_WRITE)/VKPFSOC_JPEG_WRITE/component/work/PF_CLK_DIV_C0/PF_CLK_DIV_C0_0/PF_CLK_DIV_C0_PF_CLK_DIV_C0_0_PF_CLK_DIV.v (N/A, 2026-03-17 20:43:13) <-- (may instantiate this module)
                        /home/ahlemzenache/Documents/polarfire-soc-video-kit-reference-design (IMG_COMP_WRITE)/VKPFSOC_JPEG_WRITE/component/work/PF_OSC_C0/PF_OSC_C0.v (N/A, 2026-03-17 20:43:13) <-- (may instantiate this module)
                        /home/ahlemzenache/Documents/polarfire-soc-video-kit-reference-design (IMG_COMP_WRITE)/VKPFSOC_JPEG_WRITE/component/work/PF_OSC_C0/PF_OSC_C0_0/PF_OSC_C0_PF_OSC_C0_0_PF_OSC.v (N/A, 2026-03-17 20:43:13) <-- (may instantiate this module)
                        /home/ahlemzenache/Documents/polarfire-soc-video-kit-reference-design (IMG_COMP_WRITE)/VKPFSOC_JPEG_WRITE/component/work/PF_XCVR_REF_CLK_C0/PF_XCVR_REF_CLK_C0.v (N/A, 2026-03-17 20:43:13) <-- (may instantiate this module)
                        /home/ahlemzenache/Documents/polarfire-soc-video-kit-reference-design (IMG_COMP_WRITE)/VKPFSOC_JPEG_WRITE/component/work/PF_XCVR_REF_CLK_C0/PF_XCVR_REF_CLK_C0_0/PF_XCVR_REF_CLK_C0_PF_XCVR_REF_CLK_C0_0_PF_XCVR_REF_CLK.v (N/A, 2026-03-17 20:43:13) <-- (may instantiate this module)
                        /home/ahlemzenache/Documents/polarfire-soc-video-kit-reference-design (IMG_COMP_WRITE)/VKPFSOC_JPEG_WRITE/component/work/VKPFSOC_TOP/VKPFSOC_TOP.v (N/A, 2026-04-27 09:22:11) <-- (may instantiate this module)
97       work.XCVR_REF_CLK_N.verilog may have changed because the following files changed:
                        /home/ahlemzenache/Documents/polarfire-soc-video-kit-reference-design (IMG_COMP_WRITE)/VKPFSOC_JPEG_WRITE/component/syn_comps.v (N/A, 2026-06-07 15:51:20) <-- (module definition)
                        /home/ahlemzenache/Documents/polarfire-soc-video-kit-reference-design (IMG_COMP_WRITE)/VKPFSOC_JPEG_WRITE/component/work/CLOCKS_AND_RESETS/CLOCKS_AND_RESETS.v (N/A, 2026-03-17 20:43:17) <-- (may instantiate this module)
                        /home/ahlemzenache/Documents/polarfire-soc-video-kit-reference-design (IMG_COMP_WRITE)/VKPFSOC_JPEG_WRITE/component/work/INIT_MONITOR/INIT_MONITOR.v (N/A, 2026-03-17 20:43:10) <-- (may instantiate this module)
                        /home/ahlemzenache/Documents/polarfire-soc-video-kit-reference-design (IMG_COMP_WRITE)/VKPFSOC_JPEG_WRITE/component/work/INIT_MONITOR/INIT_MONITOR_0/INIT_MONITOR_INIT_MONITOR_0_PFSOC_INIT_MONITOR.v (N/A, 2026-03-17 20:43:10) <-- (may instantiate this module)
                        /home/ahlemzenache/Documents/polarfire-soc-video-kit-reference-design (IMG_COMP_WRITE)/VKPFSOC_JPEG_WRITE/component/work/PF_CCC_C0/PF_CCC_C0.v (N/A, 2026-03-17 20:43:12) <-- (may instantiate this module)
                        /home/ahlemzenache/Documents/polarfire-soc-video-kit-reference-design (IMG_COMP_WRITE)/VKPFSOC_JPEG_WRITE/component/work/PF_CCC_C0/PF_CCC_C0_0/PF_CCC_C0_PF_CCC_C0_0_PF_CCC.v (N/A, 2026-03-17 20:43:12) <-- (may instantiate this module)
                        /home/ahlemzenache/Documents/polarfire-soc-video-kit-reference-design (IMG_COMP_WRITE)/VKPFSOC_JPEG_WRITE/component/work/PF_CLK_DIV_C0/PF_CLK_DIV_C0.v (N/A, 2026-03-17 20:43:13) <-- (may instantiate this module)
                        /home/ahlemzenache/Documents/polarfire-soc-video-kit-reference-design (IMG_COMP_WRITE)/VKPFSOC_JPEG_WRITE/component/work/PF_CLK_DIV_C0/PF_CLK_DIV_C0_0/PF_CLK_DIV_C0_PF_CLK_DIV_C0_0_PF_CLK_DIV.v (N/A, 2026-03-17 20:43:13) <-- (may instantiate this module)
                        /home/ahlemzenache/Documents/polarfire-soc-video-kit-reference-design (IMG_COMP_WRITE)/VKPFSOC_JPEG_WRITE/component/work/PF_OSC_C0/PF_OSC_C0.v (N/A, 2026-03-17 20:43:13) <-- (may instantiate this module)
                        /home/ahlemzenache/Documents/polarfire-soc-video-kit-reference-design (IMG_COMP_WRITE)/VKPFSOC_JPEG_WRITE/component/work/PF_OSC_C0/PF_OSC_C0_0/PF_OSC_C0_PF_OSC_C0_0_PF_OSC.v (N/A, 2026-03-17 20:43:13) <-- (may instantiate this module)
                        /home/ahlemzenache/Documents/polarfire-soc-video-kit-reference-design (IMG_COMP_WRITE)/VKPFSOC_JPEG_WRITE/component/work/PF_XCVR_REF_CLK_C0/PF_XCVR_REF_CLK_C0.v (N/A, 2026-03-17 20:43:13) <-- (may instantiate this module)
                        /home/ahlemzenache/Documents/polarfire-soc-video-kit-reference-design (IMG_COMP_WRITE)/VKPFSOC_JPEG_WRITE/component/work/PF_XCVR_REF_CLK_C0/PF_XCVR_REF_CLK_C0_0/PF_XCVR_REF_CLK_C0_PF_XCVR_REF_CLK_C0_0_PF_XCVR_REF_CLK.v (N/A, 2026-03-17 20:43:13) <-- (may instantiate this module)
                        /home/ahlemzenache/Documents/polarfire-soc-video-kit-reference-design (IMG_COMP_WRITE)/VKPFSOC_JPEG_WRITE/component/work/VKPFSOC_TOP/VKPFSOC_TOP.v (N/A, 2026-04-27 09:22:11) <-- (may instantiate this module)
98       work.XCVR_REF_CLK_P.verilog may have changed because the following files changed:
                        /home/ahlemzenache/Documents/polarfire-soc-video-kit-reference-design (IMG_COMP_WRITE)/VKPFSOC_JPEG_WRITE/component/syn_comps.v (N/A, 2026-06-07 15:51:20) <-- (module definition)
                        /home/ahlemzenache/Documents/polarfire-soc-video-kit-reference-design (IMG_COMP_WRITE)/VKPFSOC_JPEG_WRITE/component/work/CLOCKS_AND_RESETS/CLOCKS_AND_RESETS.v (N/A, 2026-03-17 20:43:17) <-- (may instantiate this module)
                        /home/ahlemzenache/Documents/polarfire-soc-video-kit-reference-design (IMG_COMP_WRITE)/VKPFSOC_JPEG_WRITE/component/work/INIT_MONITOR/INIT_MONITOR.v (N/A, 2026-03-17 20:43:10) <-- (may instantiate this module)
                        /home/ahlemzenache/Documents/polarfire-soc-video-kit-reference-design (IMG_COMP_WRITE)/VKPFSOC_JPEG_WRITE/component/work/INIT_MONITOR/INIT_MONITOR_0/INIT_MONITOR_INIT_MONITOR_0_PFSOC_INIT_MONITOR.v (N/A, 2026-03-17 20:43:10) <-- (may instantiate this module)
                        /home/ahlemzenache/Documents/polarfire-soc-video-kit-reference-design (IMG_COMP_WRITE)/VKPFSOC_JPEG_WRITE/component/work/PF_CCC_C0/PF_CCC_C0.v (N/A, 2026-03-17 20:43:12) <-- (may instantiate this module)
                        /home/ahlemzenache/Documents/polarfire-soc-video-kit-reference-design (IMG_COMP_WRITE)/VKPFSOC_JPEG_WRITE/component/work/PF_CCC_C0/PF_CCC_C0_0/PF_CCC_C0_PF_CCC_C0_0_PF_CCC.v (N/A, 2026-03-17 20:43:12) <-- (may instantiate this module)
                        /home/ahlemzenache/Documents/polarfire-soc-video-kit-reference-design (IMG_COMP_WRITE)/VKPFSOC_JPEG_WRITE/component/work/PF_CLK_DIV_C0/PF_CLK_DIV_C0.v (N/A, 2026-03-17 20:43:13) <-- (may instantiate this module)
                        /home/ahlemzenache/Documents/polarfire-soc-video-kit-reference-design (IMG_COMP_WRITE)/VKPFSOC_JPEG_WRITE/component/work/PF_CLK_DIV_C0/PF_CLK_DIV_C0_0/PF_CLK_DIV_C0_PF_CLK_DIV_C0_0_PF_CLK_DIV.v (N/A, 2026-03-17 20:43:13) <-- (may instantiate this module)
                        /home/ahlemzenache/Documents/polarfire-soc-video-kit-reference-design (IMG_COMP_WRITE)/VKPFSOC_JPEG_WRITE/component/work/PF_OSC_C0/PF_OSC_C0.v (N/A, 2026-03-17 20:43:13) <-- (may instantiate this module)
                        /home/ahlemzenache/Documents/polarfire-soc-video-kit-reference-design (IMG_COMP_WRITE)/VKPFSOC_JPEG_WRITE/component/work/PF_OSC_C0/PF_OSC_C0_0/PF_OSC_C0_PF_OSC_C0_0_PF_OSC.v (N/A, 2026-03-17 20:43:13) <-- (may instantiate this module)
                        /home/ahlemzenache/Documents/polarfire-soc-video-kit-reference-design (IMG_COMP_WRITE)/VKPFSOC_JPEG_WRITE/component/work/PF_XCVR_REF_CLK_C0/PF_XCVR_REF_CLK_C0.v (N/A, 2026-03-17 20:43:13) <-- (may instantiate this module)
                        /home/ahlemzenache/Documents/polarfire-soc-video-kit-reference-design (IMG_COMP_WRITE)/VKPFSOC_JPEG_WRITE/component/work/PF_XCVR_REF_CLK_C0/PF_XCVR_REF_CLK_C0_0/PF_XCVR_REF_CLK_C0_PF_XCVR_REF_CLK_C0_0_PF_XCVR_REF_CLK.v (N/A, 2026-03-17 20:43:13) <-- (may instantiate this module)
                        /home/ahlemzenache/Documents/polarfire-soc-video-kit-reference-design (IMG_COMP_WRITE)/VKPFSOC_JPEG_WRITE/component/work/VKPFSOC_TOP/VKPFSOC_TOP.v (N/A, 2026-04-27 09:22:11) <-- (may instantiate this module)
99       work.XCVR_TEST.verilog may have changed because the following files changed:
                        /home/ahlemzenache/Documents/polarfire-soc-video-kit-reference-design (IMG_COMP_WRITE)/VKPFSOC_JPEG_WRITE/component/syn_comps.v (N/A, 2026-06-07 15:51:20) <-- (module definition)
                        /home/ahlemzenache/Documents/polarfire-soc-video-kit-reference-design (IMG_COMP_WRITE)/VKPFSOC_JPEG_WRITE/component/work/CLOCKS_AND_RESETS/CLOCKS_AND_RESETS.v (N/A, 2026-03-17 20:43:17) <-- (may instantiate this module)
                        /home/ahlemzenache/Documents/polarfire-soc-video-kit-reference-design (IMG_COMP_WRITE)/VKPFSOC_JPEG_WRITE/component/work/INIT_MONITOR/INIT_MONITOR.v (N/A, 2026-03-17 20:43:10) <-- (may instantiate this module)
                        /home/ahlemzenache/Documents/polarfire-soc-video-kit-reference-design (IMG_COMP_WRITE)/VKPFSOC_JPEG_WRITE/component/work/INIT_MONITOR/INIT_MONITOR_0/INIT_MONITOR_INIT_MONITOR_0_PFSOC_INIT_MONITOR.v (N/A, 2026-03-17 20:43:10) <-- (may instantiate this module)
                        /home/ahlemzenache/Documents/polarfire-soc-video-kit-reference-design (IMG_COMP_WRITE)/VKPFSOC_JPEG_WRITE/component/work/PF_CCC_C0/PF_CCC_C0.v (N/A, 2026-03-17 20:43:12) <-- (may instantiate this module)
                        /home/ahlemzenache/Documents/polarfire-soc-video-kit-reference-design (IMG_COMP_WRITE)/VKPFSOC_JPEG_WRITE/component/work/PF_CCC_C0/PF_CCC_C0_0/PF_CCC_C0_PF_CCC_C0_0_PF_CCC.v (N/A, 2026-03-17 20:43:12) <-- (may instantiate this module)
                        /home/ahlemzenache/Documents/polarfire-soc-video-kit-reference-design (IMG_COMP_WRITE)/VKPFSOC_JPEG_WRITE/component/work/PF_CLK_DIV_C0/PF_CLK_DIV_C0.v (N/A, 2026-03-17 20:43:13) <-- (may instantiate this module)
                        /home/ahlemzenache/Documents/polarfire-soc-video-kit-reference-design (IMG_COMP_WRITE)/VKPFSOC_JPEG_WRITE/component/work/PF_CLK_DIV_C0/PF_CLK_DIV_C0_0/PF_CLK_DIV_C0_PF_CLK_DIV_C0_0_PF_CLK_DIV.v (N/A, 2026-03-17 20:43:13) <-- (may instantiate this module)
                        /home/ahlemzenache/Documents/polarfire-soc-video-kit-reference-design (IMG_COMP_WRITE)/VKPFSOC_JPEG_WRITE/component/work/PF_OSC_C0/PF_OSC_C0.v (N/A, 2026-03-17 20:43:13) <-- (may instantiate this module)
                        /home/ahlemzenache/Documents/polarfire-soc-video-kit-reference-design (IMG_COMP_WRITE)/VKPFSOC_JPEG_WRITE/component/work/PF_OSC_C0/PF_OSC_C0_0/PF_OSC_C0_PF_OSC_C0_0_PF_OSC.v (N/A, 2026-03-17 20:43:13) <-- (may instantiate this module)
                        /home/ahlemzenache/Documents/polarfire-soc-video-kit-reference-design (IMG_COMP_WRITE)/VKPFSOC_JPEG_WRITE/component/work/PF_XCVR_REF_CLK_C0/PF_XCVR_REF_CLK_C0.v (N/A, 2026-03-17 20:43:13) <-- (may instantiate this module)
                        /home/ahlemzenache/Documents/polarfire-soc-video-kit-reference-design (IMG_COMP_WRITE)/VKPFSOC_JPEG_WRITE/component/work/PF_XCVR_REF_CLK_C0/PF_XCVR_REF_CLK_C0_0/PF_XCVR_REF_CLK_C0_PF_XCVR_REF_CLK_C0_0_PF_XCVR_REF_CLK.v (N/A, 2026-03-17 20:43:13) <-- (may instantiate this module)
                        /home/ahlemzenache/Documents/polarfire-soc-video-kit-reference-design (IMG_COMP_WRITE)/VKPFSOC_JPEG_WRITE/component/work/VKPFSOC_TOP/VKPFSOC_TOP.v (N/A, 2026-04-27 09:22:11) <-- (may instantiate this module)
100      work.XCVR_VV.verilog may have changed because the following files changed:
                        /home/ahlemzenache/Documents/polarfire-soc-video-kit-reference-design (IMG_COMP_WRITE)/VKPFSOC_JPEG_WRITE/component/syn_comps.v (N/A, 2026-06-07 15:51:20) <-- (module definition)
                        /home/ahlemzenache/Documents/polarfire-soc-video-kit-reference-design (IMG_COMP_WRITE)/VKPFSOC_JPEG_WRITE/component/work/CLOCKS_AND_RESETS/CLOCKS_AND_RESETS.v (N/A, 2026-03-17 20:43:17) <-- (may instantiate this module)
                        /home/ahlemzenache/Documents/polarfire-soc-video-kit-reference-design (IMG_COMP_WRITE)/VKPFSOC_JPEG_WRITE/component/work/INIT_MONITOR/INIT_MONITOR.v (N/A, 2026-03-17 20:43:10) <-- (may instantiate this module)
                        /home/ahlemzenache/Documents/polarfire-soc-video-kit-reference-design (IMG_COMP_WRITE)/VKPFSOC_JPEG_WRITE/component/work/INIT_MONITOR/INIT_MONITOR_0/INIT_MONITOR_INIT_MONITOR_0_PFSOC_INIT_MONITOR.v (N/A, 2026-03-17 20:43:10) <-- (may instantiate this module)
                        /home/ahlemzenache/Documents/polarfire-soc-video-kit-reference-design (IMG_COMP_WRITE)/VKPFSOC_JPEG_WRITE/component/work/PF_CCC_C0/PF_CCC_C0.v (N/A, 2026-03-17 20:43:12) <-- (may instantiate this module)
                        /home/ahlemzenache/Documents/polarfire-soc-video-kit-reference-design (IMG_COMP_WRITE)/VKPFSOC_JPEG_WRITE/component/work/PF_CCC_C0/PF_CCC_C0_0/PF_CCC_C0_PF_CCC_C0_0_PF_CCC.v (N/A, 2026-03-17 20:43:12) <-- (may instantiate this module)
                        /home/ahlemzenache/Documents/polarfire-soc-video-kit-reference-design (IMG_COMP_WRITE)/VKPFSOC_JPEG_WRITE/component/work/PF_CLK_DIV_C0/PF_CLK_DIV_C0.v (N/A, 2026-03-17 20:43:13) <-- (may instantiate this module)
                        /home/ahlemzenache/Documents/polarfire-soc-video-kit-reference-design (IMG_COMP_WRITE)/VKPFSOC_JPEG_WRITE/component/work/PF_CLK_DIV_C0/PF_CLK_DIV_C0_0/PF_CLK_DIV_C0_PF_CLK_DIV_C0_0_PF_CLK_DIV.v (N/A, 2026-03-17 20:43:13) <-- (may instantiate this module)
                        /home/ahlemzenache/Documents/polarfire-soc-video-kit-reference-design (IMG_COMP_WRITE)/VKPFSOC_JPEG_WRITE/component/work/PF_OSC_C0/PF_OSC_C0.v (N/A, 2026-03-17 20:43:13) <-- (may instantiate this module)
                        /home/ahlemzenache/Documents/polarfire-soc-video-kit-reference-design (IMG_COMP_WRITE)/VKPFSOC_JPEG_WRITE/component/work/PF_OSC_C0/PF_OSC_C0_0/PF_OSC_C0_PF_OSC_C0_0_PF_OSC.v (N/A, 2026-03-17 20:43:13) <-- (may instantiate this module)
                        /home/ahlemzenache/Documents/polarfire-soc-video-kit-reference-design (IMG_COMP_WRITE)/VKPFSOC_JPEG_WRITE/component/work/PF_XCVR_REF_CLK_C0/PF_XCVR_REF_CLK_C0.v (N/A, 2026-03-17 20:43:13) <-- (may instantiate this module)
                        /home/ahlemzenache/Documents/polarfire-soc-video-kit-reference-design (IMG_COMP_WRITE)/VKPFSOC_JPEG_WRITE/component/work/PF_XCVR_REF_CLK_C0/PF_XCVR_REF_CLK_C0_0/PF_XCVR_REF_CLK_C0_PF_XCVR_REF_CLK_C0_0_PF_XCVR_REF_CLK.v (N/A, 2026-03-17 20:43:13) <-- (may instantiate this module)
                        /home/ahlemzenache/Documents/polarfire-soc-video-kit-reference-design (IMG_COMP_WRITE)/VKPFSOC_JPEG_WRITE/component/work/VKPFSOC_TOP/VKPFSOC_TOP.v (N/A, 2026-04-27 09:22:11) <-- (may instantiate this module)
101      work.apb_wrapper.verilog may have changed because the following files changed:
                        /home/ahlemzenache/Documents/polarfire-soc-video-kit-reference-design (IMG_COMP_WRITE)/VKPFSOC_JPEG_WRITE/component/work/VKPFSOC_TOP/VKPFSOC_TOP.v (N/A, 2026-04-27 09:22:11) <-- (may instantiate this module)
                        /home/ahlemzenache/Documents/polarfire-soc-video-kit-reference-design (IMG_COMP_WRITE)/VKPFSOC_JPEG_WRITE/component/work/top_ddr_write/top_ddr_write.v (N/A, 2026-04-27 09:21:23) <-- (may instantiate this module)
                        /home/ahlemzenache/Documents/polarfire-soc-video-kit-reference-design (IMG_COMP_WRITE)/VKPFSOC_JPEG_WRITE/hdl/jpeg_top.v (N/A, 2026-04-27 09:18:20) <-- (may instantiate this module)
                        /home/ahlemzenache/Documents/polarfire-soc-video-kit-reference-design (IMG_COMP_WRITE)/script_support/hdl/JPEG_WRITE/apb_wrapper.v (N/A, 2026-04-27 09:17:26) <-- (module definition)
102      work.data_packer.data_packer may have changed because the following files changed:
                        /home/ahlemzenache/Documents/polarfire-soc-video-kit-reference-design (IMG_COMP_WRITE)/VKPFSOC_JPEG_WRITE/component/work/DDR_WRITE_JPEG/DDR_WRITE_JPEG.v (N/A, 2026-03-17 20:43:25) <-- (may instantiate this module)
                        /home/ahlemzenache/Documents/polarfire-soc-video-kit-reference-design (IMG_COMP_WRITE)/VKPFSOC_JPEG_WRITE/component/work/VKPFSOC_TOP/VKPFSOC_TOP.v (N/A, 2026-04-27 09:22:11) <-- (may instantiate this module)
                        /home/ahlemzenache/Documents/polarfire-soc-video-kit-reference-design (IMG_COMP_WRITE)/VKPFSOC_JPEG_WRITE/component/work/top_ddr_write/top_ddr_write.v (N/A, 2026-04-27 09:21:23) <-- (may instantiate this module)
                        /home/ahlemzenache/Documents/polarfire-soc-video-kit-reference-design (IMG_COMP_WRITE)/VKPFSOC_JPEG_WRITE/hdl/data_packer.vhd (N/A, 2026-03-17 20:43:08) <-- (architecture and entity definition)
104      work.ddr_rw_arbiter.verilog may have changed because the following files changed:
                        /home/ahlemzenache/Documents/polarfire-soc-video-kit-reference-design (IMG_COMP_WRITE)/VKPFSOC_JPEG_WRITE/component/Microchip/SolutionCore/DDR_AXI4_ARBITER_PF/2.2.0/RTL/DDR_AXI4_ARBITER_PF.v (N/A, 2026-03-17 20:43:20) <-- (may instantiate this module)
                        /home/ahlemzenache/Documents/polarfire-soc-video-kit-reference-design (IMG_COMP_WRITE)/VKPFSOC_JPEG_WRITE/component/Microchip/SolutionCore/DDR_AXI4_ARBITER_PF/2.2.0/RTL/DDR_AXI4_ARBITER_PF_Native.v (N/A, 2026-03-17 20:43:20) <-- (may instantiate this module)
                        /home/ahlemzenache/Documents/polarfire-soc-video-kit-reference-design (IMG_COMP_WRITE)/VKPFSOC_JPEG_WRITE/component/Microchip/SolutionCore/DDR_AXI4_ARBITER_PF/2.2.0/RTL/ddr_rw_arbiter.v (N/A, 2026-03-17 20:43:20) <-- (module definition)
                        /home/ahlemzenache/Documents/polarfire-soc-video-kit-reference-design (IMG_COMP_WRITE)/VKPFSOC_JPEG_WRITE/component/work/DDR_AXI4_ARBITER_PF_C0/DDR_AXI4_ARBITER_PF_C0.v (N/A, 2026-03-17 20:43:20) <-- (may instantiate this module)
                        /home/ahlemzenache/Documents/polarfire-soc-video-kit-reference-design (IMG_COMP_WRITE)/VKPFSOC_JPEG_WRITE/component/work/VKPFSOC_TOP/VKPFSOC_TOP.v (N/A, 2026-04-27 09:22:11) <-- (may instantiate this module)
                        /home/ahlemzenache/Documents/polarfire-soc-video-kit-reference-design (IMG_COMP_WRITE)/VKPFSOC_JPEG_WRITE/component/work/top_ddr_write/top_ddr_write.v (N/A, 2026-04-27 09:21:23) <-- (may instantiate this module)
105      work.ddr_rw_arbiter_C0_ddr_rw_arbiter_C0_0_LSRAM_top.verilog may have changed because the following files changed:
                        /home/ahlemzenache/Documents/polarfire-soc-video-kit-reference-design (IMG_COMP_WRITE)/VKPFSOC_JPEG_WRITE/component/Microchip/SolutionCore/DDR_AXI4_ARBITER_PF/2.2.0/RTL/DDR_AXI4_ARBITER_PF.v (N/A, 2026-03-17 20:43:20) <-- (may instantiate this module)
                        /home/ahlemzenache/Documents/polarfire-soc-video-kit-reference-design (IMG_COMP_WRITE)/VKPFSOC_JPEG_WRITE/component/Microchip/SolutionCore/DDR_AXI4_ARBITER_PF/2.2.0/RTL/DDR_AXI4_ARBITER_PF_Native.v (N/A, 2026-03-17 20:43:20) <-- (may instantiate this module)
                        /home/ahlemzenache/Documents/polarfire-soc-video-kit-reference-design (IMG_COMP_WRITE)/VKPFSOC_JPEG_WRITE/component/Microchip/SolutionCore/DDR_AXI4_ARBITER_PF/2.2.0/RTL/axi_lbus_LSRAM_top.v (N/A, 2026-03-17 20:43:20) <-- (module definition)
                        /home/ahlemzenache/Documents/polarfire-soc-video-kit-reference-design (IMG_COMP_WRITE)/VKPFSOC_JPEG_WRITE/component/Microchip/SolutionCore/DDR_AXI4_ARBITER_PF/2.2.0/RTL/axi_lbus_ram_wrapper.v (N/A, 2026-03-17 20:43:20) <-- (may instantiate this module)
                        /home/ahlemzenache/Documents/polarfire-soc-video-kit-reference-design (IMG_COMP_WRITE)/VKPFSOC_JPEG_WRITE/component/Microchip/SolutionCore/DDR_AXI4_ARBITER_PF/2.2.0/RTL/ddr_rw_arbiter.v (N/A, 2026-03-17 20:43:20) <-- (may instantiate this module)
                        /home/ahlemzenache/Documents/polarfire-soc-video-kit-reference-design (IMG_COMP_WRITE)/VKPFSOC_JPEG_WRITE/component/Microchip/SolutionCore/DDR_AXI4_ARBITER_PF/2.2.0/RTL/video_axi_fifo.v (N/A, 2026-03-17 20:43:20) <-- (may instantiate this module)
                        /home/ahlemzenache/Documents/polarfire-soc-video-kit-reference-design (IMG_COMP_WRITE)/VKPFSOC_JPEG_WRITE/component/work/DDR_AXI4_ARBITER_PF_C0/DDR_AXI4_ARBITER_PF_C0.v (N/A, 2026-03-17 20:43:20) <-- (may instantiate this module)
                        /home/ahlemzenache/Documents/polarfire-soc-video-kit-reference-design (IMG_COMP_WRITE)/VKPFSOC_JPEG_WRITE/component/work/VKPFSOC_TOP/VKPFSOC_TOP.v (N/A, 2026-04-27 09:22:11) <-- (may instantiate this module)
                        /home/ahlemzenache/Documents/polarfire-soc-video-kit-reference-design (IMG_COMP_WRITE)/VKPFSOC_JPEG_WRITE/component/work/top_ddr_write/top_ddr_write.v (N/A, 2026-04-27 09:21:23) <-- (may instantiate this module)
106      work.ddr_rw_arbiter_C0_ddr_rw_arbiter_C0_0_corefifo_NstagesSync.verilog may have changed because the following files changed:
                        /home/ahlemzenache/Documents/polarfire-soc-video-kit-reference-design (IMG_COMP_WRITE)/VKPFSOC_JPEG_WRITE/component/Microchip/SolutionCore/DDR_AXI4_ARBITER_PF/2.2.0/RTL/DDR_AXI4_ARBITER_PF.v (N/A, 2026-03-17 20:43:20) <-- (may instantiate this module)
                        /home/ahlemzenache/Documents/polarfire-soc-video-kit-reference-design (IMG_COMP_WRITE)/VKPFSOC_JPEG_WRITE/component/Microchip/SolutionCore/DDR_AXI4_ARBITER_PF/2.2.0/RTL/DDR_AXI4_ARBITER_PF_Native.v (N/A, 2026-03-17 20:43:20) <-- (may instantiate this module)
                        /home/ahlemzenache/Documents/polarfire-soc-video-kit-reference-design (IMG_COMP_WRITE)/VKPFSOC_JPEG_WRITE/component/Microchip/SolutionCore/DDR_AXI4_ARBITER_PF/2.2.0/RTL/axi_lbus_corefifo_NstagesSync.v (N/A, 2026-03-17 20:43:20) <-- (module definition)
                        /home/ahlemzenache/Documents/polarfire-soc-video-kit-reference-design (IMG_COMP_WRITE)/VKPFSOC_JPEG_WRITE/component/Microchip/SolutionCore/DDR_AXI4_ARBITER_PF/2.2.0/RTL/axi_lbus_corefifo_async.v (N/A, 2026-03-17 20:43:20) <-- (may instantiate this module)
                        /home/ahlemzenache/Documents/polarfire-soc-video-kit-reference-design (IMG_COMP_WRITE)/VKPFSOC_JPEG_WRITE/component/Microchip/SolutionCore/DDR_AXI4_ARBITER_PF/2.2.0/RTL/ddr_rw_arbiter.v (N/A, 2026-03-17 20:43:20) <-- (may instantiate this module)
                        /home/ahlemzenache/Documents/polarfire-soc-video-kit-reference-design (IMG_COMP_WRITE)/VKPFSOC_JPEG_WRITE/component/Microchip/SolutionCore/DDR_AXI4_ARBITER_PF/2.2.0/RTL/video_axi_fifo.v (N/A, 2026-03-17 20:43:20) <-- (may instantiate this module)
                        /home/ahlemzenache/Documents/polarfire-soc-video-kit-reference-design (IMG_COMP_WRITE)/VKPFSOC_JPEG_WRITE/component/work/DDR_AXI4_ARBITER_PF_C0/DDR_AXI4_ARBITER_PF_C0.v (N/A, 2026-03-17 20:43:20) <-- (may instantiate this module)
                        /home/ahlemzenache/Documents/polarfire-soc-video-kit-reference-design (IMG_COMP_WRITE)/VKPFSOC_JPEG_WRITE/component/work/VKPFSOC_TOP/VKPFSOC_TOP.v (N/A, 2026-04-27 09:22:11) <-- (may instantiate this module)
                        /home/ahlemzenache/Documents/polarfire-soc-video-kit-reference-design (IMG_COMP_WRITE)/VKPFSOC_JPEG_WRITE/component/work/top_ddr_write/top_ddr_write.v (N/A, 2026-04-27 09:21:23) <-- (may instantiate this module)
107      work.ddr_rw_arbiter_C0_ddr_rw_arbiter_C0_0_corefifo_async.verilog may have changed because the following files changed:
                        /home/ahlemzenache/Documents/polarfire-soc-video-kit-reference-design (IMG_COMP_WRITE)/VKPFSOC_JPEG_WRITE/component/Microchip/SolutionCore/DDR_AXI4_ARBITER_PF/2.2.0/RTL/DDR_AXI4_ARBITER_PF.v (N/A, 2026-03-17 20:43:20) <-- (may instantiate this module)
                        /home/ahlemzenache/Documents/polarfire-soc-video-kit-reference-design (IMG_COMP_WRITE)/VKPFSOC_JPEG_WRITE/component/Microchip/SolutionCore/DDR_AXI4_ARBITER_PF/2.2.0/RTL/DDR_AXI4_ARBITER_PF_Native.v (N/A, 2026-03-17 20:43:20) <-- (may instantiate this module)
                        /home/ahlemzenache/Documents/polarfire-soc-video-kit-reference-design (IMG_COMP_WRITE)/VKPFSOC_JPEG_WRITE/component/Microchip/SolutionCore/DDR_AXI4_ARBITER_PF/2.2.0/RTL/axi_lbus_corefifo_async.v (N/A, 2026-03-17 20:43:20) <-- (module definition)
                        /home/ahlemzenache/Documents/polarfire-soc-video-kit-reference-design (IMG_COMP_WRITE)/VKPFSOC_JPEG_WRITE/component/Microchip/SolutionCore/DDR_AXI4_ARBITER_PF/2.2.0/RTL/ddr_rw_arbiter.v (N/A, 2026-03-17 20:43:20) <-- (may instantiate this module)
                        /home/ahlemzenache/Documents/polarfire-soc-video-kit-reference-design (IMG_COMP_WRITE)/VKPFSOC_JPEG_WRITE/component/Microchip/SolutionCore/DDR_AXI4_ARBITER_PF/2.2.0/RTL/video_axi_fifo.v (N/A, 2026-03-17 20:43:20) <-- (may instantiate this module)
                        /home/ahlemzenache/Documents/polarfire-soc-video-kit-reference-design (IMG_COMP_WRITE)/VKPFSOC_JPEG_WRITE/component/work/DDR_AXI4_ARBITER_PF_C0/DDR_AXI4_ARBITER_PF_C0.v (N/A, 2026-03-17 20:43:20) <-- (may instantiate this module)
                        /home/ahlemzenache/Documents/polarfire-soc-video-kit-reference-design (IMG_COMP_WRITE)/VKPFSOC_JPEG_WRITE/component/work/VKPFSOC_TOP/VKPFSOC_TOP.v (N/A, 2026-04-27 09:22:11) <-- (may instantiate this module)
                        /home/ahlemzenache/Documents/polarfire-soc-video-kit-reference-design (IMG_COMP_WRITE)/VKPFSOC_JPEG_WRITE/component/work/top_ddr_write/top_ddr_write.v (N/A, 2026-04-27 09:21:23) <-- (may instantiate this module)
108      work.ddr_rw_arbiter_C0_ddr_rw_arbiter_C0_0_corefifo_fwft.verilog may have changed because the following files changed:
                        /home/ahlemzenache/Documents/polarfire-soc-video-kit-reference-design (IMG_COMP_WRITE)/VKPFSOC_JPEG_WRITE/component/Microchip/SolutionCore/DDR_AXI4_ARBITER_PF/2.2.0/RTL/DDR_AXI4_ARBITER_PF.v (N/A, 2026-03-17 20:43:20) <-- (may instantiate this module)
                        /home/ahlemzenache/Documents/polarfire-soc-video-kit-reference-design (IMG_COMP_WRITE)/VKPFSOC_JPEG_WRITE/component/Microchip/SolutionCore/DDR_AXI4_ARBITER_PF/2.2.0/RTL/DDR_AXI4_ARBITER_PF_Native.v (N/A, 2026-03-17 20:43:20) <-- (may instantiate this module)
                        /home/ahlemzenache/Documents/polarfire-soc-video-kit-reference-design (IMG_COMP_WRITE)/VKPFSOC_JPEG_WRITE/component/Microchip/SolutionCore/DDR_AXI4_ARBITER_PF/2.2.0/RTL/axi_lbus_corefifo_fwft.v (N/A, 2026-03-17 20:43:20) <-- (module definition)
                        /home/ahlemzenache/Documents/polarfire-soc-video-kit-reference-design (IMG_COMP_WRITE)/VKPFSOC_JPEG_WRITE/component/Microchip/SolutionCore/DDR_AXI4_ARBITER_PF/2.2.0/RTL/ddr_rw_arbiter.v (N/A, 2026-03-17 20:43:20) <-- (may instantiate this module)
                        /home/ahlemzenache/Documents/polarfire-soc-video-kit-reference-design (IMG_COMP_WRITE)/VKPFSOC_JPEG_WRITE/component/Microchip/SolutionCore/DDR_AXI4_ARBITER_PF/2.2.0/RTL/video_axi_fifo.v (N/A, 2026-03-17 20:43:20) <-- (may instantiate this module)
                        /home/ahlemzenache/Documents/polarfire-soc-video-kit-reference-design (IMG_COMP_WRITE)/VKPFSOC_JPEG_WRITE/component/work/DDR_AXI4_ARBITER_PF_C0/DDR_AXI4_ARBITER_PF_C0.v (N/A, 2026-03-17 20:43:20) <-- (may instantiate this module)
                        /home/ahlemzenache/Documents/polarfire-soc-video-kit-reference-design (IMG_COMP_WRITE)/VKPFSOC_JPEG_WRITE/component/work/VKPFSOC_TOP/VKPFSOC_TOP.v (N/A, 2026-04-27 09:22:11) <-- (may instantiate this module)
                        /home/ahlemzenache/Documents/polarfire-soc-video-kit-reference-design (IMG_COMP_WRITE)/VKPFSOC_JPEG_WRITE/component/work/top_ddr_write/top_ddr_write.v (N/A, 2026-04-27 09:21:23) <-- (may instantiate this module)
109      work.ddr_rw_arbiter_C0_ddr_rw_arbiter_C0_0_corefifo_grayToBinConv.verilog may have changed because the following files changed:
                        /home/ahlemzenache/Documents/polarfire-soc-video-kit-reference-design (IMG_COMP_WRITE)/VKPFSOC_JPEG_WRITE/component/Microchip/SolutionCore/DDR_AXI4_ARBITER_PF/2.2.0/RTL/DDR_AXI4_ARBITER_PF.v (N/A, 2026-03-17 20:43:20) <-- (may instantiate this module)
                        /home/ahlemzenache/Documents/polarfire-soc-video-kit-reference-design (IMG_COMP_WRITE)/VKPFSOC_JPEG_WRITE/component/Microchip/SolutionCore/DDR_AXI4_ARBITER_PF/2.2.0/RTL/DDR_AXI4_ARBITER_PF_Native.v (N/A, 2026-03-17 20:43:20) <-- (may instantiate this module)
                        /home/ahlemzenache/Documents/polarfire-soc-video-kit-reference-design (IMG_COMP_WRITE)/VKPFSOC_JPEG_WRITE/component/Microchip/SolutionCore/DDR_AXI4_ARBITER_PF/2.2.0/RTL/axi_lbus_corefifo_async.v (N/A, 2026-03-17 20:43:20) <-- (may instantiate this module)
                        /home/ahlemzenache/Documents/polarfire-soc-video-kit-reference-design (IMG_COMP_WRITE)/VKPFSOC_JPEG_WRITE/component/Microchip/SolutionCore/DDR_AXI4_ARBITER_PF/2.2.0/RTL/axi_lbus_corefifo_grayToBinConv.v (N/A, 2026-03-17 20:43:20) <-- (module definition)
                        /home/ahlemzenache/Documents/polarfire-soc-video-kit-reference-design (IMG_COMP_WRITE)/VKPFSOC_JPEG_WRITE/component/Microchip/SolutionCore/DDR_AXI4_ARBITER_PF/2.2.0/RTL/ddr_rw_arbiter.v (N/A, 2026-03-17 20:43:20) <-- (may instantiate this module)
                        /home/ahlemzenache/Documents/polarfire-soc-video-kit-reference-design (IMG_COMP_WRITE)/VKPFSOC_JPEG_WRITE/component/Microchip/SolutionCore/DDR_AXI4_ARBITER_PF/2.2.0/RTL/video_axi_fifo.v (N/A, 2026-03-17 20:43:20) <-- (may instantiate this module)
                        /home/ahlemzenache/Documents/polarfire-soc-video-kit-reference-design (IMG_COMP_WRITE)/VKPFSOC_JPEG_WRITE/component/work/DDR_AXI4_ARBITER_PF_C0/DDR_AXI4_ARBITER_PF_C0.v (N/A, 2026-03-17 20:43:20) <-- (may instantiate this module)
                        /home/ahlemzenache/Documents/polarfire-soc-video-kit-reference-design (IMG_COMP_WRITE)/VKPFSOC_JPEG_WRITE/component/work/VKPFSOC_TOP/VKPFSOC_TOP.v (N/A, 2026-04-27 09:22:11) <-- (may instantiate this module)
                        /home/ahlemzenache/Documents/polarfire-soc-video-kit-reference-design (IMG_COMP_WRITE)/VKPFSOC_JPEG_WRITE/component/work/top_ddr_write/top_ddr_write.v (N/A, 2026-04-27 09:21:23) <-- (may instantiate this module)
110      work.ddr_rw_arbiter_C0_ddr_rw_arbiter_C0_0_corefifo_resetSync.verilog may have changed because the following files changed:
                        /home/ahlemzenache/Documents/polarfire-soc-video-kit-reference-design (IMG_COMP_WRITE)/VKPFSOC_JPEG_WRITE/component/Microchip/SolutionCore/DDR_AXI4_ARBITER_PF/2.2.0/RTL/DDR_AXI4_ARBITER_PF.v (N/A, 2026-03-17 20:43:20) <-- (may instantiate this module)
                        /home/ahlemzenache/Documents/polarfire-soc-video-kit-reference-design (IMG_COMP_WRITE)/VKPFSOC_JPEG_WRITE/component/Microchip/SolutionCore/DDR_AXI4_ARBITER_PF/2.2.0/RTL/DDR_AXI4_ARBITER_PF_Native.v (N/A, 2026-03-17 20:43:20) <-- (may instantiate this module)
                        /home/ahlemzenache/Documents/polarfire-soc-video-kit-reference-design (IMG_COMP_WRITE)/VKPFSOC_JPEG_WRITE/component/Microchip/SolutionCore/DDR_AXI4_ARBITER_PF/2.2.0/RTL/axi_lbus_corefifo_resetSync.v (N/A, 2026-03-17 20:43:20) <-- (module definition)
                        /home/ahlemzenache/Documents/polarfire-soc-video-kit-reference-design (IMG_COMP_WRITE)/VKPFSOC_JPEG_WRITE/component/Microchip/SolutionCore/DDR_AXI4_ARBITER_PF/2.2.0/RTL/ddr_rw_arbiter.v (N/A, 2026-03-17 20:43:20) <-- (may instantiate this module)
                        /home/ahlemzenache/Documents/polarfire-soc-video-kit-reference-design (IMG_COMP_WRITE)/VKPFSOC_JPEG_WRITE/component/Microchip/SolutionCore/DDR_AXI4_ARBITER_PF/2.2.0/RTL/video_axi_fifo.v (N/A, 2026-03-17 20:43:20) <-- (may instantiate this module)
                        /home/ahlemzenache/Documents/polarfire-soc-video-kit-reference-design (IMG_COMP_WRITE)/VKPFSOC_JPEG_WRITE/component/work/DDR_AXI4_ARBITER_PF_C0/DDR_AXI4_ARBITER_PF_C0.v (N/A, 2026-03-17 20:43:20) <-- (may instantiate this module)
                        /home/ahlemzenache/Documents/polarfire-soc-video-kit-reference-design (IMG_COMP_WRITE)/VKPFSOC_JPEG_WRITE/component/work/VKPFSOC_TOP/VKPFSOC_TOP.v (N/A, 2026-04-27 09:22:11) <-- (may instantiate this module)
                        /home/ahlemzenache/Documents/polarfire-soc-video-kit-reference-design (IMG_COMP_WRITE)/VKPFSOC_JPEG_WRITE/component/work/top_ddr_write/top_ddr_write.v (N/A, 2026-04-27 09:21:23) <-- (may instantiate this module)
111      work.ddr_rw_arbiter_C0_ddr_rw_arbiter_C0_0_corefifo_sync.verilog may have changed because the following files changed:
                        /home/ahlemzenache/Documents/polarfire-soc-video-kit-reference-design (IMG_COMP_WRITE)/VKPFSOC_JPEG_WRITE/component/Microchip/SolutionCore/DDR_AXI4_ARBITER_PF/2.2.0/RTL/DDR_AXI4_ARBITER_PF.v (N/A, 2026-03-17 20:43:20) <-- (may instantiate this module)
                        /home/ahlemzenache/Documents/polarfire-soc-video-kit-reference-design (IMG_COMP_WRITE)/VKPFSOC_JPEG_WRITE/component/Microchip/SolutionCore/DDR_AXI4_ARBITER_PF/2.2.0/RTL/DDR_AXI4_ARBITER_PF_Native.v (N/A, 2026-03-17 20:43:20) <-- (may instantiate this module)
                        /home/ahlemzenache/Documents/polarfire-soc-video-kit-reference-design (IMG_COMP_WRITE)/VKPFSOC_JPEG_WRITE/component/Microchip/SolutionCore/DDR_AXI4_ARBITER_PF/2.2.0/RTL/axi_lbus_corefifo_sync.v (N/A, 2026-03-17 20:43:20) <-- (module definition)
                        /home/ahlemzenache/Documents/polarfire-soc-video-kit-reference-design (IMG_COMP_WRITE)/VKPFSOC_JPEG_WRITE/component/Microchip/SolutionCore/DDR_AXI4_ARBITER_PF/2.2.0/RTL/ddr_rw_arbiter.v (N/A, 2026-03-17 20:43:20) <-- (may instantiate this module)
                        /home/ahlemzenache/Documents/polarfire-soc-video-kit-reference-design (IMG_COMP_WRITE)/VKPFSOC_JPEG_WRITE/component/Microchip/SolutionCore/DDR_AXI4_ARBITER_PF/2.2.0/RTL/video_axi_fifo.v (N/A, 2026-03-17 20:43:20) <-- (may instantiate this module)
                        /home/ahlemzenache/Documents/polarfire-soc-video-kit-reference-design (IMG_COMP_WRITE)/VKPFSOC_JPEG_WRITE/component/work/DDR_AXI4_ARBITER_PF_C0/DDR_AXI4_ARBITER_PF_C0.v (N/A, 2026-03-17 20:43:20) <-- (may instantiate this module)
                        /home/ahlemzenache/Documents/polarfire-soc-video-kit-reference-design (IMG_COMP_WRITE)/VKPFSOC_JPEG_WRITE/component/work/VKPFSOC_TOP/VKPFSOC_TOP.v (N/A, 2026-04-27 09:22:11) <-- (may instantiate this module)
                        /home/ahlemzenache/Documents/polarfire-soc-video-kit-reference-design (IMG_COMP_WRITE)/VKPFSOC_JPEG_WRITE/component/work/top_ddr_write/top_ddr_write.v (N/A, 2026-04-27 09:21:23) <-- (may instantiate this module)
112      work.ddr_rw_arbiter_C0_ddr_rw_arbiter_C0_0_corefifo_sync_scntr.verilog may have changed because the following files changed:
                        /home/ahlemzenache/Documents/polarfire-soc-video-kit-reference-design (IMG_COMP_WRITE)/VKPFSOC_JPEG_WRITE/component/Microchip/SolutionCore/DDR_AXI4_ARBITER_PF/2.2.0/RTL/DDR_AXI4_ARBITER_PF.v (N/A, 2026-03-17 20:43:20) <-- (may instantiate this module)
                        /home/ahlemzenache/Documents/polarfire-soc-video-kit-reference-design (IMG_COMP_WRITE)/VKPFSOC_JPEG_WRITE/component/Microchip/SolutionCore/DDR_AXI4_ARBITER_PF/2.2.0/RTL/DDR_AXI4_ARBITER_PF_Native.v (N/A, 2026-03-17 20:43:20) <-- (may instantiate this module)
                        /home/ahlemzenache/Documents/polarfire-soc-video-kit-reference-design (IMG_COMP_WRITE)/VKPFSOC_JPEG_WRITE/component/Microchip/SolutionCore/DDR_AXI4_ARBITER_PF/2.2.0/RTL/axi_lbus_corefifo_sync_scntr.v (N/A, 2026-03-17 20:43:20) <-- (module definition)
                        /home/ahlemzenache/Documents/polarfire-soc-video-kit-reference-design (IMG_COMP_WRITE)/VKPFSOC_JPEG_WRITE/component/Microchip/SolutionCore/DDR_AXI4_ARBITER_PF/2.2.0/RTL/ddr_rw_arbiter.v (N/A, 2026-03-17 20:43:20) <-- (may instantiate this module)
                        /home/ahlemzenache/Documents/polarfire-soc-video-kit-reference-design (IMG_COMP_WRITE)/VKPFSOC_JPEG_WRITE/component/Microchip/SolutionCore/DDR_AXI4_ARBITER_PF/2.2.0/RTL/video_axi_fifo.v (N/A, 2026-03-17 20:43:20) <-- (may instantiate this module)
                        /home/ahlemzenache/Documents/polarfire-soc-video-kit-reference-design (IMG_COMP_WRITE)/VKPFSOC_JPEG_WRITE/component/work/DDR_AXI4_ARBITER_PF_C0/DDR_AXI4_ARBITER_PF_C0.v (N/A, 2026-03-17 20:43:20) <-- (may instantiate this module)
                        /home/ahlemzenache/Documents/polarfire-soc-video-kit-reference-design (IMG_COMP_WRITE)/VKPFSOC_JPEG_WRITE/component/work/VKPFSOC_TOP/VKPFSOC_TOP.v (N/A, 2026-04-27 09:22:11) <-- (may instantiate this module)
                        /home/ahlemzenache/Documents/polarfire-soc-video-kit-reference-design (IMG_COMP_WRITE)/VKPFSOC_JPEG_WRITE/component/work/top_ddr_write/top_ddr_write.v (N/A, 2026-04-27 09:21:23) <-- (may instantiate this module)
113      work.ddr_rw_arbiter_C0_ddr_rw_arbiter_C0_0_ram_wrapper.verilog may have changed because the following files changed:
                        /home/ahlemzenache/Documents/polarfire-soc-video-kit-reference-design (IMG_COMP_WRITE)/VKPFSOC_JPEG_WRITE/component/Microchip/SolutionCore/DDR_AXI4_ARBITER_PF/2.2.0/RTL/DDR_AXI4_ARBITER_PF.v (N/A, 2026-03-17 20:43:20) <-- (may instantiate this module)
                        /home/ahlemzenache/Documents/polarfire-soc-video-kit-reference-design (IMG_COMP_WRITE)/VKPFSOC_JPEG_WRITE/component/Microchip/SolutionCore/DDR_AXI4_ARBITER_PF/2.2.0/RTL/DDR_AXI4_ARBITER_PF_Native.v (N/A, 2026-03-17 20:43:20) <-- (may instantiate this module)
                        /home/ahlemzenache/Documents/polarfire-soc-video-kit-reference-design (IMG_COMP_WRITE)/VKPFSOC_JPEG_WRITE/component/Microchip/SolutionCore/DDR_AXI4_ARBITER_PF/2.2.0/RTL/axi_lbus_ram_wrapper.v (N/A, 2026-03-17 20:43:20) <-- (module definition)
                        /home/ahlemzenache/Documents/polarfire-soc-video-kit-reference-design (IMG_COMP_WRITE)/VKPFSOC_JPEG_WRITE/component/Microchip/SolutionCore/DDR_AXI4_ARBITER_PF/2.2.0/RTL/ddr_rw_arbiter.v (N/A, 2026-03-17 20:43:20) <-- (may instantiate this module)
                        /home/ahlemzenache/Documents/polarfire-soc-video-kit-reference-design (IMG_COMP_WRITE)/VKPFSOC_JPEG_WRITE/component/Microchip/SolutionCore/DDR_AXI4_ARBITER_PF/2.2.0/RTL/video_axi_fifo.v (N/A, 2026-03-17 20:43:20) <-- (may instantiate this module)
                        /home/ahlemzenache/Documents/polarfire-soc-video-kit-reference-design (IMG_COMP_WRITE)/VKPFSOC_JPEG_WRITE/component/work/DDR_AXI4_ARBITER_PF_C0/DDR_AXI4_ARBITER_PF_C0.v (N/A, 2026-03-17 20:43:20) <-- (may instantiate this module)
                        /home/ahlemzenache/Documents/polarfire-soc-video-kit-reference-design (IMG_COMP_WRITE)/VKPFSOC_JPEG_WRITE/component/work/VKPFSOC_TOP/VKPFSOC_TOP.v (N/A, 2026-04-27 09:22:11) <-- (may instantiate this module)
                        /home/ahlemzenache/Documents/polarfire-soc-video-kit-reference-design (IMG_COMP_WRITE)/VKPFSOC_JPEG_WRITE/component/work/top_ddr_write/top_ddr_write.v (N/A, 2026-04-27 09:21:23) <-- (may instantiate this module)
114      work.ddr_rw_arbiter_C0_ddr_rw_arbiter_C0_0_video_axi_fifo.verilog may have changed because the following files changed:
                        /home/ahlemzenache/Documents/polarfire-soc-video-kit-reference-design (IMG_COMP_WRITE)/VKPFSOC_JPEG_WRITE/component/Microchip/SolutionCore/DDR_AXI4_ARBITER_PF/2.2.0/RTL/DDR_AXI4_ARBITER_PF.v (N/A, 2026-03-17 20:43:20) <-- (may instantiate this module)
                        /home/ahlemzenache/Documents/polarfire-soc-video-kit-reference-design (IMG_COMP_WRITE)/VKPFSOC_JPEG_WRITE/component/Microchip/SolutionCore/DDR_AXI4_ARBITER_PF/2.2.0/RTL/DDR_AXI4_ARBITER_PF_Native.v (N/A, 2026-03-17 20:43:20) <-- (may instantiate this module)
                        /home/ahlemzenache/Documents/polarfire-soc-video-kit-reference-design (IMG_COMP_WRITE)/VKPFSOC_JPEG_WRITE/component/Microchip/SolutionCore/DDR_AXI4_ARBITER_PF/2.2.0/RTL/ddr_rw_arbiter.v (N/A, 2026-03-17 20:43:20) <-- (may instantiate this module)
                        /home/ahlemzenache/Documents/polarfire-soc-video-kit-reference-design (IMG_COMP_WRITE)/VKPFSOC_JPEG_WRITE/component/Microchip/SolutionCore/DDR_AXI4_ARBITER_PF/2.2.0/RTL/video_axi_fifo.v (N/A, 2026-03-17 20:43:20) <-- (module definition)
                        /home/ahlemzenache/Documents/polarfire-soc-video-kit-reference-design (IMG_COMP_WRITE)/VKPFSOC_JPEG_WRITE/component/work/DDR_AXI4_ARBITER_PF_C0/DDR_AXI4_ARBITER_PF_C0.v (N/A, 2026-03-17 20:43:20) <-- (may instantiate this module)
                        /home/ahlemzenache/Documents/polarfire-soc-video-kit-reference-design (IMG_COMP_WRITE)/VKPFSOC_JPEG_WRITE/component/work/VKPFSOC_TOP/VKPFSOC_TOP.v (N/A, 2026-04-27 09:22:11) <-- (may instantiate this module)
                        /home/ahlemzenache/Documents/polarfire-soc-video-kit-reference-design (IMG_COMP_WRITE)/VKPFSOC_JPEG_WRITE/component/work/top_ddr_write/top_ddr_write.v (N/A, 2026-04-27 09:21:23) <-- (may instantiate this module)
115      work.ddr_write_controller_enc.verilog may have changed because the following files changed:
                        /home/ahlemzenache/Documents/polarfire-soc-video-kit-reference-design (IMG_COMP_WRITE)/VKPFSOC_JPEG_WRITE/component/work/DDR_WRITE_JPEG/DDR_WRITE_JPEG.v (N/A, 2026-03-17 20:43:25) <-- (may instantiate this module)
                        /home/ahlemzenache/Documents/polarfire-soc-video-kit-reference-design (IMG_COMP_WRITE)/VKPFSOC_JPEG_WRITE/component/work/VKPFSOC_TOP/VKPFSOC_TOP.v (N/A, 2026-04-27 09:22:11) <-- (may instantiate this module)
                        /home/ahlemzenache/Documents/polarfire-soc-video-kit-reference-design (IMG_COMP_WRITE)/VKPFSOC_JPEG_WRITE/component/work/top_ddr_write/top_ddr_write.v (N/A, 2026-04-27 09:21:23) <-- (may instantiate this module)
                        /home/ahlemzenache/Documents/polarfire-soc-video-kit-reference-design (IMG_COMP_WRITE)/VKPFSOC_JPEG_WRITE/hdl/ddr_write_controller_enc.v (N/A, 2026-06-07 12:39:13) <-- (module definition)
116      work.jls_encoder.verilog may have changed because the following files changed:
                        /home/ahlemzenache/Documents/polarfire-soc-video-kit-reference-design (IMG_COMP_WRITE)/VKPFSOC_JPEG_WRITE/component/work/VKPFSOC_TOP/VKPFSOC_TOP.v (N/A, 2026-04-27 09:22:11) <-- (may instantiate this module)
                        /home/ahlemzenache/Documents/polarfire-soc-video-kit-reference-design (IMG_COMP_WRITE)/VKPFSOC_JPEG_WRITE/component/work/top_ddr_write/top_ddr_write.v (N/A, 2026-04-27 09:21:23) <-- (may instantiate this module)
                        /home/ahlemzenache/Documents/polarfire-soc-video-kit-reference-design (IMG_COMP_WRITE)/VKPFSOC_JPEG_WRITE/hdl/jpeg_top.v (N/A, 2026-04-27 09:18:20) <-- (may instantiate this module)
                        /home/ahlemzenache/Documents/polarfire-soc-video-kit-reference-design (IMG_COMP_WRITE)/script_support/hdl/JPEG_WRITE/jls_encoder.v (N/A, 2026-02-23 13:35:20) <-- (module definition)
117      work.jpeg_control_fsm.verilog may have changed because the following files changed:
                        /home/ahlemzenache/Documents/polarfire-soc-video-kit-reference-design (IMG_COMP_WRITE)/VKPFSOC_JPEG_WRITE/component/work/VKPFSOC_TOP/VKPFSOC_TOP.v (N/A, 2026-04-27 09:22:11) <-- (may instantiate this module)
                        /home/ahlemzenache/Documents/polarfire-soc-video-kit-reference-design (IMG_COMP_WRITE)/VKPFSOC_JPEG_WRITE/component/work/top_ddr_write/top_ddr_write.v (N/A, 2026-04-27 09:21:23) <-- (may instantiate this module)
                        /home/ahlemzenache/Documents/polarfire-soc-video-kit-reference-design (IMG_COMP_WRITE)/VKPFSOC_JPEG_WRITE/hdl/jpeg_top.v (N/A, 2026-04-27 09:18:20) <-- (may instantiate this module)
                        /home/ahlemzenache/Documents/polarfire-soc-video-kit-reference-design (IMG_COMP_WRITE)/script_support/hdl/JPEG_WRITE/jpeg_control_fsm.v (N/A, 2026-03-10 11:12:04) <-- (module definition)
118      work.jpeg_top.verilog may have changed because the following files changed:
                        /home/ahlemzenache/Documents/polarfire-soc-video-kit-reference-design (IMG_COMP_WRITE)/VKPFSOC_JPEG_WRITE/component/work/VKPFSOC_TOP/VKPFSOC_TOP.v (N/A, 2026-04-27 09:22:11) <-- (may instantiate this module)
                        /home/ahlemzenache/Documents/polarfire-soc-video-kit-reference-design (IMG_COMP_WRITE)/VKPFSOC_JPEG_WRITE/component/work/top_ddr_write/top_ddr_write.v (N/A, 2026-04-27 09:21:23) <-- (may instantiate this module)
                        /home/ahlemzenache/Documents/polarfire-soc-video-kit-reference-design (IMG_COMP_WRITE)/VKPFSOC_JPEG_WRITE/hdl/jpeg_top.v (N/A, 2026-04-27 09:18:20) <-- (module definition)
119      work.ram2port.ram2port may have changed because the following files changed:
                        /home/ahlemzenache/Documents/polarfire-soc-video-kit-reference-design (IMG_COMP_WRITE)/VKPFSOC_JPEG_WRITE/component/work/DDR_WRITE_JPEG/DDR_WRITE_JPEG.v (N/A, 2026-03-17 20:43:25) <-- (may instantiate this module)
                        /home/ahlemzenache/Documents/polarfire-soc-video-kit-reference-design (IMG_COMP_WRITE)/VKPFSOC_JPEG_WRITE/component/work/VKPFSOC_TOP/VKPFSOC_TOP.v (N/A, 2026-04-27 09:22:11) <-- (may instantiate this module)
                        /home/ahlemzenache/Documents/polarfire-soc-video-kit-reference-design (IMG_COMP_WRITE)/VKPFSOC_JPEG_WRITE/component/work/top_ddr_write/top_ddr_write.v (N/A, 2026-04-27 09:21:23) <-- (may instantiate this module)
                        /home/ahlemzenache/Documents/polarfire-soc-video-kit-reference-design (IMG_COMP_WRITE)/VKPFSOC_JPEG_WRITE/hdl/ram2port.vhd (N/A, 2026-03-17 20:43:08) <-- (architecture and entity definition)
                        /home/ahlemzenache/Documents/polarfire-soc-video-kit-reference-design (IMG_COMP_WRITE)/VKPFSOC_JPEG_WRITE/hdl/video_fifo.vhd (N/A, 2026-03-17 20:43:08) <-- (may instantiate this module)
121      work.ram8bit_input.verilog may have changed because the following files changed:
                        /home/ahlemzenache/Documents/polarfire-soc-video-kit-reference-design (IMG_COMP_WRITE)/VKPFSOC_JPEG_WRITE/component/work/VKPFSOC_TOP/VKPFSOC_TOP.v (N/A, 2026-04-27 09:22:11) <-- (may instantiate this module)
                        /home/ahlemzenache/Documents/polarfire-soc-video-kit-reference-design (IMG_COMP_WRITE)/VKPFSOC_JPEG_WRITE/component/work/top_ddr_write/top_ddr_write.v (N/A, 2026-04-27 09:21:23) <-- (may instantiate this module)
                        /home/ahlemzenache/Documents/polarfire-soc-video-kit-reference-design (IMG_COMP_WRITE)/script_support/hdl/JPEG_WRITE/ram8bit_input.v (N/A, 2026-03-10 10:58:55) <-- (module definition)
122      work.read_demux.read_demux may have changed because the following files changed:
                        /home/ahlemzenache/Documents/polarfire-soc-video-kit-reference-design (IMG_COMP_WRITE)/VKPFSOC_JPEG_WRITE/component/Microchip/SolutionCore/DDR_AXI4_ARBITER_PF/2.2.0/RTL/DDR_AXI4_ARBITER_PF.v (N/A, 2026-03-17 20:43:20) <-- (may instantiate this module)
                        /home/ahlemzenache/Documents/polarfire-soc-video-kit-reference-design (IMG_COMP_WRITE)/VKPFSOC_JPEG_WRITE/component/Microchip/SolutionCore/DDR_AXI4_ARBITER_PF/2.2.0/RTL/DDR_AXI4_ARBITER_PF_Native.v (N/A, 2026-03-17 20:43:20) <-- (may instantiate this module)
                        /home/ahlemzenache/Documents/polarfire-soc-video-kit-reference-design (IMG_COMP_WRITE)/VKPFSOC_JPEG_WRITE/component/Microchip/SolutionCore/DDR_AXI4_ARBITER_PF/2.2.0/RTL/read_demux.vhd (N/A, 2026-03-17 20:43:20) <-- (architecture and entity definition)
                        /home/ahlemzenache/Documents/polarfire-soc-video-kit-reference-design (IMG_COMP_WRITE)/VKPFSOC_JPEG_WRITE/component/Microchip/SolutionCore/DDR_AXI4_ARBITER_PF/2.2.0/RTL/read_top.v (N/A, 2026-03-17 20:43:20) <-- (may instantiate this module)
                        /home/ahlemzenache/Documents/polarfire-soc-video-kit-reference-design (IMG_COMP_WRITE)/VKPFSOC_JPEG_WRITE/component/work/DDR_AXI4_ARBITER_PF_C0/DDR_AXI4_ARBITER_PF_C0.v (N/A, 2026-03-17 20:43:20) <-- (may instantiate this module)
                        /home/ahlemzenache/Documents/polarfire-soc-video-kit-reference-design (IMG_COMP_WRITE)/VKPFSOC_JPEG_WRITE/component/work/VKPFSOC_TOP/VKPFSOC_TOP.v (N/A, 2026-04-27 09:22:11) <-- (may instantiate this module)
                        /home/ahlemzenache/Documents/polarfire-soc-video-kit-reference-design (IMG_COMP_WRITE)/VKPFSOC_JPEG_WRITE/component/work/top_ddr_write/top_ddr_write.v (N/A, 2026-04-27 09:21:23) <-- (may instantiate this module)
124      work.read_mux.read_mux may have changed because the following files changed:
                        /home/ahlemzenache/Documents/polarfire-soc-video-kit-reference-design (IMG_COMP_WRITE)/VKPFSOC_JPEG_WRITE/component/Microchip/SolutionCore/DDR_AXI4_ARBITER_PF/2.2.0/RTL/DDR_AXI4_ARBITER_PF.v (N/A, 2026-03-17 20:43:20) <-- (may instantiate this module)
                        /home/ahlemzenache/Documents/polarfire-soc-video-kit-reference-design (IMG_COMP_WRITE)/VKPFSOC_JPEG_WRITE/component/Microchip/SolutionCore/DDR_AXI4_ARBITER_PF/2.2.0/RTL/DDR_AXI4_ARBITER_PF_Native.v (N/A, 2026-03-17 20:43:20) <-- (may instantiate this module)
                        /home/ahlemzenache/Documents/polarfire-soc-video-kit-reference-design (IMG_COMP_WRITE)/VKPFSOC_JPEG_WRITE/component/Microchip/SolutionCore/DDR_AXI4_ARBITER_PF/2.2.0/RTL/read_mux.vhd (N/A, 2026-03-17 20:43:20) <-- (architecture and entity definition)
                        /home/ahlemzenache/Documents/polarfire-soc-video-kit-reference-design (IMG_COMP_WRITE)/VKPFSOC_JPEG_WRITE/component/Microchip/SolutionCore/DDR_AXI4_ARBITER_PF/2.2.0/RTL/read_top.v (N/A, 2026-03-17 20:43:20) <-- (may instantiate this module)
                        /home/ahlemzenache/Documents/polarfire-soc-video-kit-reference-design (IMG_COMP_WRITE)/VKPFSOC_JPEG_WRITE/component/work/DDR_AXI4_ARBITER_PF_C0/DDR_AXI4_ARBITER_PF_C0.v (N/A, 2026-03-17 20:43:20) <-- (may instantiate this module)
                        /home/ahlemzenache/Documents/polarfire-soc-video-kit-reference-design (IMG_COMP_WRITE)/VKPFSOC_JPEG_WRITE/component/work/VKPFSOC_TOP/VKPFSOC_TOP.v (N/A, 2026-04-27 09:22:11) <-- (may instantiate this module)
                        /home/ahlemzenache/Documents/polarfire-soc-video-kit-reference-design (IMG_COMP_WRITE)/VKPFSOC_JPEG_WRITE/component/work/top_ddr_write/top_ddr_write.v (N/A, 2026-04-27 09:21:23) <-- (may instantiate this module)
126      work.read_top.verilog may have changed because the following files changed:
                        /home/ahlemzenache/Documents/polarfire-soc-video-kit-reference-design (IMG_COMP_WRITE)/VKPFSOC_JPEG_WRITE/component/Microchip/SolutionCore/DDR_AXI4_ARBITER_PF/2.2.0/RTL/DDR_AXI4_ARBITER_PF.v (N/A, 2026-03-17 20:43:20) <-- (may instantiate this module)
                        /home/ahlemzenache/Documents/polarfire-soc-video-kit-reference-design (IMG_COMP_WRITE)/VKPFSOC_JPEG_WRITE/component/Microchip/SolutionCore/DDR_AXI4_ARBITER_PF/2.2.0/RTL/DDR_AXI4_ARBITER_PF_Native.v (N/A, 2026-03-17 20:43:20) <-- (may instantiate this module)
                        /home/ahlemzenache/Documents/polarfire-soc-video-kit-reference-design (IMG_COMP_WRITE)/VKPFSOC_JPEG_WRITE/component/Microchip/SolutionCore/DDR_AXI4_ARBITER_PF/2.2.0/RTL/read_top.v (N/A, 2026-03-17 20:43:20) <-- (module definition)
                        /home/ahlemzenache/Documents/polarfire-soc-video-kit-reference-design (IMG_COMP_WRITE)/VKPFSOC_JPEG_WRITE/component/work/DDR_AXI4_ARBITER_PF_C0/DDR_AXI4_ARBITER_PF_C0.v (N/A, 2026-03-17 20:43:20) <-- (may instantiate this module)
                        /home/ahlemzenache/Documents/polarfire-soc-video-kit-reference-design (IMG_COMP_WRITE)/VKPFSOC_JPEG_WRITE/component/work/VKPFSOC_TOP/VKPFSOC_TOP.v (N/A, 2026-04-27 09:22:11) <-- (may instantiate this module)
                        /home/ahlemzenache/Documents/polarfire-soc-video-kit-reference-design (IMG_COMP_WRITE)/VKPFSOC_JPEG_WRITE/component/work/top_ddr_write/top_ddr_write.v (N/A, 2026-04-27 09:21:23) <-- (may instantiate this module)
127      work.request_scheduler.request_scheduler may have changed because the following files changed:
                        /home/ahlemzenache/Documents/polarfire-soc-video-kit-reference-design (IMG_COMP_WRITE)/VKPFSOC_JPEG_WRITE/component/Microchip/SolutionCore/DDR_AXI4_ARBITER_PF/2.2.0/RTL/DDR_AXI4_ARBITER_PF.v (N/A, 2026-03-17 20:43:20) <-- (may instantiate this module)
                        /home/ahlemzenache/Documents/polarfire-soc-video-kit-reference-design (IMG_COMP_WRITE)/VKPFSOC_JPEG_WRITE/component/Microchip/SolutionCore/DDR_AXI4_ARBITER_PF/2.2.0/RTL/DDR_AXI4_ARBITER_PF_Native.v (N/A, 2026-03-17 20:43:20) <-- (may instantiate this module)
                        /home/ahlemzenache/Documents/polarfire-soc-video-kit-reference-design (IMG_COMP_WRITE)/VKPFSOC_JPEG_WRITE/component/Microchip/SolutionCore/DDR_AXI4_ARBITER_PF/2.2.0/RTL/read_top.v (N/A, 2026-03-17 20:43:20) <-- (may instantiate this module)
                        /home/ahlemzenache/Documents/polarfire-soc-video-kit-reference-design (IMG_COMP_WRITE)/VKPFSOC_JPEG_WRITE/component/Microchip/SolutionCore/DDR_AXI4_ARBITER_PF/2.2.0/RTL/request_scheduler.vhd (N/A, 2026-03-17 20:43:20) <-- (architecture and entity definition)
                        /home/ahlemzenache/Documents/polarfire-soc-video-kit-reference-design (IMG_COMP_WRITE)/VKPFSOC_JPEG_WRITE/component/Microchip/SolutionCore/DDR_AXI4_ARBITER_PF/2.2.0/RTL/write_top.v (N/A, 2026-03-17 20:43:20) <-- (may instantiate this module)
                        /home/ahlemzenache/Documents/polarfire-soc-video-kit-reference-design (IMG_COMP_WRITE)/VKPFSOC_JPEG_WRITE/component/work/DDR_AXI4_ARBITER_PF_C0/DDR_AXI4_ARBITER_PF_C0.v (N/A, 2026-03-17 20:43:20) <-- (may instantiate this module)
                        /home/ahlemzenache/Documents/polarfire-soc-video-kit-reference-design (IMG_COMP_WRITE)/VKPFSOC_JPEG_WRITE/component/work/VKPFSOC_TOP/VKPFSOC_TOP.v (N/A, 2026-04-27 09:22:11) <-- (may instantiate this module)
                        /home/ahlemzenache/Documents/polarfire-soc-video-kit-reference-design (IMG_COMP_WRITE)/VKPFSOC_JPEG_WRITE/component/work/top_ddr_write/top_ddr_write.v (N/A, 2026-04-27 09:21:23) <-- (may instantiate this module)
129      work.top_ddr_write.verilog may have changed because the following files changed:
                        /home/ahlemzenache/Documents/polarfire-soc-video-kit-reference-design (IMG_COMP_WRITE)/VKPFSOC_JPEG_WRITE/component/work/VKPFSOC_TOP/VKPFSOC_TOP.v (N/A, 2026-04-27 09:22:11) <-- (may instantiate this module)
                        /home/ahlemzenache/Documents/polarfire-soc-video-kit-reference-design (IMG_COMP_WRITE)/VKPFSOC_JPEG_WRITE/component/work/top_ddr_write/top_ddr_write.v (N/A, 2026-04-27 09:21:23) <-- (module definition)
131      work.video_fifo.video_fifo may have changed because the following files changed:
                        /home/ahlemzenache/Documents/polarfire-soc-video-kit-reference-design (IMG_COMP_WRITE)/VKPFSOC_JPEG_WRITE/component/work/DDR_WRITE_JPEG/DDR_WRITE_JPEG.v (N/A, 2026-03-17 20:43:25) <-- (may instantiate this module)
                        /home/ahlemzenache/Documents/polarfire-soc-video-kit-reference-design (IMG_COMP_WRITE)/VKPFSOC_JPEG_WRITE/component/work/VKPFSOC_TOP/VKPFSOC_TOP.v (N/A, 2026-04-27 09:22:11) <-- (may instantiate this module)
                        /home/ahlemzenache/Documents/polarfire-soc-video-kit-reference-design (IMG_COMP_WRITE)/VKPFSOC_JPEG_WRITE/component/work/top_ddr_write/top_ddr_write.v (N/A, 2026-04-27 09:21:23) <-- (may instantiate this module)
                        /home/ahlemzenache/Documents/polarfire-soc-video-kit-reference-design (IMG_COMP_WRITE)/VKPFSOC_JPEG_WRITE/hdl/video_fifo.vhd (N/A, 2026-03-17 20:43:08) <-- (architecture and entity definition)
133      work.write_demux.write_demux may have changed because the following files changed:
                        /home/ahlemzenache/Documents/polarfire-soc-video-kit-reference-design (IMG_COMP_WRITE)/VKPFSOC_JPEG_WRITE/component/Microchip/SolutionCore/DDR_AXI4_ARBITER_PF/2.2.0/RTL/DDR_AXI4_ARBITER_PF.v (N/A, 2026-03-17 20:43:20) <-- (may instantiate this module)
                        /home/ahlemzenache/Documents/polarfire-soc-video-kit-reference-design (IMG_COMP_WRITE)/VKPFSOC_JPEG_WRITE/component/Microchip/SolutionCore/DDR_AXI4_ARBITER_PF/2.2.0/RTL/DDR_AXI4_ARBITER_PF_Native.v (N/A, 2026-03-17 20:43:20) <-- (may instantiate this module)
                        /home/ahlemzenache/Documents/polarfire-soc-video-kit-reference-design (IMG_COMP_WRITE)/VKPFSOC_JPEG_WRITE/component/Microchip/SolutionCore/DDR_AXI4_ARBITER_PF/2.2.0/RTL/write_demux.vhd (N/A, 2026-03-17 20:43:20) <-- (architecture and entity definition)
                        /home/ahlemzenache/Documents/polarfire-soc-video-kit-reference-design (IMG_COMP_WRITE)/VKPFSOC_JPEG_WRITE/component/Microchip/SolutionCore/DDR_AXI4_ARBITER_PF/2.2.0/RTL/write_top.v (N/A, 2026-03-17 20:43:20) <-- (may instantiate this module)
                        /home/ahlemzenache/Documents/polarfire-soc-video-kit-reference-design (IMG_COMP_WRITE)/VKPFSOC_JPEG_WRITE/component/work/DDR_AXI4_ARBITER_PF_C0/DDR_AXI4_ARBITER_PF_C0.v (N/A, 2026-03-17 20:43:20) <-- (may instantiate this module)
                        /home/ahlemzenache/Documents/polarfire-soc-video-kit-reference-design (IMG_COMP_WRITE)/VKPFSOC_JPEG_WRITE/component/work/VKPFSOC_TOP/VKPFSOC_TOP.v (N/A, 2026-04-27 09:22:11) <-- (may instantiate this module)
                        /home/ahlemzenache/Documents/polarfire-soc-video-kit-reference-design (IMG_COMP_WRITE)/VKPFSOC_JPEG_WRITE/component/work/top_ddr_write/top_ddr_write.v (N/A, 2026-04-27 09:21:23) <-- (may instantiate this module)
135      work.write_mux.write_mux may have changed because the following files changed:
                        /home/ahlemzenache/Documents/polarfire-soc-video-kit-reference-design (IMG_COMP_WRITE)/VKPFSOC_JPEG_WRITE/component/Microchip/SolutionCore/DDR_AXI4_ARBITER_PF/2.2.0/RTL/DDR_AXI4_ARBITER_PF.v (N/A, 2026-03-17 20:43:20) <-- (may instantiate this module)
                        /home/ahlemzenache/Documents/polarfire-soc-video-kit-reference-design (IMG_COMP_WRITE)/VKPFSOC_JPEG_WRITE/component/Microchip/SolutionCore/DDR_AXI4_ARBITER_PF/2.2.0/RTL/DDR_AXI4_ARBITER_PF_Native.v (N/A, 2026-03-17 20:43:20) <-- (may instantiate this module)
                        /home/ahlemzenache/Documents/polarfire-soc-video-kit-reference-design (IMG_COMP_WRITE)/VKPFSOC_JPEG_WRITE/component/Microchip/SolutionCore/DDR_AXI4_ARBITER_PF/2.2.0/RTL/write_mux.vhd (N/A, 2026-03-17 20:43:20) <-- (architecture and entity definition)
                        /home/ahlemzenache/Documents/polarfire-soc-video-kit-reference-design (IMG_COMP_WRITE)/VKPFSOC_JPEG_WRITE/component/Microchip/SolutionCore/DDR_AXI4_ARBITER_PF/2.2.0/RTL/write_top.v (N/A, 2026-03-17 20:43:20) <-- (may instantiate this module)
                        /home/ahlemzenache/Documents/polarfire-soc-video-kit-reference-design (IMG_COMP_WRITE)/VKPFSOC_JPEG_WRITE/component/work/DDR_AXI4_ARBITER_PF_C0/DDR_AXI4_ARBITER_PF_C0.v (N/A, 2026-03-17 20:43:20) <-- (may instantiate this module)
                        /home/ahlemzenache/Documents/polarfire-soc-video-kit-reference-design (IMG_COMP_WRITE)/VKPFSOC_JPEG_WRITE/component/work/VKPFSOC_TOP/VKPFSOC_TOP.v (N/A, 2026-04-27 09:22:11) <-- (may instantiate this module)
                        /home/ahlemzenache/Documents/polarfire-soc-video-kit-reference-design (IMG_COMP_WRITE)/VKPFSOC_JPEG_WRITE/component/work/top_ddr_write/top_ddr_write.v (N/A, 2026-04-27 09:21:23) <-- (may instantiate this module)
136      work.write_top.verilog may have changed because the following files changed:
                        /home/ahlemzenache/Documents/polarfire-soc-video-kit-reference-design (IMG_COMP_WRITE)/VKPFSOC_JPEG_WRITE/component/Microchip/SolutionCore/DDR_AXI4_ARBITER_PF/2.2.0/RTL/DDR_AXI4_ARBITER_PF.v (N/A, 2026-03-17 20:43:20) <-- (may instantiate this module)
                        /home/ahlemzenache/Documents/polarfire-soc-video-kit-reference-design (IMG_COMP_WRITE)/VKPFSOC_JPEG_WRITE/component/Microchip/SolutionCore/DDR_AXI4_ARBITER_PF/2.2.0/RTL/DDR_AXI4_ARBITER_PF_Native.v (N/A, 2026-03-17 20:43:20) <-- (may instantiate this module)
                        /home/ahlemzenache/Documents/polarfire-soc-video-kit-reference-design (IMG_COMP_WRITE)/VKPFSOC_JPEG_WRITE/component/Microchip/SolutionCore/DDR_AXI4_ARBITER_PF/2.2.0/RTL/write_top.v (N/A, 2026-03-17 20:43:20) <-- (module definition)
                        /home/ahlemzenache/Documents/polarfire-soc-video-kit-reference-design (IMG_COMP_WRITE)/VKPFSOC_JPEG_WRITE/component/work/DDR_AXI4_ARBITER_PF_C0/DDR_AXI4_ARBITER_PF_C0.v (N/A, 2026-03-17 20:43:20) <-- (may instantiate this module)
                        /home/ahlemzenache/Documents/polarfire-soc-video-kit-reference-design (IMG_COMP_WRITE)/VKPFSOC_JPEG_WRITE/component/work/VKPFSOC_TOP/VKPFSOC_TOP.v (N/A, 2026-04-27 09:22:11) <-- (may instantiate this module)
                        /home/ahlemzenache/Documents/polarfire-soc-video-kit-reference-design (IMG_COMP_WRITE)/VKPFSOC_JPEG_WRITE/component/work/top_ddr_write/top_ddr_write.v (N/A, 2026-04-27 09:21:23) <-- (may instantiate this module)

*******************************************************************
Unmodified files: 0
FID:  path (timestamp)

*******************************************************************
Unchanged modules: 0
MID:  lib.cell.view
